{"stars":[{"id":"demo-star","ra_deg":15,"dec_deg":20,"plx_mas":200,"pmra_masyr":5,"pmdec_masyr":-3,"rv_kms":20,"epoch_mjd":57388,"source":"nearby-stars.csv","hr":"G","pos_m":[140042907188583470,37563954294798900,52748850369839760],"vel_kms":[-92.4143187577204,-107.50649200505096,-69.00374089179248]}],"meta":{"epochMs":1774123609967,"radiusPc":50,"bounds_m":{"min":[140042907188583470,37563954294798900,52748850369839760],"max":[140042907188583470,37563954294798900,52748850369839760]},"density_per_pc3":0.000001909859317102744,"velocityAvg_kms":[-92.4143187577204,-107.50649200505096,-69.00374089179248],"velocityDisp_kms":[0,0,0],"total":1,"solarPeculiar_kms":[11.1,12.24,7.25],"source":"nearby-stars.csv"},"page":1,"perPage":1}