{"stars":[{"id":"proxima","hip":70890,"gaia":"Gaia DR3 5853498713190525696","ra_deg":217.4292,"dec_deg":-62.6795,"plx_mas":768.5,"pmra_masyr":3775.8,"pmdec_masyr":765.5,"rv_kms":-22.3,"epoch_mjd":57388,"source":"nearby-stars.csv","hr":"M","absMag":15.5,"feh":-0.01,"pos_m":[-14634115971792912,-11200448790411774,-35673126004947148],"vel_kms":[16712.538107968274,16332.615256931169,-4241.598761318038]},{"id":"alpha-cen-a","hip":71683,"gaia":"Gaia DR3 5853498713190525696","ra_deg":219.9021,"dec_deg":-60.8339,"plx_mas":747.17,"pmra_masyr":-3619.4,"pmdec_masyr":686.1,"rv_kms":-22.4,"epoch_mjd":57388,"source":"nearby-stars.csv","hr":"M","absMag":4.38,"feh":0.24,"pos_m":[-15439793705484920,-12910632907738526,-36062024625618580],"vel_kms":[-13342.179618098708,-13882.893395262008,13265.276294392906]},{"id":"barnard","hip":87937,"gaia":"Gaia DR3 4503815905680703360","ra_deg":269.4521,"dec_deg":4.6934,"plx_mas":548.3,"pmra_masyr":-802.9,"pmdec_masyr":10362.4,"rv_kms":-110.6,"epoch_mjd":57388,"source":"nearby-stars.csv","hr":"M","absMag":13.2,"feh":-0.4,"pos_m":[-536346725105043.56,-56085904344254810,4604807005387396],"vel_kms":[-49388.363124784446,59945.41096322316,45177.70406182244]}],"meta":{"epochMs":1451606400000,"radiusPc":6,"bounds_m":{"min":[-15439793705484920,-56085904344254810,-36062024625618580],"max":[-536346725105043.56,-11200448790411774,4604807005387396]},"density_per_pc3":0.0033157279810811535,"velocityAvg_kms":[-15339.334878304959,20798.37760829744,18067.127198299102],"velocityDisp_kms":[27022.50614821603,30305.246038119545,20459.06811104917],"total":3,"solarPeculiar_kms":[11.1,12.24,7.25],"source":"nearby-stars.csv"},"page":1,"perPage":3}