{"stars":[{"id":"demo-star","ra_deg":15,"dec_deg":20,"plx_mas":200,"pmra_masyr":5,"pmdec_masyr":-3,"rv_kms":20,"epoch_mjd":57388,"source":"nearby-stars.csv","hr":"G","pos_m":[140042876533467470,37563603277019550,52749017949995816],"vel_kms":[-88.3243187577204,-105.39649200505096,-66.70374089179248]}],"meta":{"epochMs":1771329600000,"radiusPc":50,"bounds_m":{"min":[140042876533467470,37563603277019550,52749017949995816],"max":[140042876533467470,37563603277019550,52749017949995816]},"density_per_pc3":0.000001909859317102744,"velocityAvg_kms":[-88.3243187577204,-105.39649200505096,-66.70374089179248],"velocityDisp_kms":[0,0,0],"total":1,"solarPeculiar_kms":[7.01,10.13,4.95],"source":"nearby-stars.csv"},"page":1,"perPage":1}