{"stars":[{"id":"proxima","hip":70890,"gaia":"Gaia DR3 5853498713190525696","ra_deg":217.4292,"dec_deg":-62.6795,"plx_mas":768.5,"pmra_masyr":3775.8,"pmdec_masyr":765.5,"rv_kms":-22.3,"epoch_mjd":57388,"source":"nearby-stars.csv","hr":"M","absMag":15.5,"feh":-0.01,"pos_m":[-11253348288939192,-17766654864299656,-34990557380850428],"vel_kms":[16712.518223936087,16332.63146897382,-4241.598761318038]},{"id":"alpha-cen-a","hip":71683,"gaia":"Gaia DR3 5853498713190525696","ra_deg":219.9021,"dec_deg":-60.8339,"plx_mas":747.17,"pmra_masyr":-3619.4,"pmdec_masyr":686.1,"rv_kms":-22.4,"epoch_mjd":57388,"source":"nearby-stars.csv","hr":"M","absMag":4.38,"feh":0.24,"pos_m":[-20944618932235130,-8171452810401839,-35393835134760964],"vel_kms":[-13342.200087201469,-13882.877994339337,13265.276294392906]},{"id":"barnard","hip":87937,"gaia":"Gaia DR3 4503815905680703360","ra_deg":269.4521,"dec_deg":4.6934,"plx_mas":548.3,"pmra_masyr":-802.9,"pmdec_masyr":10362.4,"rv_kms":-110.6,"epoch_mjd":57388,"source":"nearby-stars.csv","hr":"M","absMag":13.2,"feh":-0.4,"pos_m":[-2680517886752592.5,-53743017326235750,32469242337343570],"vel_kms":[-49388.33922114768,59945.41931579513,45177.70406182244]}],"meta":{"epochMs":1763703311637,"radiusPc":50,"bounds_m":{"min":[-20944618932235130,-53743017326235750,-35393835134760964],"max":[-2680517886752592.5,-8171452810401839,32469242337343570]},"density_per_pc3":0.000005729577951308233,"velocityAvg_kms":[-15339.34036147102,20798.390930143203,18067.127198299102],"velocityDisp_kms":[27022.487742621004,30305.242963357236,20459.06811104917],"total":3,"solarPeculiar_kms":[11.1,12.24,7.25],"oort":{"A":15.3,"B":-11.9},"source":"nearby-stars.csv"},"page":1,"perPage":3}