{"stars":[{"id":"demo-star","ra_deg":15,"dec_deg":20,"plx_mas":200,"pmra_masyr":5,"pmdec_masyr":-3,"rv_kms":20,"epoch_mjd":57388,"source":"nearby-stars.csv","hr":"G","pos_m":[140042924457677500,37564152035334070,52748755966103850],"vel_kms":[-92.4143187577204,-107.50649200505096,-69.00374089179248]}],"meta":{"epochMs":1775697573050,"radiusPc":50,"bounds_m":{"min":[140042924457677500,37564152035334070,52748755966103850],"max":[140042924457677500,37564152035334070,52748755966103850]},"density_per_pc3":0.000001909859317102744,"velocityAvg_kms":[-92.4143187577204,-107.50649200505096,-69.00374089179248],"velocityDisp_kms":[0,0,0],"total":1,"solarPeculiar_kms":[11.1,12.24,7.25],"source":"nearby-stars.csv"},"page":1,"perPage":1}