{
  "artifactId": "nhm2_source_closure",
  "schemaVersion": "nhm2_source_closure/v2",
  "status": "fail",
  "completeness": "complete",
  "reasonCodes": [
    "tensor_residual_exceeded"
  ],
  "comparedComponents": [
    "T00",
    "T11",
    "T22",
    "T33"
  ],
  "tensorRefs": {
    "metricRequired": "artifacts/research/full-solve/selected-family/nhm2-shift-lapse/nhm2-source-closure-metric-required-tensor-latest.json",
    "tileEffective": "artifacts/research/full-solve/selected-family/nhm2-shift-lapse/nhm2-source-closure-tile-effective-tensor-latest.json"
  },
  "tensors": {
    "metricRequired": {
      "T00": -58267450.98955891,
      "T11": 58267450.98955891,
      "T22": 58267450.98955891,
      "T33": 58267450.98955891
    },
    "tileEffective": {
      "T00": -58267450.96267209,
      "T11": 58267450.96267209,
      "T22": 58267450.96267209,
      "T33": 58267450.96267209
    }
  },
  "residualComponents": {
    "T00": {
      "metricRequired": -58267450.98955891,
      "tileEffective": -58267450.96267209,
      "absResidual": 0.026886820793151855,
      "relResidual": 4.6143808140791624e-10
    },
    "T11": {
      "metricRequired": 58267450.98955891,
      "tileEffective": 58267450.96267209,
      "absResidual": 0.026886820793151855,
      "relResidual": 4.6143808140791624e-10
    },
    "T22": {
      "metricRequired": 58267450.98955891,
      "tileEffective": 58267450.96267209,
      "absResidual": 0.026886820793151855,
      "relResidual": 4.6143808140791624e-10
    },
    "T33": {
      "metricRequired": 58267450.98955891,
      "tileEffective": 58267450.96267209,
      "absResidual": 0.026886820793151855,
      "relResidual": 4.6143808140791624e-10
    }
  },
  "residualNorms": {
    "absL1": 0.10754728317260742,
    "absL2": 0.05377364158630371,
    "absLInf": 0.026886820793151855,
    "relL1": 1.845752325631665e-9,
    "relL2": 9.228761628158325e-10,
    "relLInf": 4.6143808140791624e-10,
    "toleranceRelLInf": 0.1,
    "pass": true
  },
  "regionComparisons": {
    "status": "available",
    "requiredRegionIds": [
      "hull",
      "wall",
      "exterior_shell"
    ],
    "regions": [
      {
        "regionId": "hull",
        "comparisonBasisStatus": "same_basis",
        "status": "fail",
        "completeness": "complete",
        "metricTensorRef": "artifacts/research/full-solve/selected-family/nhm2-shift-lapse/nhm2-source-closure-metric-required-tensor-hull-latest.json",
        "tileTensorRef": "artifacts/research/full-solve/selected-family/nhm2-shift-lapse/nhm2-source-closure-tile-effective-tensor-hull-latest.json",
        "metricRequiredTensor": {
          "T00": -733553902.6786809,
          "T11": 733553902.6786809,
          "T22": 733553902.6786809,
          "T33": 733553902.6786809
        },
        "tileEffectiveTensor": {
          "T00": -54691.28816794322,
          "T11": 54691.28816794322,
          "T22": 54691.28816794322,
          "T33": 54691.28816794322
        },
        "sampleCount": 1096760,
        "residualComponents": {
          "T00": {
            "metricRequired": -733553902.6786809,
            "tileEffective": -54691.28816794322,
            "absResidual": 733499211.390513,
            "relResidual": 0.9999254433955457
          },
          "T11": {
            "metricRequired": 733553902.6786809,
            "tileEffective": 54691.28816794322,
            "absResidual": 733499211.390513,
            "relResidual": 0.9999254433955457
          },
          "T22": {
            "metricRequired": 733553902.6786809,
            "tileEffective": 54691.28816794322,
            "absResidual": 733499211.390513,
            "relResidual": 0.9999254433955457
          },
          "T33": {
            "metricRequired": 733553902.6786809,
            "tileEffective": 54691.28816794322,
            "absResidual": 733499211.390513,
            "relResidual": 0.9999254433955457
          }
        },
        "residualNorms": {
          "absL1": 2933996845.562052,
          "absL2": 1466998422.781026,
          "absLInf": 733499211.390513,
          "relL1": 3.9997017735821827,
          "relL2": 1.9998508867910914,
          "relLInf": 0.9999254433955457,
          "toleranceRelLInf": 0.1,
          "pass": false
        },
        "note": "inside-hull sampled mean; T11/T22/T33 follow the brick pressure proxy Same-basis regional closure compares selected-profile integral metric-required and tile-effective diagonal tensors over the shared GR matter brick region mask."
      },
      {
        "regionId": "wall",
        "comparisonBasisStatus": "same_basis",
        "status": "fail",
        "completeness": "complete",
        "metricTensorRef": "artifacts/research/full-solve/selected-family/nhm2-shift-lapse/nhm2-source-closure-metric-required-tensor-wall-latest.json",
        "tileTensorRef": "artifacts/research/full-solve/selected-family/nhm2-shift-lapse/nhm2-source-closure-tile-effective-tensor-wall-latest.json",
        "metricRequiredTensor": {
          "T00": -1699539201.2526472,
          "T11": 1699539201.2526472,
          "T22": 1699539201.2526472,
          "T33": 1699539201.2526472
        },
        "tileEffectiveTensor": {
          "T00": -88605568.92269962,
          "T11": 88605568.92269962,
          "T22": 88605568.92269962,
          "T33": 88605568.92269962
        },
        "sampleCount": 3352,
        "residualComponents": {
          "T00": {
            "metricRequired": -1699539201.2526472,
            "tileEffective": -88605568.92269962,
            "absResidual": 1610933632.3299475,
            "relResidual": 0.9478649454761662
          },
          "T11": {
            "metricRequired": 1699539201.2526472,
            "tileEffective": 88605568.92269962,
            "absResidual": 1610933632.3299475,
            "relResidual": 0.9478649454761662
          },
          "T22": {
            "metricRequired": 1699539201.2526472,
            "tileEffective": 88605568.92269962,
            "absResidual": 1610933632.3299475,
            "relResidual": 0.9478649454761662
          },
          "T33": {
            "metricRequired": 1699539201.2526472,
            "tileEffective": 88605568.92269962,
            "absResidual": 1610933632.3299475,
            "relResidual": 0.9478649454761662
          }
        },
        "residualNorms": {
          "absL1": 6443734529.31979,
          "absL2": 3221867264.659895,
          "absLInf": 1610933632.3299475,
          "relL1": 3.7914597819046647,
          "relL2": 1.8957298909523324,
          "relLInf": 0.9478649454761662,
          "toleranceRelLInf": 0.1,
          "pass": false
        },
        "note": "wall-band sampled mean; T11/T22/T33 follow the brick pressure proxy Same-basis regional closure compares selected-profile integral metric-required and tile-effective diagonal tensors over the shared GR matter brick region mask."
      },
      {
        "regionId": "exterior_shell",
        "comparisonBasisStatus": "same_basis",
        "status": "fail",
        "completeness": "complete",
        "metricTensorRef": "artifacts/research/full-solve/selected-family/nhm2-shift-lapse/nhm2-source-closure-metric-required-tensor-exterior-shell-latest.json",
        "tileTensorRef": "artifacts/research/full-solve/selected-family/nhm2-shift-lapse/nhm2-source-closure-tile-effective-tensor-exterior-shell-latest.json",
        "metricRequiredTensor": {
          "T00": -1699157799.1011546,
          "T11": 1699157799.1011546,
          "T22": 1699157799.1011546,
          "T33": 1699157799.1011546
        },
        "tileEffectiveTensor": {
          "T00": -16779943.04439419,
          "T11": 16779943.04439419,
          "T22": 16779943.04439419,
          "T33": 16779943.04439419
        },
        "sampleCount": 2504,
        "residualComponents": {
          "T00": {
            "metricRequired": -1699157799.1011546,
            "tileEffective": -16779943.04439419,
            "absResidual": 1682377856.0567603,