{
  "artifactId": "nhm2_source_closure",
  "schemaVersion": "nhm2_source_closure/v2",
  "status": "fail",
  "completeness": "complete",
  "reasonCodes": [
    "tensor_residual_exceeded"
  ],
  "comparedComponents": [
    "T00",
    "T11",
    "T22",
    "T33"
  ],
  "tensorRefs": {
    "metricRequired": "artifacts/research/full-solve/selected-family/nhm2-shift-lapse/nhm2-source-closure-metric-required-tensor-latest.json",
    "tileEffective": "artifacts/research/full-solve/selected-family/nhm2-shift-lapse/nhm2-source-closure-tile-effective-tensor-latest.json"
  },
  "tensors": {
    "metricRequired": {
      "T00": -58267450.98955891,
      "T11": 58267450.98955891,
      "T22": 58267450.98955891,
      "T33": 58267450.98955891
    },
    "tileEffective": {
      "T00": -58267450.96267209,
      "T11": 58267450.96267209,
      "T22": 58267450.96267209,
      "T33": 58267450.96267209
    }
  },
  "residualComponents": {
    "T00": {
      "metricRequired": -58267450.98955891,
      "tileEffective": -58267450.96267209,
      "absResidual": 0.026886820793151855,
      "relResidual": 4.6143808140791624e-10
    },
    "T11": {
      "metricRequired": 58267450.98955891,
      "tileEffective": 58267450.96267209,
      "absResidual": 0.026886820793151855,
      "relResidual": 4.6143808140791624e-10
    },
    "T22": {
      "metricRequired": 58267450.98955891,
      "tileEffective": 58267450.96267209,
      "absResidual": 0.026886820793151855,
      "relResidual": 4.6143808140791624e-10
    },
    "T33": {
      "metricRequired": 58267450.98955891,
      "tileEffective": 58267450.96267209,
      "absResidual": 0.026886820793151855,
      "relResidual": 4.6143808140791624e-10
    }
  },
  "residualNorms": {
    "absL1": 0.10754728317260742,
    "absL2": 0.05377364158630371,
    "absLInf": 0.026886820793151855,
    "relL1": 1.845752325631665e-9,
    "relL2": 9.228761628158325e-10,
    "relLInf": 4.6143808140791624e-10,
    "toleranceRelLInf": 0.1,
    "pass": true
  },
  "regionComparisons": {
    "status": "available",
    "requiredRegionIds": [
      "hull",
      "wall",
      "exterior_shell"
    ],
    "regions": [
      {
        "regionId": "hull",
        "comparisonBasisStatus": "same_basis",
        "status": "fail",
        "completeness": "complete",
        "metricTensorRef": "artifacts/research/full-solve/selected-family/nhm2-shift-lapse/nhm2-source-closure-metric-required-tensor-hull-latest.json",
        "tileTensorRef": "artifacts/research/full-solve/selected-family/nhm2-shift-lapse/nhm2-source-closure-tile-effective-tensor-hull-latest.json",
        "metricRequiredTensor": {
          "T00": -733553902.6786809,
          "T11": 733553902.6786809,
          "T22": 733553902.6786809,
          "T33": 733553902.6786809
        },
        "tileEffectiveTensor": {
          "T00": -16732756.921958108,
          "T11": 16732756.921958108,
          "T22": 16732756.921958108,
          "T33": 16732756.921958108
        },
        "sampleCount": 1096760,
        "metricAccounting": {
          "sampleCount": 1096760,
          "maskVoxelCount": 1096760,
          "weightSum": 1096760,
          "aggregationMode": "mean",
          "normalizationBasis": "sample_count",
          "regionMaskNote": "brick_mask=ellipsoid_axes_m(503.500000,132.000000,86.500000); wall_sigma_m=0.100000; exterior_shell_limit_m=0.300000; dims=128x128x128; cell_volume_m3=2.193055e+1",
          "supportInclusionNote": "metric_required uses shift-field finite-difference derivatives on the brick grid; unweighted voxel mean; non-finite derivative cells are skipped."
        },
        "tileAccounting": {
          "sampleCount": 1096760,
          "maskVoxelCount": 1096760,
          "weightSum": 1096760,
          "aggregationMode": "mean",
          "normalizationBasis": "sample_count",
          "regionMaskNote": "brick_mask=ellipsoid_axes_m(503.500000,132.000000,86.500000); wall_sigma_m=0.100000; exterior_shell_limit_m=0.300000; dims=128x128x128; cell_volume_m3=2.193055e+1",
          "supportInclusionNote": "tile_effective uses GR matter brick region means; unweighted voxel mean; T11/T22/T33 follow the brick pressure proxy."
        },
        "residualComponents": {
          "T00": {
            "metricRequired": -733553902.6786809,
            "tileEffective": -16732756.921958108,
            "absResidual": 716821145.7567228,
            "relResidual": 0.9771894650674532
          },
          "T11": {
            "metricRequired": 733553902.6786809,
            "tileEffective": 16732756.921958108,
            "absResidual": 716821145.7567228,
            "relResidual": 0.9771894650674532
          },
          "T22": {
            "metricRequired": 733553902.6786809,
            "tileEffective": 16732756.921958108,
            "absResidual": 716821145.7567228,
            "relResidual": 0.9771894650674532
          },
          "T33": {
            "metricRequired": 733553902.6786809,
            "tileEffective": 16732756.921958108,
            "absResidual": 716821145.7567228,
            "relResidual": 0.9771894650674532
          }
        },
        "residualNorms": {
          "absL1": 2867284583.026891,
          "absL2": 1433642291.5134456,
          "absLInf": 716821145.7567228,
          "relL1": 3.9087578602698128,
          "relL2": 1.9543789301349064,
          "relLInf": 0.9771894650674532,
          "toleranceRelLInf": 0.1,
          "pass": false
        },
        "dominantResidualComponent": "T00",
        "dominantResidualAbs": 716821145.7567228,
        "dominantResidualRel": 0.9771894650674532,
        "note": "inside-hull sampled mean; T11/T22/T33 follow the brick pressure proxy Same-basis regional closure compares runtime-integrated metric-required and tile-effective diagonal tensors over the shared GR matter brick region mask."
      },
      {
        "regionId": "wall",
        "comparisonBasisStatus": "same_basis",
        "status": "fail",
        "completeness": "complete",
        "metricTensorRef": "artifacts/research/full-solve/selected-family/nhm2-shift-lapse/nhm2-source-closure-metric-required-tensor-wall-latest.json",
        "tileTensorRef": "artifacts/research/full-solve/selected-family/nhm2-shift-lapse/nhm2-source-closure-tile-effective-tensor-wall-latest.json",
        "metricRequiredTensor": {
          "T00": -1699539201.2526472,
          "T11": 1699539201.2526472,
          "T22": 1699539201.2526472,
          "T33": 1699539201.2526472
        },
        "tileEffectiveTensor": {
          "T00": -27108804644.765415,
          "T11": 27108804644.765415,
          "T22": 27108804644.765415,
          "T33": 27108804644.765415
        },
        "sampleCount": 3352,
        "metricAccounting": {
          "sampleCount": 3352,
          "maskVoxelCount": 3352,
          "weightSum": 3352,
          "aggregationMode": "mean",
          "normalizationBasis": "sample_count",
          "regionMaskNote": "brick_mask=ellipsoid_axes_m(503.500000,132.000000,86.500000); wall_sigma_m=0.100000; exterior_shell_limit_m=0.300000; dims=128x128x128; cell_volume_m3=2.193055e+1",
          "supportInclusionNote": "metric_required uses shift-field finite-difference derivatives on the brick grid; unweighted voxel mean; non-finite derivative cells are skipped."
        },
        "tileAccounting": {
          "sampleCount": 3352,
          "maskVoxelCount": 3352,
          "weightSum": 3352,
          "aggregationMode": "mean",
          "normalizationBasis": "sample_count",
          "regionMaskNote": "brick_mask=ellipsoid_axes_m(503.500000,132.000000,86.500000); wall_sigma_m=0.100000; exterior_shell_limit_m=0.300000; dims=128x128x128; cell_volume_m3=2.193055e+1",
          "supportInclusionNote": "tile_effective uses GR matter brick region means; unweighted voxel mean; T11/T22/T33 follow the brick pressure proxy."
        },
        "residualComponents": {
          "T00": {
            "metricRequired": -1699539201.2526472,