mass_GeV,delta_keV,recoil_keV,raw_counts_per_keV_in_2p84_tonne_year
1440.0,380.38780826624486,5.4,0.0
1440.0,380.38780826624486,5.565375,0.0
1440.0,380.38780826624486,5.7307500000000005,0.0
1440.0,380.38780826624486,5.8961250000000005,0.0
1440.0,380.38780826624486,6.0615000000000006,0.0
1440.0,380.38780826624486,6.226875000000001,0.0
1440.0,380.38780826624486,6.392250000000001,0.0
1440.0,380.38780826624486,6.557625000000001,0.0
1440.0,380.38780826624486,6.723000000000001,0.0
1440.0,380.38780826624486,6.888375000000001,0.0
1440.0,380.38780826624486,7.053750000000001,0.0
1440.0,380.38780826624486,7.219125000000001,0.0
1440.0,380.38780826624486,7.384500000000001,0.0
1440.0,380.38780826624486,7.549875,0.0
1440.0,380.38780826624486,7.715250000000001,0.0
1440.0,380.38780826624486,7.880625,0.0
1440.0,380.38780826624486,8.046000000000001,0.0
1440.0,380.38780826624486,8.211375,0.0
1440.0,380.38780826624486,8.376750000000001,0.0
1440.0,380.38780826624486,8.542125,0.0
1440.0,380.38780826624486,8.707500000000001,0.0
1440.0,380.38780826624486,8.872875,0.0
1440.0,380.38780826624486,9.038250000000001,0.0
1440.0,380.38780826624486,9.203625,0.0
1440.0,380.38780826624486,9.369,0.0
1440.0,380.38780826624486,9.534375,0.0
1440.0,380.38780826624486,9.699750000000002,0.0
1440.0,380.38780826624486,9.865125,0.0
1440.0,380.38780826624486,10.0305,0.0
1440.0,380.38780826624486,10.195875000000001,0.0
1440.0,380.38780826624486,10.361250000000002,0.0
1440.0,380.38780826624486,10.526625000000001,0.0
1440.0,380.38780826624486,10.692,0.0
1440.0,380.38780826624486,10.857375000000001,0.0
1440.0,380.38780826624486,11.022750000000002,0.0
1440.0,380.38780826624486,11.188125000000001,0.0
1440.0,380.38780826624486,11.3535,0.0
1440.0,380.38780826624486,11.518875000000001,0.0
1440.0,380.38780826624486,11.684250000000002,0.0
1440.0,380.38780826624486,11.849625000000001,0.0
1440.0,380.38780826624486,12.015,0.0
1440.0,380.38780826624486,12.180375000000002,0.0
1440.0,380.38780826624486,12.345750000000002,0.0
1440.0,380.38780826624486,12.511125000000002,0.0
1440.0,380.38780826624486,12.6765,0.0
1440.0,380.38780826624486,12.841875000000002,0.0
1440.0,380.38780826624486,13.007250000000003,0.0
1440.0,380.38780826624486,13.172625000000002,0.0
1440.0,380.38780826624486,13.338000000000001,0.0
1440.0,380.38780826624486,13.503375000000002,0.0
1440.0,380.38780826624486,13.668750000000001,0.0
1440.0,380.38780826624486,13.834125000000002,0.0
1440.0,380.38780826624486,13.999500000000001,0.0
1440.0,380.38780826624486,14.164875000000002,0.0
1440.0,380.38780826624486,14.330250000000001,0.0
1440.0,380.38780826624486,14.495625000000002,0.0
1440.0,380.38780826624486,14.661000000000001,0.0
1440.0,380.38780826624486,14.826375000000002,0.0
1440.0,380.38780826624486,14.991750000000001,0.0
1440.0,380.38780826624486,15.157125000000002,0.0
1440.0,380.38780826624486,15.322500000000002,0.0
1440.0,380.38780826624486,15.487875000000003,0.0
1440.0,380.38780826624486,15.653250000000002,0.0
1440.0,380.38780826624486,15.818625000000003,0.0
1440.0,380.38780826624486,15.984000000000002,0.0
1440.0,380.38780826624486,16.149375,0.0
1440.0,380.38780826624486,16.314750000000004,0.0
1440.0,380.38780826624486,16.480125,0.0
1440.0,380.38780826624486,16.645500000000002,0.0
1440.0,380.38780826624486,16.810875000000003,0.0
1440.0,380.38780826624486,16.97625,0.0
1440.0,380.38780826624486,17.141625,0.0
1440.0,380.38780826624486,17.307000000000002,0.0
1440.0,380.38780826624486,17.472375,0.0
1440.0,380.38780826624486,17.637750000000004,0.0
1440.0,380.38780826624486,17.803125,0.0
1440.0,380.38780826624486,17.968500000000002,0.0
1440.0,380.38780826624486,18.133875000000003,0.0
1440.0,380.38780826624486,18.29925,0.0
1440.0,380.38780826624486,18.464625,0.0
1440.0,380.38780826624486,18.630000000000003,0.0
1440.0,380.38780826624486,18.795375,0.0
1440.0,380.38780826624486,18.960750000000004,0.0
1440.0,380.38780826624486,19.126125000000002,0.0
1440.0,380.38780826624486,19.291500000000003,0.0
1440.0,380.38780826624486,19.456875000000004,0.0
1440.0,380.38780826624486,19.62225,0.0
1440.0,380.38780826624486,19.787625000000002,0.0
1440.0,380.38780826624486,19.953000000000003,0.0
1440.0,380.38780826624486,20.118375,0.0
1440.0,380.38780826624486,20.283750000000005,0.0
1440.0,380.38780826624486,20.449125000000002,0.0
1440.0,380.38780826624486,20.614500000000003,0.0
1440.0,380.38780826624486,20.779875000000004,0.0
1440.0,380.38780826624486,20.94525,0.0
1440.0,380.38780826624486,21.110625000000002,0.0
1440.0,380.38780826624486,21.276000000000003,0.0
1440.0,380.38780826624486,21.441375,0.0
1440.0,380.38780826624486,21.606750000000005,0.0
1440.0,380.38780826624486,21.772125000000003,0.0
1440.0,380.38780826624486,21.9375,0.0
1440.0,380.38780826624486,22.102875000000004,0.0
1440.0,380.38780826624486,22.268250000000002,0.0
1440.0,380.38780826624486,22.433625,0.0
1440.0,380.38780826624486,22.599000000000004,0.0
1440.0,380.38780826624486,22.764375,0.0
1440.0,380.38780826624486,22.929750000000006,0.0
1440.0,380.38780826624486,23.095125000000003,0.0
1440.0,380.38780826624486,23.2605,0.0
1440.0,380.38780826624486,23.425875000000005,0.0
1440.0,380.38780826624486,23.591250000000002,0.0
1440.0,380.38780826624486,23.756625,0.0
1440.0,380.38780826624486,23.922000000000004,0.0
1440.0,380.38780826624486,24.087375,0.0
1440.0,380.38780826624486,24.252750000000006,0.0
1440.0,380.38780826624486,24.418125000000003,0.0
1440.0,380.38780826624486,24.5835,0.0
1440.0,380.38780826624486,24.748875000000005,0.0
1440.0,380.38780826624486,24.914250000000003,0.0
1440.0,380.38780826624486,25.079625,0.0
1440.0,380.38780826624486,25.245000000000005,0.0
1440.0,380.38780826624486,25.410375000000002,0.0
1440.0,380.38780826624486,25.575750000000006,0.0
1440.0,380.38780826624486,25.741125000000004,0.0
1440.0,380.38780826624486,25.9065,0.0
1440.0,380.38780826624486,26.071875000000006,0.0
1440.0,380.38780826624486,26.237250000000003,0.0
1440.0,380.38780826624486,26.402625,0.0
1440.0,380.38780826624486,26.568000000000005,0.0
1440.0,380.38780826624486,26.733375000000002,0.0
1440.0,380.38780826624486,26.89875,0.0
1440.0,380.38780826624486,27.064125000000004,0.0
1440.0,380.38780826624486,27.2295,0.0
1440.0,380.38780826624486,27.394875000000006,0.0
1440.0,380.38780826624486,27.560250000000003,0.0
1440.0,380.38780826624486,27.725625,0.0
1440.0,380.38780826624486,27.891000000000005,0.0
1440.0,380.38780826624486,28.056375000000003,0.0
1440.0,380.38780826624486,28.22175,0.0
1440.0,380.38780826624486,28.387125000000005,0.0
1440.0,380.38780826624486,28.552500000000002,0.0
1440.0,380.38780826624486,28.717875000000006,0.0
1440.0,380.38780826624486,28.883250000000004,0.0
1440.0,380.38780826624486,29.048625,0.0
1440.0,380.38780826624486,29.214000000000006,0.0
1440.0,380.38780826624486,29.379375000000003,0.0
1440.0,380.38780826624486,29.54475,0.0
1440.0,380.38780826624486,29.710125000000005,0.0
1440.0,380.38780826624486,29.875500000000002,0.0
1440.0,380.38780826624486,30.040875000000007,0.0
1440.0,380.38780826624486,30.206250000000004,0.0
1440.0,380.38780826624486,30.371625,0.0
1440.0,380.38780826624486,30.537000000000006,0.0
1440.0,380.38780826624486,30.702375000000004,0.0
1440.0,380.38780826624486,30.86775,0.0
1440.0,380.38780826624486,31.033125000000005,0.0
1440.0,380.38780826624486,31.198500000000003,0.0
1440.0,380.38780826624486,31.363875000000007,0.0
1440.0,380.38780826624486,31.529250000000005,0.0
1440.0,380.38780826624486,31.694625000000002,0.0
1440.0,380.38780826624486,31.860000000000007,0.0
1440.0,380.38780826624486,32.025375000000004,0.0
1440.0,380.38780826624486,32.19075,0.0
1440.0,380.38780826624486,32.356125000000006,0.0
1440.0,380.38780826624486,32.5215,0.0
1440.0,380.38780826624486,32.686875,0.0
1440.0,380.38780826624486,32.852250000000005,0.0
1440.0,380.38780826624486,33.017625,0.0
1440.0,380.38780826624486,33.18300000000001,0.0
1440.0,380.38780826624486,33.348375000000004,0.0
1440.0,380.38780826624486,33.51375,0.0
1440.0,380.38780826624486,33.679125000000006,0.0
1440.0,380.38780826624486,33.844500000000004,0.0
1440.0,380.38780826624486,34.009875,0.0
1440.0,380.38780826624486,34.175250000000005,0.0
1440.0,380.38780826624486,34.340625,0.0
1440.0,380.38780826624486,34.50600000000001,0.0
1440.0,380.38780826624486,34.671375000000005,0.0
1440.0,380.38780826624486,34.83675,0.0
1440.0,380.38780826624486,35.00212500000001,0.0
1440.0,380.38780826624486,35.167500000000004,0.0
1440.0,380.38780826624486,35.332875,0.0
1440.0,380.38780826624486,35.498250000000006,0.0
1440.0,380.38780826624486,35.663625,0.0
1440.0,380.38780826624486,35.82900000000001,0.0
1440.0,380.38780826624486,35.994375000000005,0.0
1440.0,380.38780826624486,36.15975,0.0
1440.0,380.38780826624486,36.32512500000001,0.0
1440.0,380.38780826624486,36.490500000000004,0.0
1440.0,380.38780826624486,36.655875,0.0
1440.0,380.38780826624486,36.821250000000006,0.0
1440.0,380.38780826624486,36.986625000000004,0.0
1440.0,380.38780826624486,37.152,0.0
1440.0,380.38780826624486,37.317375000000006,0.0
1440.0,380.38780826624486,37.48275,0.0
1440.0,380.38780826624486,37.648125,0.0
1440.0,380.38780826624486,37.813500000000005,0.0
1440.0,380.38780826624486,37.978875,0.0
1440.0,380.38780826624486,38.14425,0.0
1440.0,380.38780826624486,38.309625000000004,0.0
1440.0,380.38780826624486,38.475,0.0
1440.0,380.38780826624486,38.640375000000006,0.0
1440.0,380.38780826624486,38.80575,0.0
1440.0,380.38780826624486,38.971125,0.0
1440.0,380.38780826624486,39.136500000000005,0.0
1440.0,380.38780826624486,39.301875,0.0
1440.0,380.38780826624486,39.46725,0.0
1440.0,380.38780826624486,39.632625000000004,0.0
1440.0,380.38780826624486,39.798,0.0
1440.0,380.38780826624486,39.963375000000006,0.0
1440.0,380.38780826624486,40.128750000000004,0.0
1440.0,380.38780826624486,40.294125,0.0
1440.0,380.38780826624486,40.459500000000006,0.0
1440.0,380.38780826624486,40.624875,0.0
1440.0,380.38780826624486,40.79025,0.0
1440.0,380.38780826624486,40.955625000000005,0.0
1440.0,380.38780826624486,41.121,0.0
1440.0,380.38780826624486,41.28637500000001,0.0
1440.0,380.38780826624486,41.451750000000004,0.0
1440.0,380.38780826624486,41.617125,0.0
1440.0,380.38780826624486,41.782500000000006,0.0
1440.0,380.38780826624486,41.947875,0.0
1440.0,380.38780826624486,42.11325,0.0
1440.0,380.38780826624486,42.278625000000005,0.0
1440.0,380.38780826624486,42.444,0.0
1440.0,380.38780826624486,42.609375,0.0
1440.0,380.38780826624486,42.774750000000004,0.0
1440.0,380.38780826624486,42.940125,0.0
1440.0,380.38780826624486,43.105500000000006,0.0
1440.0,380.38780826624486,43.270875000000004,0.0
1440.0,380.38780826624486,43.43625,0.0
1440.0,380.38780826624486,43.601625000000006,0.0
1440.0,380.38780826624486,43.767,0.0
1440.0,380.38780826624486,43.932375,0.0
1440.0,380.38780826624486,44.097750000000005,0.0
1440.0,380.38780826624486,44.263125,0.0
1440.0,380.38780826624486,44.42850000000001,0.0
1440.0,380.38780826624486,44.593875000000004,0.0
1440.0,380.38780826624486,44.75925,0.0
1440.0,380.38780826624486,44.924625000000006,0.0
1440.0,380.38780826624486,45.09,0.0
1440.0,380.38780826624486,45.255375,0.0
1440.0,380.38780826624486,45.420750000000005,0.0
1440.0,380.38780826624486,45.586125,0.0
1440.0,380.38780826624486,45.75150000000001,0.0
1440.0,380.38780826624486,45.916875000000005,0.0
1440.0,380.38780826624486,46.08225,0.0
1440.0,380.38780826624486,46.247625000000006,0.0
1440.0,380.38780826624486,46.413000000000004,0.0
1440.0,380.38780826624486,46.578375,0.0
1440.0,380.38780826624486,46.743750000000006,0.0
1440.0,380.38780826624486,46.909125,0.0
1440.0,380.38780826624486,47.07450000000001,0.0
1440.0,380.38780826624486,47.239875000000005,0.0
1440.0,380.38780826624486,47.40525,0.0
1440.0,380.38780826624486,47.57062500000001,0.0
1440.0,380.38780826624486,47.736000000000004,0.0
1440.0,380.38780826624486,47.901375,0.0
1440.0,380.38780826624486,48.066750000000006,0.0
1440.0,380.38780826624486,48.232125,0.0
1440.0,380.38780826624486,48.3975,0.0
1440.0,380.38780826624486,48.562875000000005,0.0
1440.0,380.38780826624486,48.72825,0.0
1440.0,380.38780826624486,48.89362500000001,0.0
1440.0,380.38780826624486,49.059000000000005,0.0
1440.0,380.38780826624486,49.224375,0.0
1440.0,380.38780826624486,49.38975000000001,0.0
1440.0,380.38780826624486,49.555125000000004,0.0
1440.0,380.38780826624486,49.7205,0.0
1440.0,380.38780826624486,49.885875000000006,0.0
1440.0,380.38780826624486,50.05125,0.0
1440.0,380.38780826624486,50.21662500000001,0.0
1440.0,380.38780826624486,50.382000000000005,0.0
1440.0,380.38780826624486,50.547375,0.0
1440.0,380.38780826624486,50.71275000000001,0.0
1440.0,380.38780826624486,50.878125000000004,0.0
1440.0,380.38780826624486,51.0435,0.0
1440.0,380.38780826624486,51.208875000000006,0.0
1440.0,380.38780826624486,51.37425,0.0
1440.0,380.38780826624486,51.53962500000001,0.0
1440.0,380.38780826624486,51.705000000000005,0.0
1440.0,380.38780826624486,51.870375,0.0
1440.0,380.38780826624486,52.03575000000001,0.0
1440.0,380.38780826624486,52.201125000000005,0.0
1440.0,380.38780826624486,52.3665,0.0
1440.0,380.38780826624486,52.53187500000001,0.0
1440.0,380.38780826624486,52.697250000000004,0.0
1440.0,380.38780826624486,52.86262500000001,0.0
1440.0,380.38780826624486,53.028000000000006,0.0
1440.0,380.38780826624486,53.193375,0.0
1440.0,380.38780826624486,53.35875000000001,0.0
1440.0,380.38780826624486,53.524125000000005,0.0
1440.0,380.38780826624486,53.6895,0.0
1440.0,380.38780826624486,53.85487500000001,0.0
1440.0,380.38780826624486,54.020250000000004,0.0
1440.0,380.38780826624486,54.185625,0.0
1440.0,380.38780826624486,54.351000000000006,0.0
1440.0,380.38780826624486,54.516375000000004,0.0
1440.0,380.38780826624486,54.68175000000001,0.0
1440.0,380.38780826624486,54.847125000000005,0.0
1440.0,380.38780826624486,55.0125,0.0
1440.0,380.38780826624486,55.17787500000001,0.0
1440.0,380.38780826624486,55.343250000000005,0.0
1440.0,380.38780826624486,55.508625,0.0
1440.0,380.38780826624486,55.67400000000001,0.0
1440.0,380.38780826624486,55.839375000000004,0.0
1440.0,380.38780826624486,56.00475000000001,0.0
1440.0,380.38780826624486,56.170125000000006,0.0
1440.0,380.38780826624486,56.3355,0.0
1440.0,380.38780826624486,56.50087500000001,0.0
1440.0,380.38780826624486,56.666250000000005,0.0
1440.0,380.38780826624486,56.831625,0.0
1440.0,380.38780826624486,56.99700000000001,0.0
1440.0,380.38780826624486,57.162375000000004,0.0
1440.0,380.38780826624486,57.32775000000001,0.0
1440.0,380.38780826624486,57.493125000000006,0.0
1440.0,380.38780826624486,57.658500000000004,0.0
1440.0,380.38780826624486,57.82387500000001,0.0
1440.0,380.38780826624486,57.989250000000006,0.0
1440.0,380.38780826624486,58.154625,0.0
1440.0,380.38780826624486,58.32000000000001,0.0
1440.0,380.38780826624486,58.485375000000005,0.0
1440.0,380.38780826624486,58.65075,0.0
1440.0,380.38780826624486,58.81612500000001,0.0
1440.0,380.38780826624486,58.981500000000004,0.0
1440.0,380.38780826624486,59.14687500000001,0.0
1440.0,380.38780826624486,59.312250000000006,0.0
1440.0,380.38780826624486,59.477625,0.0
1440.0,380.38780826624486,59.64300000000001,0.0
1440.0,380.38780826624486,59.808375000000005,0.0
1440.0,380.38780826624486,59.97375,0.0
1440.0,380.38780826624486,60.13912500000001,0.0
1440.0,380.38780826624486,60.304500000000004,0.0
1440.0,380.38780826624486,60.46987500000001,0.0
1440.0,380.38780826624486,60.635250000000006,0.0
1440.0,380.38780826624486,60.800625000000004,0.0
1440.0,380.38780826624486,60.96600000000001,0.0
1440.0,380.38780826624486,61.131375000000006,0.0
1440.0,380.38780826624486,61.29675,0.0
1440.0,380.38780826624486,61.46212500000001,0.0
1440.0,380.38780826624486,61.627500000000005,0.0
1440.0,380.38780826624486,61.79287500000001,0.0
1440.0,380.38780826624486,61.95825000000001,0.0
1440.0,380.38780826624486,62.123625000000004,0.0
1440.0,380.38780826624486,62.28900000000001,0.0
1440.0,380.38780826624486,62.454375000000006,0.0
1440.0,380.38780826624486,62.61975,0.0
1440.0,380.38780826624486,62.78512500000001,0.0
1440.0,380.38780826624486,62.950500000000005,0.0
1440.0,380.38780826624486,63.11587500000001,0.0
1440.0,380.38780826624486,63.28125000000001,0.0
1440.0,380.38780826624486,63.446625000000004,0.0
1440.0,380.38780826624486,63.61200000000001,0.0
1440.0,380.38780826624486,63.777375000000006,0.0
1440.0,380.38780826624486,63.942750000000004,0.0
1440.0,380.38780826624486,64.10812500000002,0.0
1440.0,380.38780826624486,64.27350000000001,0.0
1440.0,380.38780826624486,64.43887500000001,0.0
1440.0,380.38780826624486,64.60425000000001,0.0
1440.0,380.38780826624486,64.769625,0.0
1440.0,380.38780826624486,64.93500000000002,0.0
1440.0,380.38780826624486,65.10037500000001,0.0
1440.0,380.38780826624486,65.26575000000001,0.0
1440.0,380.38780826624486,65.43112500000001,0.0
1440.0,380.38780826624486,65.5965,0.0
1440.0,380.38780826624486,65.761875,0.0
1440.0,380.38780826624486,65.92725000000002,0.0
1440.0,380.38780826624486,66.09262500000001,0.0
1440.0,380.38780826624486,66.25800000000001,0.0
1440.0,380.38780826624486,66.42337500000001,0.0
1440.0,380.38780826624486,66.58875,0.0
1440.0,380.38780826624486,66.75412500000002,0.0
1440.0,380.38780826624486,66.91950000000001,0.0
1440.0,380.38780826624486,67.08487500000001,0.0
1440.0,380.38780826624486,67.25025000000001,0.0
1440.0,380.38780826624486,67.415625,0.0
1440.0,380.38780826624486,67.58100000000002,0.0
1440.0,380.38780826624486,67.74637500000001,0.0
1440.0,380.38780826624486,67.91175000000001,0.0
1440.0,380.38780826624486,68.07712500000001,0.0
1440.0,380.38780826624486,68.2425,0.0
1440.0,380.38780826624486,68.407875,0.0
1440.0,380.38780826624486,68.57325000000002,0.0
1440.0,380.38780826624486,68.73862500000001,0.0
1440.0,380.38780826624486,68.90400000000001,0.0
1440.0,380.38780826624486,69.06937500000001,0.0
1440.0,380.38780826624486,69.23475,0.0
1440.0,380.38780826624486,69.40012500000002,0.0
1440.0,380.38780826624486,69.56550000000001,0.0
1440.0,380.38780826624486,69.73087500000001,0.0
1440.0,380.38780826624486,69.89625000000001,0.0
1440.0,380.38780826624486,70.06162500000002,0.0
1440.0,380.38780826624486,70.22700000000002,0.0
1440.0,380.38780826624486,70.39237500000002,0.0
1440.0,380.38780826624486,70.55775000000001,0.0
1440.0,380.38780826624486,70.72312500000001,0.0
1440.0,380.38780826624486,70.88850000000001,0.0
1440.0,380.38780826624486,71.05387500000002,0.0
1440.0,380.38780826624486,71.21925000000002,0.0
1440.0,380.38780826624486,71.38462500000001,0.0
1440.0,380.38780826624486,71.55000000000001,0.0
1440.0,380.38780826624486,71.71537500000001,0.0
1440.0,380.38780826624486,71.88075000000002,0.0
1440.0,380.38780826624486,72.04612500000002,0.0
1440.0,380.38780826624486,72.21150000000002,0.0
1440.0,380.38780826624486,72.37687500000001,0.0
1440.0,380.38780826624486,72.54225000000001,0.0
1440.0,380.38780826624486,72.70762500000002,0.0
1440.0,380.38780826624486,72.87300000000002,0.0
1440.0,380.38780826624486,73.03837500000002,0.0
1440.0,380.38780826624486,73.20375000000001,0.0
1440.0,380.38780826624486,73.36912500000001,0.0
1440.0,380.38780826624486,73.53450000000001,0.0
1440.0,380.38780826624486,73.69987500000002,0.0
1440.0,380.38780826624486,73.86525000000002,0.0
1440.0,380.38780826624486,74.03062500000001,0.0
1440.0,380.38780826624486,74.19600000000001,0.0
1440.0,380.38780826624486,74.36137500000001,0.0
1440.0,380.38780826624486,74.52675000000002,0.0
1440.0,380.38780826624486,74.69212500000002,0.0
1440.0,380.38780826624486,74.85750000000002,0.0
1440.0,380.38780826624486,75.02287500000001,0.0
1440.0,380.38780826624486,75.18825000000001,0.0
1440.0,380.38780826624486,75.35362500000001,0.0
1440.0,380.38780826624486,75.51900000000002,0.0
1440.0,380.38780826624486,75.68437500000002,0.0
1440.0,380.38780826624486,75.84975000000001,0.0
1440.0,380.38780826624486,76.01512500000001,0.0
1440.0,380.38780826624486,76.18050000000001,0.0
1440.0,380.38780826624486,76.34587500000002,0.0
1440.0,380.38780826624486,76.51125000000002,0.0
1440.0,380.38780826624486,76.67662500000002,0.0
1440.0,380.38780826624486,76.84200000000001,0.0
1440.0,380.38780826624486,77.00737500000001,0.0
1440.0,380.38780826624486,77.17275000000002,0.0
1440.0,380.38780826624486,77.33812500000002,0.0
1440.0,380.38780826624486,77.50350000000002,0.0
1440.0,380.38780826624486,77.66887500000001,0.0
1440.0,380.38780826624486,77.83425000000001,0.0
1440.0,380.38780826624486,77.99962500000001,0.0
1440.0,380.38780826624486,78.16500000000002,0.0
1440.0,380.38780826624486,78.33037500000002,0.0
1440.0,380.38780826624486,78.49575000000002,0.0
1440.0,380.38780826624486,78.66112500000001,0.0
1440.0,380.38780826624486,78.82650000000001,0.0
1440.0,380.38780826624486,78.99187500000002,0.0
1440.0,380.38780826624486,79.15725000000002,0.0
1440.0,380.38780826624486,79.32262500000002,0.0
1440.0,380.38780826624486,79.48800000000001,0.0
1440.0,380.38780826624486,79.65337500000001,0.0
1440.0,380.38780826624486,79.81875000000001,0.0
1440.0,380.38780826624486,79.98412500000002,0.0
1440.0,380.38780826624486,80.14950000000002,0.0
1440.0,380.38780826624486,80.31487500000001,0.0
1440.0,380.38780826624486,80.48025000000001,0.0
1440.0,380.38780826624486,80.64562500000001,0.0
1440.0,380.38780826624486,80.81100000000002,0.0
1440.0,380.38780826624486,80.97637500000002,0.0
1440.0,380.38780826624486,81.14175000000002,0.0
1440.0,380.38780826624486,81.30712500000001,0.0
1440.0,380.38780826624486,81.47250000000001,0.0
1440.0,380.38780826624486,81.63787500000002,0.0
1440.0,380.38780826624486,81.80325000000002,0.0
1440.0,380.38780826624486,81.96862500000002,0.0
1440.0,380.38780826624486,82.13400000000001,0.0
1440.0,380.38780826624486,82.29937500000001,0.0
1440.0,380.38780826624486,82.46475000000001,0.0
1440.0,380.38780826624486,82.63012500000002,0.0
1440.0,380.38780826624486,82.79550000000002,0.0
1440.0,380.38780826624486,82.96087500000002,0.0
1440.0,380.38780826624486,83.12625000000001,0.0
1440.0,380.38780826624486,83.29162500000001,0.0
1440.0,380.38780826624486,83.45700000000002,0.0
1440.0,380.38780826624486,83.62237500000002,0.0
1440.0,380.38780826624486,83.78775000000002,0.0
1440.0,380.38780826624486,83.95312500000001,0.0
1440.0,380.38780826624486,84.11850000000001,0.0
1440.0,380.38780826624486,84.28387500000002,0.0
1440.0,380.38780826624486,84.44925000000002,0.0
1440.0,380.38780826624486,84.61462500000002,0.0
1440.0,380.38780826624486,84.78000000000002,0.0
1440.0,380.38780826624486,84.94537500000001,0.0
1440.0,380.38780826624486,85.11075000000001,0.0
1440.0,380.38780826624486,85.27612500000002,0.0
1440.0,380.38780826624486,85.44150000000002,0.0
1440.0,380.38780826624486,85.60687500000002,0.0
1440.0,380.38780826624486,85.77225000000001,0.0
1440.0,380.38780826624486,85.93762500000001,0.0
1440.0,380.38780826624486,86.10300000000002,0.0
1440.0,380.38780826624486,86.26837500000002,0.0
1440.0,380.38780826624486,86.43375000000002,0.0
1440.0,380.38780826624486,86.59912500000002,0.0
1440.0,380.38780826624486,86.76450000000001,0.0
1440.0,380.38780826624486,86.92987500000001,0.0
1440.0,380.38780826624486,87.09525000000002,0.0
1440.0,380.38780826624486,87.26062500000002,0.0
1440.0,380.38780826624486,87.42600000000002,0.0
1440.0,380.38780826624486,87.59137500000001,0.0
1440.0,380.38780826624486,87.75675000000001,0.0
1440.0,380.38780826624486,87.92212500000002,0.0
1440.0,380.38780826624486,88.08750000000002,0.0
1440.0,380.38780826624486,88.25287500000002,0.0
1440.0,380.38780826624486,88.41825000000001,0.0
1440.0,380.38780826624486,88.58362500000001,0.0
1440.0,380.38780826624486,88.74900000000002,0.0
1440.0,380.38780826624486,88.91437500000002,0.0
1440.0,380.38780826624486,89.07975000000002,0.0
1440.0,380.38780826624486,89.24512500000002,0.0
1440.0,380.38780826624486,89.41050000000001,0.0
1440.0,380.38780826624486,89.57587500000001,0.0
1440.0,380.38780826624486,89.74125000000002,0.0
1440.0,380.38780826624486,89.90662500000002,0.0
1440.0,380.38780826624486,90.07200000000002,0.0
1440.0,380.38780826624486,90.23737500000001,0.0
1440.0,380.38780826624486,90.40275000000001,0.0
1440.0,380.38780826624486,90.56812500000002,0.0
1440.0,380.38780826624486,90.73350000000002,0.0
1440.0,380.38780826624486,90.89887500000002,0.0
1440.0,380.38780826624486,91.06425000000002,0.0
1440.0,380.38780826624486,91.22962500000001,0.0
1440.0,380.38780826624486,91.39500000000001,0.0
1440.0,380.38780826624486,91.56037500000002,0.0
1440.0,380.38780826624486,91.72575000000002,0.0
1440.0,380.38780826624486,91.89112500000002,0.0
1440.0,380.38780826624486,92.05650000000001,0.0
1440.0,380.38780826624486,92.22187500000001,0.0
1440.0,380.38780826624486,92.38725000000002,0.0
1440.0,380.38780826624486,92.55262500000002,0.0
1440.0,380.38780826624486,92.71800000000002,0.0
1440.0,380.38780826624486,92.88337500000002,0.0
1440.0,380.38780826624486,93.04875000000001,0.0
1440.0,380.38780826624486,93.21412500000002,0.0
1440.0,380.38780826624486,93.37950000000002,0.0
1440.0,380.38780826624486,93.54487500000002,0.0
1440.0,380.38780826624486,93.71025000000002,0.0
1440.0,380.38780826624486,93.87562500000001,0.0
1440.0,380.38780826624486,94.04100000000001,0.0
1440.0,380.38780826624486,94.20637500000002,0.0
1440.0,380.38780826624486,94.37175000000002,0.0
1440.0,380.38780826624486,94.53712500000002,0.0
1440.0,380.38780826624486,94.70250000000001,0.0
1440.0,380.38780826624486,94.86787500000001,0.0
1440.0,380.38780826624486,95.03325000000002,0.0
1440.0,380.38780826624486,95.19862500000002,0.0
1440.0,380.38780826624486,95.36400000000002,0.0
1440.0,380.38780826624486,95.52937500000002,0.0
1440.0,380.38780826624486,95.69475000000001,0.0
1440.0,380.38780826624486,95.86012500000001,0.0
1440.0,380.38780826624486,96.02550000000002,0.0
1440.0,380.38780826624486,96.19087500000002,0.0
1440.0,380.38780826624486,96.35625000000002,0.0
1440.0,380.38780826624486,96.52162500000001,0.0
1440.0,380.38780826624486,96.68700000000001,0.0
1440.0,380.38780826624486,96.85237500000002,0.0
1440.0,380.38780826624486,97.01775000000002,0.0
1440.0,380.38780826624486,97.18312500000002,0.0
1440.0,380.38780826624486,97.34850000000002,0.0
1440.0,380.38780826624486,97.51387500000001,0.0
1440.0,380.38780826624486,97.67925000000002,0.0
1440.0,380.38780826624486,97.84462500000002,0.0
1440.0,380.38780826624486,98.01000000000002,0.0
1440.0,380.38780826624486,98.17537500000002,0.0
1440.0,380.38780826624486,98.34075000000001,0.0
1440.0,380.38780826624486,98.50612500000001,0.0
1440.0,380.38780826624486,98.67150000000002,0.0
1440.0,380.38780826624486,98.83687500000002,0.0
1440.0,380.38780826624486,99.00225000000002,0.0
1440.0,380.38780826624486,99.16762500000002,0.0
1440.0,380.38780826624486,99.33300000000001,0.0
1440.0,380.38780826624486,99.49837500000002,0.0
1440.0,380.38780826624486,99.66375000000002,0.0
1440.0,380.38780826624486,99.82912500000002,0.0
1440.0,380.38780826624486,99.99450000000002,0.0
1440.0,380.38780826624486,100.15987500000001,0.0
1440.0,380.38780826624486,100.32525000000003,0.0
1440.0,380.38780826624486,100.49062500000002,0.0
1440.0,380.38780826624486,100.65600000000002,0.0
1440.0,380.38780826624486,100.82137500000002,0.0
1440.0,380.38780826624486,100.98675000000001,0.0
1440.0,380.38780826624486,101.15212500000001,0.0
1440.0,380.38780826624486,101.31750000000002,0.0
1440.0,380.38780826624486,101.48287500000002,0.0
1440.0,380.38780826624486,101.64825000000002,0.0
1440.0,380.38780826624486,101.81362500000002,0.0
1440.0,380.38780826624486,101.97900000000001,0.0
1440.0,380.38780826624486,102.14437500000003,0.0
1440.0,380.38780826624486,102.30975000000002,0.0
1440.0,380.38780826624486,102.47512500000002,0.0
1440.0,380.38780826624486,102.64050000000002,0.0
1440.0,380.38780826624486,102.80587500000001,0.0
1440.0,380.38780826624486,102.97125000000001,0.0
1440.0,380.38780826624486,103.13662500000002,0.0
1440.0,380.38780826624486,103.30200000000002,0.0
1440.0,380.38780826624486,103.46737500000002,0.0
1440.0,380.38780826624486,103.63275000000002,0.0
1440.0,380.38780826624486,103.79812500000001,0.0
1440.0,380.38780826624486,103.96350000000002,0.0
1440.0,380.38780826624486,104.12887500000002,0.0
1440.0,380.38780826624486,104.29425000000002,0.0
1440.0,380.38780826624486,104.45962500000002,0.0
1440.0,380.38780826624486,104.62500000000001,0.0
1440.0,380.38780826624486,104.79037500000003,0.0
1440.0,380.38780826624486,104.95575000000002,0.0
1440.0,380.38780826624486,105.12112500000002,0.0
1440.0,380.38780826624486,105.28650000000002,0.0
1440.0,380.38780826624486,105.45187500000002,0.0
1440.0,380.38780826624486,105.61725000000001,0.0
1440.0,380.38780826624486,105.78262500000002,0.0
1440.0,380.38780826624486,105.94800000000002,0.0
1440.0,380.38780826624486,106.11337500000002,0.0
1440.0,380.38780826624486,106.27875000000002,0.0
1440.0,380.38780826624486,106.44412500000001,0.0
1440.0,380.38780826624486,106.60950000000003,0.0
1440.0,380.38780826624486,106.77487500000002,0.0
1440.0,380.38780826624486,106.94025000000002,0.0
1440.0,380.38780826624486,107.10562500000002,0.0
1440.0,380.38780826624486,107.27100000000002,0.0
1440.0,380.38780826624486,107.43637500000001,0.0
1440.0,380.38780826624486,107.60175000000002,0.0
1440.0,380.38780826624486,107.76712500000002,0.0
1440.0,380.38780826624486,107.93250000000002,0.0
1440.0,380.38780826624486,108.09787500000002,0.0
1440.0,380.38780826624486,108.26325000000001,0.0
1440.0,380.38780826624486,108.42862500000003,0.0
1440.0,380.38780826624486,108.59400000000002,0.0
1440.0,380.38780826624486,108.75937500000002,0.0
1440.0,380.38780826624486,108.92475000000002,0.0
1440.0,380.38780826624486,109.09012500000001,0.0
1440.0,380.38780826624486,109.25550000000003,0.0
1440.0,380.38780826624486,109.42087500000002,0.0
1440.0,380.38780826624486,109.58625000000002,0.0
1440.0,380.38780826624486,109.75162500000002,0.0
1440.0,380.38780826624486,109.91700000000002,0.0
1440.0,380.38780826624486,110.08237500000001,0.0
1440.0,380.38780826624486,110.24775000000002,0.0
1440.0,380.38780826624486,110.41312500000002,0.0
1440.0,380.38780826624486,110.57850000000002,0.0
1440.0,380.38780826624486,110.74387500000002,0.0
1440.0,380.38780826624486,110.90925000000001,0.0
1440.0,380.38780826624486,111.07462500000003,0.0
1440.0,380.38780826624486,111.24000000000002,0.0
1440.0,380.38780826624486,111.40537500000002,0.0
1440.0,380.38780826624486,111.57075000000002,0.0
1440.0,380.38780826624486,111.73612500000002,0.0
1440.0,380.38780826624486,111.90150000000001,0.0
1440.0,380.38780826624486,112.06687500000002,0.0
1440.0,380.38780826624486,112.23225000000002,0.0
1440.0,380.38780826624486,112.39762500000002,0.0
1440.0,380.38780826624486,112.56300000000002,0.0
1440.0,380.38780826624486,112.72837500000001,0.0
1440.0,380.38780826624486,112.89375000000003,0.0
1440.0,380.38780826624486,113.05912500000002,0.0
1440.0,380.38780826624486,113.22450000000002,0.0
1440.0,380.38780826624486,113.38987500000002,0.0
1440.0,380.38780826624486,113.55525000000002,0.0
1440.0,380.38780826624486,113.72062500000003,0.0
1440.0,380.38780826624486,113.88600000000002,0.0
1440.0,380.38780826624486,114.05137500000002,0.0
1440.0,380.38780826624486,114.21675000000002,0.0
1440.0,380.38780826624486,114.38212500000002,0.0
1440.0,380.38780826624486,114.54750000000001,0.0
1440.0,380.38780826624486,114.71287500000003,0.0
1440.0,380.38780826624486,114.87825000000002,0.0
1440.0,380.38780826624486,115.04362500000002,0.0
1440.0,380.38780826624486,115.20900000000002,0.0
1440.0,380.38780826624486,115.37437500000001,0.0
1440.0,380.38780826624486,115.53975000000003,0.0
1440.0,380.38780826624486,115.70512500000002,0.0
1440.0,380.38780826624486,115.87050000000002,0.0
1440.0,380.38780826624486,116.03587500000002,0.0
1440.0,380.38780826624486,116.20125000000002,0.0
1440.0,380.38780826624486,116.36662500000003,0.0
1440.0,380.38780826624486,116.53200000000002,0.0
1440.0,380.38780826624486,116.69737500000002,0.0
1440.0,380.38780826624486,116.86275000000002,0.0
1440.0,380.38780826624486,117.02812500000002,0.0
1440.0,380.38780826624486,117.19350000000001,0.0
1440.0,380.38780826624486,117.35887500000003,0.0
1440.0,380.38780826624486,117.52425000000002,0.0
1440.0,380.38780826624486,117.68962500000002,0.0
1440.0,380.38780826624486,117.85500000000002,0.0
1440.0,380.38780826624486,118.02037500000002,0.0
1440.0,380.38780826624486,118.18575000000003,0.0
1440.0,380.38780826624486,118.35112500000002,0.0
1440.0,380.38780826624486,118.51650000000002,0.0
1440.0,380.38780826624486,118.68187500000002,0.0
1440.0,380.38780826624486,118.84725000000002,0.0
1440.0,380.38780826624486,119.01262500000001,0.0
1440.0,380.38780826624486,119.17800000000003,0.0
1440.0,380.38780826624486,119.34337500000002,0.0
1440.0,380.38780826624486,119.50875000000002,0.0
1440.0,380.38780826624486,119.67412500000002,0.0
1440.0,380.38780826624486,119.83950000000002,0.0
1440.0,380.38780826624486,120.00487500000003,0.0
1440.0,380.38780826624486,120.17025000000002,0.0
1440.0,380.38780826624486,120.33562500000002,0.0
1440.0,380.38780826624486,120.50100000000002,0.0
1440.0,380.38780826624486,120.66637500000002,0.0
1440.0,380.38780826624486,120.83175000000003,0.0
1440.0,380.38780826624486,120.99712500000003,0.0
1440.0,380.38780826624486,121.16250000000002,0.0
1440.0,380.38780826624486,121.32787500000002,0.0
1440.0,380.38780826624486,121.49325000000002,0.0
1440.0,380.38780826624486,121.65862500000001,0.0
1440.0,380.38780826624486,121.82400000000003,0.0
1440.0,380.38780826624486,121.98937500000002,0.0
1440.0,380.38780826624486,122.15475000000002,0.0
1440.0,380.38780826624486,122.32012500000002,0.0
1440.0,380.38780826624486,122.48550000000002,0.0
1440.0,380.38780826624486,122.65087500000003,0.0
1440.0,380.38780826624486,122.81625000000003,0.0
1440.0,380.38780826624486,122.98162500000002,0.0
1440.0,380.38780826624486,123.14700000000002,0.0
1440.0,380.38780826624486,123.31237500000002,0.0
1440.0,380.38780826624486,123.47775000000001,0.0
1440.0,380.38780826624486,123.64312500000003,0.0
1440.0,380.38780826624486,123.80850000000002,0.0
1440.0,380.38780826624486,123.97387500000002,0.0
1440.0,380.38780826624486,124.13925000000002,0.0
1440.0,380.38780826624486,124.30462500000002,0.0
1440.0,380.38780826624486,124.47000000000003,0.0
1440.0,380.38780826624486,124.63537500000002,0.0
1440.0,380.38780826624486,124.80075000000002,0.0
1440.0,380.38780826624486,124.96612500000002,0.0
1440.0,380.38780826624486,125.13150000000002,0.0
1440.0,380.38780826624486,125.29687500000003,0.0
1440.0,380.38780826624486,125.46225000000003,0.0
1440.0,380.38780826624486,125.62762500000002,0.0
1440.0,380.38780826624486,125.79300000000002,0.0
1440.0,380.38780826624486,125.95837500000002,0.0
1440.0,380.38780826624486,126.12375000000002,0.0
1440.0,380.38780826624486,126.28912500000003,0.0
1440.0,380.38780826624486,126.45450000000002,0.0
1440.0,380.38780826624486,126.61987500000002,0.0
1440.0,380.38780826624486,126.78525000000002,0.0
1440.0,380.38780826624486,126.95062500000002,0.0
1440.0,380.38780826624486,127.11600000000003,0.0
1440.0,380.38780826624486,127.28137500000003,0.0
1440.0,380.38780826624486,127.44675000000002,0.0
1440.0,380.38780826624486,127.61212500000002,0.0
1440.0,380.38780826624486,127.77750000000002,0.0
1440.0,380.38780826624486,127.94287500000002,0.0
1440.0,380.38780826624486,128.10825000000003,0.0
1440.0,380.38780826624486,128.273625,0.0
1440.0,380.38780826624486,128.43900000000002,0.0
1440.0,380.38780826624486,128.604375,0.0
1440.0,380.38780826624486,128.76975000000002,0.0
1440.0,380.38780826624486,128.93512500000003,0.0
1440.0,380.38780826624486,129.1005,0.0
1440.0,380.38780826624486,129.26587500000002,0.0
1440.0,380.38780826624486,129.43125,0.0
1440.0,380.38780826624486,129.59662500000002,0.0
1440.0,380.38780826624486,129.76200000000003,0.0
1440.0,380.38780826624486,129.927375,0.0
1440.0,380.38780826624486,130.09275000000002,0.0
1440.0,380.38780826624486,130.258125,0.0
1440.0,380.38780826624486,130.42350000000002,0.0
1440.0,380.38780826624486,130.588875,0.0
1440.0,380.38780826624486,130.75425,0.0
1440.0,380.38780826624486,130.91962500000002,0.0
1440.0,380.38780826624486,131.085,0.0
1440.0,380.38780826624486,131.25037500000002,0.0
1440.0,380.38780826624486,131.41575,0.0
1440.0,380.38780826624486,131.58112500000001,0.0
1440.0,380.38780826624486,131.74650000000003,0.0
1440.0,380.38780826624486,131.911875,0.0
1440.0,380.38780826624486,132.07725000000002,0.0
1440.0,380.38780826624486,132.242625,0.0
1440.0,380.38780826624486,132.40800000000002,0.0
1440.0,380.38780826624486,132.57337500000003,0.0
1440.0,380.38780826624486,132.73875,0.0
1440.0,380.38780826624486,132.90412500000002,0.0
1440.0,380.38780826624486,133.0695,0.0
1440.0,380.38780826624486,133.23487500000002,0.0
1440.0,380.38780826624486,133.40025000000003,0.0
1440.0,380.38780826624486,133.565625,0.0
1440.0,380.38780826624486,133.73100000000002,0.0
1440.0,380.38780826624486,133.89637500000003,0.0
1440.0,380.38780826624486,134.06175000000002,0.0
1440.0,380.38780826624486,134.22712500000003,0.0
1440.0,380.38780826624486,134.3925,0.0
1440.0,380.38780826624486,134.55787500000002,0.0
1440.0,380.38780826624486,134.72325000000004,0.0
1440.0,380.38780826624486,134.88862500000002,0.0
1440.0,380.38780826624486,135.05400000000003,0.0
1440.0,380.38780826624486,135.219375,0.0
1440.0,380.38780826624486,135.38475000000003,0.0
1440.0,380.38780826624486,135.55012500000004,0.0
1440.0,380.38780826624486,135.71550000000002,0.0
1440.0,380.38780826624486,135.88087500000003,0.0
1440.0,380.38780826624486,136.04625000000001,0.0
1440.0,380.38780826624486,136.21162500000003,0.0
1440.0,380.38780826624486,136.377,0.0
1440.0,380.38780826624486,136.54237500000002,0.0
1440.0,380.38780826624486,136.70775000000003,0.0
1440.0,380.38780826624486,136.87312500000002,0.0
1440.0,380.38780826624486,137.03850000000003,0.0
1440.0,380.38780826624486,137.203875,0.0
1440.0,380.38780826624486,137.36925000000002,0.0
1440.0,380.38780826624486,137.53462500000003,0.0
1440.0,380.38780826624486,137.70000000000002,0.0
1440.0,380.38780826624486,137.86537500000003,0.0
1440.0,380.38780826624486,138.03075,0.0
1440.0,380.38780826624486,138.19612500000002,0.0
1440.0,380.38780826624486,138.36150000000004,0.0
1440.0,380.38780826624486,138.52687500000002,0.0
1440.0,380.38780826624486,138.69225000000003,0.0
1440.0,380.38780826624486,138.857625,0.0
1440.0,380.38780826624486,139.02300000000002,0.0
1440.0,380.38780826624486,139.18837500000004,0.0
1440.0,380.38780826624486,139.35375000000002,0.0
1440.0,380.38780826624486,139.51912500000003,0.0
1440.0,380.38780826624486,139.6845,0.0
1440.0,380.38780826624486,139.84987500000003,0.0
1440.0,380.38780826624486,140.01525000000004,0.0
1440.0,380.38780826624486,140.18062500000002,0.0
1440.0,380.38780826624486,140.34600000000003,0.0
1440.0,380.38780826624486,140.51137500000002,0.0
1440.0,380.38780826624486,140.67675000000003,0.0
1440.0,380.38780826624486,140.842125,0.0
1440.0,380.38780826624486,141.00750000000002,0.0
1440.0,380.38780826624486,141.17287500000003,0.0
1440.0,380.38780826624486,141.33825000000002,0.0
1440.0,380.38780826624486,141.50362500000003,0.0
1440.0,380.38780826624486,141.669,0.0
1440.0,380.38780826624486,141.83437500000002,0.0
1440.0,380.38780826624486,141.99975000000003,0.0
1440.0,380.38780826624486,142.16512500000002,0.0
1440.0,380.38780826624486,142.33050000000003,0.0
1440.0,380.38780826624486,142.495875,0.0
1440.0,380.38780826624486,142.66125000000002,0.0
1440.0,380.38780826624486,142.82662500000004,0.0
1440.0,380.38780826624486,142.99200000000002,0.0
1440.0,380.38780826624486,143.15737500000003,0.0
1440.0,380.38780826624486,143.32275,0.0
1440.0,380.38780826624486,143.48812500000003,0.0
1440.0,380.38780826624486,143.65350000000004,0.0
1440.0,380.38780826624486,143.81887500000002,0.0
1440.0,380.38780826624486,143.98425000000003,0.0
1440.0,380.38780826624486,144.14962500000001,0.0
1440.0,380.38780826624486,144.31500000000003,0.0
1440.0,380.38780826624486,144.48037500000004,0.0
1440.0,380.38780826624486,144.64575000000002,0.0
1440.0,380.38780826624486,144.81112500000003,0.0
1440.0,380.38780826624486,144.97650000000002,0.0
1440.0,380.38780826624486,145.14187500000003,0.0
1440.0,380.38780826624486,145.30725,0.0
1440.0,380.38780826624486,145.47262500000002,0.0
1440.0,380.38780826624486,145.63800000000003,0.0
1440.0,380.38780826624486,145.80337500000002,0.0
1440.0,380.38780826624486,145.96875000000003,0.0
1440.0,380.38780826624486,146.134125,0.0
1440.0,380.38780826624486,146.29950000000002,0.0
1440.0,380.38780826624486,146.46487500000003,0.0
1440.0,380.38780826624486,146.63025000000002,0.0
1440.0,380.38780826624486,146.79562500000003,0.0
1440.0,380.38780826624486,146.961,0.0
1440.0,380.38780826624486,147.12637500000002,0.0
1440.0,380.38780826624486,147.29175000000004,0.0
1440.0,380.38780826624486,147.45712500000002,0.0
1440.0,380.38780826624486,147.62250000000003,0.0
1440.0,380.38780826624486,147.787875,0.0
1440.0,380.38780826624486,147.95325000000003,0.0
1440.0,380.38780826624486,148.11862500000004,0.0
1440.0,380.38780826624486,148.28400000000002,0.0
1440.0,380.38780826624486,148.44937500000003,0.0
1440.0,380.38780826624486,148.61475000000002,0.0
1440.0,380.38780826624486,148.78012500000003,0.0
1440.0,380.38780826624486,148.94550000000004,0.0
1440.0,380.38780826624486,149.11087500000002,0.0
1440.0,380.38780826624486,149.27625000000003,0.0
1440.0,380.38780826624486,149.44162500000002,0.0
1440.0,380.38780826624486,149.60700000000003,0.0
1440.0,380.38780826624486,149.772375,0.0
1440.0,380.38780826624486,149.93775000000002,0.0
1440.0,380.38780826624486,150.10312500000003,0.0
1440.0,380.38780826624486,150.26850000000002,0.0
1440.0,380.38780826624486,150.43387500000003,0.0
1440.0,380.38780826624486,150.59925,0.0
1440.0,380.38780826624486,150.76462500000002,0.0
1440.0,380.38780826624486,150.93000000000004,0.0
1440.0,380.38780826624486,151.09537500000002,0.0
1440.0,380.38780826624486,151.26075000000003,0.0
1440.0,380.38780826624486,151.426125,0.0
1440.0,380.38780826624486,151.59150000000002,0.0
1440.0,380.38780826624486,151.75687500000004,0.0
1440.0,380.38780826624486,151.92225000000002,0.0
1440.0,380.38780826624486,152.08762500000003,0.0
1440.0,380.38780826624486,152.25300000000001,0.0
1440.0,380.38780826624486,152.41837500000003,0.0
1440.0,380.38780826624486,152.58375000000004,0.0
1440.0,380.38780826624486,152.74912500000002,0.0
1440.0,380.38780826624486,152.91450000000003,0.0
1440.0,380.38780826624486,153.07987500000002,0.0
1440.0,380.38780826624486,153.24525000000003,0.0
1440.0,380.38780826624486,153.41062500000004,0.0
1440.0,380.38780826624486,153.57600000000002,0.0
1440.0,380.38780826624486,153.74137500000003,0.0
1440.0,380.38780826624486,153.90675000000002,0.0
1440.0,380.38780826624486,154.07212500000003,0.0
1440.0,380.38780826624486,154.2375,0.0
1440.0,380.38780826624486,154.40287500000002,0.0
1440.0,380.38780826624486,154.56825000000003,0.0
1440.0,380.38780826624486,154.73362500000002,0.0
1440.0,380.38780826624486,154.89900000000003,0.0
1440.0,380.38780826624486,155.064375,0.0
1440.0,380.38780826624486,155.22975000000002,0.0
1440.0,380.38780826624486,155.39512500000004,0.0
1440.0,380.38780826624486,155.56050000000002,0.0
1440.0,380.38780826624486,155.72587500000003,0.0
1440.0,380.38780826624486,155.89125,0.0
1440.0,380.38780826624486,156.05662500000003,0.0
1440.0,380.38780826624486,156.22200000000004,0.0
1440.0,380.38780826624486,156.38737500000002,0.0
1440.0,380.38780826624486,156.55275000000003,0.0
1440.0,380.38780826624486,156.71812500000001,0.0
1440.0,380.38780826624486,156.88350000000003,0.0
1440.0,380.38780826624486,157.04887500000004,0.0
1440.0,380.38780826624486,157.21425000000002,0.0
1440.0,380.38780826624486,157.37962500000003,0.0
1440.0,380.38780826624486,157.54500000000002,0.0
1440.0,380.38780826624486,157.71037500000003,0.0
1440.0,380.38780826624486,157.87575000000004,0.0
1440.0,380.38780826624486,158.04112500000002,0.0
1440.0,380.38780826624486,158.20650000000003,0.0
1440.0,380.38780826624486,158.37187500000002,0.0
1440.0,380.38780826624486,158.53725000000003,0.0
1440.0,380.38780826624486,158.70262500000004,0.0
1440.0,380.38780826624486,158.86800000000002,0.0
1440.0,380.38780826624486,159.03337500000004,0.0
1440.0,380.38780826624486,159.19875000000002,0.0
1440.0,380.38780826624486,159.36412500000003,0.0
1440.0,380.38780826624486,159.5295,0.0
1440.0,380.38780826624486,159.69487500000002,0.0
1440.0,380.38780826624486,159.86025000000004,0.0
1440.0,380.38780826624486,160.02562500000002,0.0
1440.0,380.38780826624486,160.19100000000003,0.0
1440.0,380.38780826624486,160.356375,0.0
1440.0,380.38780826624486,160.52175000000003,0.0
1440.0,380.38780826624486,160.68712500000004,0.0
1440.0,380.38780826624486,160.85250000000002,0.0
1440.0,380.38780826624486,161.01787500000003,0.0
1440.0,380.38780826624486,161.18325000000002,0.0
1440.0,380.38780826624486,161.34862500000003,0.0
1440.0,380.38780826624486,161.51400000000004,0.0
1440.0,380.38780826624486,161.67937500000002,0.0
1440.0,380.38780826624486,161.84475000000003,0.0
1440.0,380.38780826624486,162.01012500000002,0.0
1440.0,380.38780826624486,162.17550000000003,0.0
1440.0,380.38780826624486,162.34087500000004,0.0
1440.0,380.38780826624486,162.50625000000002,0.0
1440.0,380.38780826624486,162.67162500000003,0.0
1440.0,380.38780826624486,162.83700000000002,0.0
1440.0,380.38780826624486,163.00237500000003,0.0
1440.0,380.38780826624486,163.16775000000004,0.0
1440.0,380.38780826624486,163.33312500000002,0.0
1440.0,380.38780826624486,163.49850000000004,0.0
1440.0,380.38780826624486,163.66387500000002,0.0
1440.0,380.38780826624486,163.82925000000003,0.0
1440.0,380.38780826624486,163.994625,0.0
1440.0,380.38780826624486,164.16000000000003,0.0
1440.0,380.38780826624486,164.32537500000004,0.0
1440.0,380.38780826624486,164.49075000000002,0.0
1440.0,380.38780826624486,164.65612500000003,0.0
1440.0,380.38780826624486,164.82150000000001,0.0
1440.0,380.38780826624486,164.98687500000003,0.0
1440.0,380.38780826624486,165.15225000000004,0.0
1440.0,380.38780826624486,165.31762500000002,0.0
1440.0,380.38780826624486,165.48300000000003,0.0
1440.0,380.38780826624486,165.64837500000002,0.0
1440.0,380.38780826624486,165.81375000000003,0.0
1440.0,380.38780826624486,165.97912500000004,0.0
1440.0,380.38780826624486,166.14450000000002,0.0
1440.0,380.38780826624486,166.30987500000003,0.0
1440.0,380.38780826624486,166.47525000000002,0.0
1440.0,380.38780826624486,166.64062500000003,0.0
1440.0,380.38780826624486,166.80600000000004,0.0
1440.0,380.38780826624486,166.97137500000002,0.0
1440.0,380.38780826624486,167.13675000000003,0.0
1440.0,380.38780826624486,167.30212500000002,0.0
1440.0,380.38780826624486,167.46750000000003,0.0
1440.0,380.38780826624486,167.63287500000004,0.0
1440.0,380.38780826624486,167.79825000000002,0.0
1440.0,380.38780826624486,167.96362500000004,0.0
1440.0,380.38780826624486,168.12900000000002,0.0
1440.0,380.38780826624486,168.29437500000003,0.0
1440.0,380.38780826624486,168.45975,0.0
1440.0,380.38780826624486,168.62512500000003,0.0
1440.0,380.38780826624486,168.79050000000004,0.0
1440.0,380.38780826624486,168.95587500000002,0.0
1440.0,380.38780826624486,169.12125000000003,0.0
1440.0,380.38780826624486,169.28662500000002,0.0
1440.0,380.38780826624486,169.45200000000003,0.0
1440.0,380.38780826624486,169.61737500000004,0.0
1440.0,380.38780826624486,169.78275000000002,0.0
1440.0,380.38780826624486,169.94812500000003,0.0
1440.0,380.38780826624486,170.11350000000002,0.0
1440.0,380.38780826624486,170.27887500000003,0.0
1440.0,380.38780826624486,170.44425000000004,0.0
1440.0,380.38780826624486,170.60962500000002,0.0
1440.0,380.38780826624486,170.77500000000003,0.0
1440.0,380.38780826624486,170.94037500000002,0.0
1440.0,380.38780826624486,171.10575000000003,0.0
1440.0,380.38780826624486,171.27112500000004,0.0
1440.0,380.38780826624486,171.43650000000002,0.0
1440.0,380.38780826624486,171.60187500000004,0.0
1440.0,380.38780826624486,171.76725000000002,0.0
1440.0,380.38780826624486,171.93262500000003,0.0
1440.0,380.38780826624486,172.09800000000004,0.0
1440.0,380.38780826624486,172.26337500000002,0.0
1440.0,380.38780826624486,172.42875000000004,0.0
1440.0,380.38780826624486,172.59412500000002,0.0
1440.0,380.38780826624486,172.75950000000003,0.0
1440.0,380.38780826624486,172.92487500000001,0.0
1440.0,380.38780826624486,173.09025000000003,0.0
1440.0,380.38780826624486,173.25562500000004,0.0
1440.0,380.38780826624486,173.42100000000002,0.0
1440.0,380.38780826624486,173.58637500000003,0.0
1440.0,380.38780826624486,173.75175000000002,0.0
1440.0,380.38780826624486,173.91712500000003,0.0
1440.0,380.38780826624486,174.08250000000004,0.0
1440.0,380.38780826624486,174.24787500000002,0.0
1440.0,380.38780826624486,174.41325000000003,0.0
1440.0,380.38780826624486,174.57862500000002,0.0
1440.0,380.38780826624486,174.74400000000003,0.0
1440.0,380.38780826624486,174.90937500000004,0.0
1440.0,380.38780826624486,175.07475000000002,0.0
1440.0,380.38780826624486,175.24012500000003,0.0
1440.0,380.38780826624486,175.40550000000002,0.0
1440.0,380.38780826624486,175.57087500000003,0.0
1440.0,380.38780826624486,175.73625000000004,0.0
1440.0,380.38780826624486,175.90162500000002,0.0
1440.0,380.38780826624486,176.06700000000004,0.0
1440.0,380.38780826624486,176.23237500000002,0.0
1440.0,380.38780826624486,176.39775000000003,0.0
1440.0,380.38780826624486,176.56312500000004,0.0
1440.0,380.38780826624486,176.72850000000003,0.0
1440.0,380.38780826624486,176.89387500000004,0.0
1440.0,380.38780826624486,177.05925000000002,0.0
1440.0,380.38780826624486,177.22462500000003,0.0
1440.0,380.38780826624486,177.39000000000001,0.0
1440.0,380.38780826624486,177.55537500000003,0.0
1440.0,380.38780826624486,177.72075000000004,0.0
1440.0,380.38780826624486,177.88612500000002,0.0
1440.0,380.38780826624486,178.05150000000003,0.0
1440.0,380.38780826624486,178.21687500000002,0.0
1440.0,380.38780826624486,178.38225000000003,0.0
1440.0,380.38780826624486,178.54762500000004,0.0
1440.0,380.38780826624486,178.71300000000002,0.0
1440.0,380.38780826624486,178.87837500000003,0.0
1440.0,380.38780826624486,179.04375000000002,0.0
1440.0,380.38780826624486,179.20912500000003,0.0
1440.0,380.38780826624486,179.37450000000004,0.0
1440.0,380.38780826624486,179.53987500000002,0.0
1440.0,380.38780826624486,179.70525000000004,0.0
1440.0,380.38780826624486,179.87062500000002,0.0
1440.0,380.38780826624486,180.03600000000003,0.0
1440.0,380.38780826624486,180.20137500000004,0.0
1440.0,380.38780826624486,180.36675000000002,7.472397928202133e-08
1440.0,380.38780826624486,180.53212500000004,3.262446238414179e-07
1440.0,380.38780826624486,180.69750000000002,7.950379261976442e-07
1440.0,380.38780826624486,180.86287500000003,1.7398235530637617e-06
1440.0,380.38780826624486,181.02825000000004,3.1964720499555933e-06
1440.0,380.38780826624486,181.19362500000003,5.155534869243018e-06
1440.0,380.38780826624486,181.35900000000004,7.607630167371356e-06
1440.0,380.38780826624486,181.52437500000002,1.0543443097906076e-05
1440.0,380.38780826624486,181.68975000000003,1.3953726002040298e-05
1440.0,380.38780826624486,181.85512500000002,1.783960594917578e-05
1440.0,380.38780826624486,182.02050000000003,2.2418122349997034e-05
1440.0,380.38780826624486,182.18587500000004,2.7768070114299277e-05
1440.0,380.38780826624486,182.35125000000002,3.3874426608422993e-05
1440.0,380.38780826624486,182.51662500000003,4.072228179997175e-05
1440.0,380.38780826624486,182.68200000000002,4.829683849222781e-05
1440.0,380.38780826624486,182.84737500000003,5.658341268648286e-05
1440.0,380.38780826624486,183.01275000000004,6.556743381229365e-05
1440.0,380.38780826624486,183.17812500000002,7.523444500946292e-05
1440.0,380.38780826624486,183.34350000000003,8.557010334020676e-05
1440.0,380.38780826624486,183.50887500000002,9.656018006517144e-05
1440.0,380.38780826624486,183.67425000000003,0.00010819056080394478
1440.0,380.38780826624486,183.83962500000004,0.00012045417554206277
1440.0,380.38780826624486,184.00500000000002,0.00013353518365196582
1440.0,380.38780826624486,184.17037500000004,0.0001475064288778827
1440.0,380.38780826624486,184.33575000000002,0.00016234864438213244
1440.0,380.38780826624486,184.50112500000003,0.0001780427224691599
1440.0,380.38780826624486,184.66650000000004,0.00019456971479090684
1440.0,380.38780826624486,184.83187500000003,0.0002119108324909941
1440.0,380.38780826624486,184.99725000000004,0.0002300474463899431
1440.0,380.38780826624486,185.16262500000002,0.0002489610871071094
1440.0,380.38780826624486,185.32800000000003,0.00026863344514086476
1440.0,380.38780826624486,185.49337500000004,0.00028904637099427116
1440.0,380.38780826624486,185.65875000000003,0.000310181875222813
1440.0,380.38780826624486,185.82412500000004,0.0003320221284909879
1440.0,380.38780826624486,185.98950000000002,0.0003545494616219165
1440.0,380.38780826624486,186.15487500000003,0.0003777463655950213
1440.0,380.38780826624486,186.32025000000002,0.000401595491507692
1440.0,380.38780826624486,186.48562500000003,0.0004260796506461241
1440.0,380.38780826624486,186.65100000000004,0.00045120947675374287
1440.0,380.38780826624486,186.81637500000002,0.00047715772040966587
1440.0,380.38780826624486,186.98175000000003,0.0005039394154174384
1440.0,380.38780826624486,187.14712500000002,0.0005315329911361206
1440.0,380.38780826624486,187.31250000000003,0.0005599170795214826
1440.0,380.38780826624486,187.47787500000004,0.0005890705150485638
1440.0,380.38780826624486,187.64325000000002,0.0006189723344740476
1440.0,380.38780826624486,187.80862500000003,0.000649601776784994
1440.0,380.38780826624486,187.97400000000002,0.0006809382829532412
1440.0,380.38780826624486,188.13937500000003,0.000712961495717087
1440.0,380.38780826624486,188.30475000000004,0.0007456512594083049
1440.0,380.38780826624486,188.47012500000002,0.0007789876196737984
1440.0,380.38780826624486,188.63550000000004,0.0008129665568779358
1440.0,380.38780826624486,188.80087500000002,0.0008476744399269275
1440.0,380.38780826624486,188.96625000000003,0.000883109437944404
1440.0,380.38780826624486,189.13162500000004,0.0009193322218013609
1440.0,380.38780826624486,189.29700000000003,0.0009565067329154275
1440.0,380.38780826624486,189.46237500000004,0.0009946137461974195
1440.0,380.38780826624486,189.62775000000002,0.0010336269056261597
1440.0,380.38780826624486,189.79312500000003,0.0010735201166999107
1440.0,380.38780826624486,189.95850000000004,0.0011142675459667737
1440.0,380.38780826624486,190.12387500000003,0.001155845230852901
1440.0,380.38780826624486,190.28925000000004,0.0011983546014368426
1440.0,380.38780826624486,190.45462500000002,0.0012419061017609058
1440.0,380.38780826624486,190.62000000000003,0.0012866545217630934
1440.0,380.38780826624486,190.78537500000002,0.0013325798651367166
1440.0,380.38780826624486,190.95075000000003,0.0013796486413677534
1440.0,380.38780826624486,191.11612500000004,0.0014278276995211602
1440.0,380.38780826624486,191.28150000000002,0.0014770842277634462
1440.0,380.38780826624486,191.44687500000003,0.0015273857526580822
1440.0,380.38780826624486,191.61225000000002,0.0015787001385386453
1440.0,380.38780826624486,191.77762500000003,0.0016309955868082878
1440.0,380.38780826624486,191.94300000000004,0.0016842406352628003
1440.0,380.38780826624486,192.10837500000002,0.0017384041573023019
1440.0,380.38780826624486,192.27375000000004,0.0017934553611452537
1440.0,380.38780826624486,192.43912500000002,0.0018493637890883794
1440.0,380.38780826624486,192.60450000000003,0.0019061035143981262
1440.0,380.38780826624486,192.76987500000004,0.001963793975608214
1440.0,380.38780826624486,192.93525000000002,0.0020224767341529776
1440.0,380.38780826624486,193.10062500000004,0.0020821181203789087
1440.0,380.38780826624486,193.26600000000002,0.002142684834219884
1440.0,380.38780826624486,193.43137500000003,0.002204143944309757
1440.0,380.38780826624486,193.59675000000004,0.0022664628868492454
1440.0,380.38780826624486,193.76212500000003,0.002329609464657273
1440.0,380.38780826624486,193.92750000000004,0.0023935518460989624
1440.0,380.38780826624486,194.09287500000002,0.0024582585639473927
1440.0,380.38780826624486,194.25825000000003,0.0025236985143165178
1440.0,380.38780826624486,194.42362500000004,0.002589853828599128
1440.0,380.38780826624486,194.58900000000003,0.0026568133412354002
1440.0,380.38780826624486,194.75437500000004,0.002724573157202864
1440.0,380.38780826624486,194.91975000000002,0.0027931000212907324
1440.0,380.38780826624486,195.08512500000003,0.0028623610728569955
1440.0,380.38780826624486,195.25050000000005,0.0029323238444297402
1440.0,380.38780826624486,195.41587500000003,0.0030029562602840224
1440.0,380.38780826624486,195.58125000000004,0.003074226635095163
1440.0,380.38780826624486,195.74662500000002,0.003146115324438816
1440.0,380.38780826624486,195.91200000000003,0.003218729938470526
1440.0,380.38780826624486,196.07737500000002,0.0032920770627540264
1440.0,380.38780826624486,196.24275000000003,0.003366122583251613
1440.0,380.38780826624486,196.40812500000004,0.0034408328066047123
1440.0,380.38780826624486,196.57350000000002,0.0035161744585313036
1440.0,380.38780826624486,196.73887500000004,0.0035921146821144495
1440.0,380.38780826624486,196.90425000000002,0.0036686210361717895
1440.0,380.38780826624486,197.06962500000003,0.0037456614934707126
1440.0,380.38780826624486,197.23500000000004,0.00382320443909156
1440.0,380.38780826624486,197.40037500000003,0.003901218668577091
1440.0,380.38780826624486,197.56575000000004,0.003979673386219068
1440.0,380.38780826624486,197.73112500000002,0.004058538203225865
1440.0,380.38780826624486,197.89650000000003,0.004137783135907495
1440.0,380.38780826624486,198.06187500000004,0.004217378603833088
1440.0,380.38780826624486,198.22725000000003,0.004297403792392508
1440.0,380.38780826624486,198.39262500000004,0.004377949856479261
1440.0,380.38780826624486,198.55800000000002,0.004458983949126588
1440.0,380.38780826624486,198.72337500000003,0.004540658434581133
1440.0,380.38780826624486,198.88875000000004,0.004623198977860272
1440.0,380.38780826624486,199.05412500000003,0.004706566913168585
1440.0,380.38780826624486,199.21950000000004,0.00479072210119842
1440.0,380.38780826624486,199.38487500000002,0.00487564717322219
1440.0,380.38780826624486,199.55025000000003,0.004961390027678052
1440.0,380.38780826624486,199.71562500000005,0.005047921550007494
1440.0,380.38780826624486,199.88100000000003,0.0051353008490341336
1440.0,380.38780826624486,200.04637500000004,0.0052235325312506515
1440.0,380.38780826624486,200.21175000000002,0.005312677414440121
1440.0,380.38780826624486,200.37712500000004,0.005402980893148315
1440.0,380.38780826624486,200.54250000000002,0.005494410037447685
1440.0,380.38780826624486,200.70787500000003,0.0055869149382754115
1440.0,380.38780826624486,200.87325000000004,0.005680446319692769
1440.0,380.38780826624486,201.03862500000002,0.005774955536111013
1440.0,380.38780826624486,201.20400000000004,0.005870394569388833
1440.0,380.38780826624486,201.36937500000002,0.005966716025906061
1440.0,380.38780826624486,201.53475000000003,0.006063873133685399
1440.0,380.38780826624486,201.70012500000004,0.006161819739343883
1440.0,380.38780826624486,201.86550000000003,0.006260510305202504
1440.0,380.38780826624486,202.03087500000004,0.006359899906148329
1440.0,380.38780826624486,202.19625000000002,0.006459944226674959
1440.0,380.38780826624486,202.36162500000003,0.006560599557792746
1440.0,380.38780826624486,202.52700000000004,0.006661822793907302
1440.0,380.38780826624486,202.69237500000003,0.006763591995916208
1440.0,380.38780826624486,202.85775000000004,0.006866122483552508
1440.0,380.38780826624486,203.02312500000002,0.006969444269653535
1440.0,380.38780826624486,203.18850000000003,0.007073509113346168
1440.0,380.38780826624486,203.35387500000004,0.007178269435757815
1440.0,380.38780826624486,203.51925000000003,0.007283743023113235
1440.0,380.38780826624486,203.68462500000004,0.0073899574285268615
1440.0,380.38780826624486,203.85000000000002,0.007496864277189797
1440.0,380.38780826624486,204.01537500000003,0.007604477861736765
1440.0,380.38780826624486,204.18075000000005,0.007712944784978199
1440.0,380.38780826624486,204.34612500000003,0.0078222274909867
1440.0,380.38780826624486,204.51150000000004,0.007932274590232678
1440.0,380.38780826624486,204.67687500000002,0.008043079104725884
1440.0,380.38780826624486,204.84225000000004,0.008154659846167837
1440.0,380.38780826624486,205.00762500000002,0.00826702252763498
1440.0,380.38780826624486,205.17300000000003,0.008380137241270253
1440.0,380.38780826624486,205.33837500000004,0.00849395138277514
1440.0,380.38780826624486,205.50375000000003,0.008608413100393683
1440.0,380.38780826624486,205.66912500000004,0.00872354958033981
1440.0,380.38780826624486,205.83450000000002,0.008839472296053492
1440.0,380.38780826624486,205.99987500000003,0.008956131679255352
1440.0,380.38780826624486,206.16525000000004,0.009073473658254052
1440.0,380.38780826624486,206.33062500000003,0.009191523915657784
1440.0,380.38780826624486,206.49600000000004,0.009310427009243002
1440.0,380.38780826624486,206.66137500000002,0.009430134684611246
1440.0,380.38780826624486,206.82675000000003,0.009550589608120028
1440.0,380.38780826624486,206.99212500000004,0.009671735278455803
1440.0,380.38780826624486,207.15750000000003,0.009793516021640455
1440.0,380.38780826624486,207.32287500000004,0.009915876986174094
1440.0,380.38780826624486,207.48825000000002,0.010038764138101853
1440.0,380.38780826624486,207.65362500000003,0.01016212425597618
1440.0,380.38780826624486,207.81900000000005,0.010285904926036652
1440.0,380.38780826624486,207.98437500000003,0.010410054537125405
1440.0,380.38780826624486,208.14975000000004,0.010534522275594897
1440.0,380.38780826624486,208.31512500000002,0.010659264470402609
1440.0,380.38780826624486,208.48050000000003,0.010784375912855339
1440.0,380.38780826624486,208.64587500000005,0.010909864430121007
1440.0,380.38780826624486,208.81125000000003,0.01103567774015567
1440.0,380.38780826624486,208.97662500000004,0.011161764381547127
1440.0,380.38780826624486,209.14200000000002,0.0112880740294257
1440.0,380.38780826624486,209.30737500000004,0.011414569841574362
1440.0,380.38780826624486,209.47275000000002,0.011541209246639969
1440.0,380.38780826624486,209.63812500000003,0.011667943585949813
1440.0,380.38780826624486,209.80350000000004,0.011794732718838522
1440.0,380.38780826624486,209.96887500000003,0.011921557821172001
1440.0,380.38780826624486,210.13425000000004,0.01204837448137902
1440.0,380.38780826624486,210.29962500000002,0.012175150302220234
1440.0,380.38780826624486,210.46500000000003,0.012301896266935059
1440.0,380.38780826624486,210.63037500000004,0.01242857188980271
1440.0,380.38780826624486,210.79575000000003,0.012555131284526837
1440.0,380.38780826624486,210.96112500000004,0.012681636666640368
1440.0,380.38780826624486,211.12650000000002,0.012808200758035551
1440.0,380.38780826624486,211.29187500000003,0.012934775862596296
1440.0,380.38780826624486,211.45725000000004,0.013061312540033164
1440.0,380.38780826624486,211.62262500000003,0.013187777717021643
1440.0,380.38780826624486,211.78800000000004,0.013314142647214845
1440.0,380.38780826624486,211.95337500000002,0.013440359722547725
1440.0,380.38780826624486,212.11875000000003,0.013566382115033441
1440.0,380.38780826624486,212.28412500000005,0.013692231956857013
1440.0,380.38780826624486,212.44950000000003,0.01381795958005069
1440.0,380.38780826624486,212.61487500000004,0.013943517565556496
1440.0,380.38780826624486,212.78025000000002,0.014068858580061988
1440.0,380.38780826624486,212.94562500000004,0.014193936144384835
1440.0,380.38780826624486,213.11100000000005,0.014318704627100118
1440.0,380.38780826624486,213.27637500000003,0.014443119238138801
1440.0,380.38780826624486,213.44175000000004,0.01456713602220549
1440.0,380.38780826624486,213.60712500000002,0.014690711852449488
1440.0,380.38780826624486,213.77250000000004,0.01481380442404916
1440.0,380.38780826624486,213.93787500000002,0.014936372247633261
1440.0,380.38780826624486,214.10325000000003,0.015058374642988677
1440.0,380.38780826624486,214.26862500000004,0.01517977173250552
1440.0,380.38780826624486,214.43400000000003,0.015300524434754366
1440.0,380.38780826624486,214.59937500000004,0.01542060874376873
1440.0,380.38780826624486,214.76475000000002,0.015540001677961013
1440.0,380.38780826624486,214.93012500000003,0.01565866584020275
1440.0,380.38780826624486,215.09550000000004,0.01577656460917639
1440.0,380.38780826624486,215.26087500000003,0.015893662134978902
1440.0,380.38780826624486,215.42625000000004,0.016009928017250895
1440.0,380.38780826624486,215.59162500000002,0.01612539522518306
1440.0,380.38780826624486,215.75700000000003,0.016240050565721045
1440.0,380.38780826624486,215.92237500000005,0.016353859128722288
1440.0,380.38780826624486,216.08775000000003,0.016466805253600652
1440.0,380.38780826624486,216.25312500000004,0.016578990485830548
1440.0,380.38780826624486,216.41850000000002,0.01669040588480887
1440.0,380.38780826624486,216.58387500000003,0.01680104274524241
1440.0,380.38780826624486,216.74925000000005,0.016910988289404984
1440.0,380.38780826624486,216.91462500000003,0.017020249855954486
1440.0,380.38780826624486,217.08000000000004,0.017128790462594294
1440.0,380.38780826624486,217.24537500000002,0.017236612388539272
1440.0,380.38780826624486,217.41075000000004,0.017343781200163277
1440.0,380.38780826624486,217.57612500000005,0.017450266038520505
1440.0,380.38780826624486,217.74150000000003,0.017556027314668186
1440.0,380.38780826624486,217.90687500000004,0.017661026292921395
1440.0,380.38780826624486,218.07225000000003,0.017765276081505334
1440.0,380.38780826624486,218.23762500000004,0.017868844894300087
1440.0,380.38780826624486,218.40300000000002,0.017971696255300065
1440.0,380.38780826624486,218.56837500000003,0.01807379110449787
1440.0,380.38780826624486,218.73375000000004,0.01817509471013424
1440.0,380.38780826624486,218.89912500000003,0.018275586314214352
1440.0,380.38780826624486,219.06450000000004,0.01837523110525733
1440.0,380.38780826624486,219.22987500000002,0.018473992868619463
1440.0,380.38780826624486,219.39525000000003,0.018571836223084365
1440.0,380.38780826624486,219.56062500000004,0.018668726613436215
1440.0,380.38780826624486,219.72600000000003,0.01876463030270107
1440.0,380.38780826624486,219.89137500000004,0.018859514364673965
1440.0,380.38780826624486,220.05675000000002,0.018953346676314972
1440.0,380.38780826624486,220.22212500000003,0.019046095910198017
1440.0,380.38780826624486,220.38750000000005,0.019137731526963745
1440.0,380.38780826624486,220.55287500000003,0.019228223767827977
1440.0,380.38780826624486,220.71825000000004,0.019317543647082835
1440.0,380.38780826624486,220.88362500000002,0.019405662944565753
1440.0,380.38780826624486,221.04900000000004,0.01949255419829053
1440.0,380.38780826624486,221.21437500000005,0.019578192151823444
1440.0,380.38780826624486,221.37975000000003,0.019662633084523574
1440.0,380.38780826624486,221.54512500000004,0.019745897022244094
1440.0,380.38780826624486,221.71050000000002,0.01982795631918941
1440.0,380.38780826624486,221.87587500000004,0.019908784088185954
1440.0,380.38780826624486,222.04125000000005,0.019988354193000643
1440.0,380.38780826624486,222.20662500000003,0.02006664124087417
1440.0,380.38780826624486,222.37200000000004,0.02014362117756724
1440.0,380.38780826624486,222.53737500000003,0.020219273587158314
1440.0,380.38780826624486,222.70275000000004,0.02029357573899912
1440.0,380.38780826624486,222.86812500000002,0.020366505030394097
1440.0,380.38780826624486,223.03350000000003,0.020438039859223968
1440.0,380.38780826624486,223.19887500000004,0.02050816523930427
1440.0,380.38780826624486,223.36425000000003,0.020576908987996096
1440.0,380.38780826624486,223.52962500000004,0.02064435015028094
1440.0,380.38780826624486,223.69500000000002,0.020710508656656107
1440.0,380.38780826624486,223.86037500000003,0.020775372546109776
1440.0,380.38780826624486,224.02575000000004,0.020838935073072454
1440.0,380.38780826624486,224.19112500000003,0.020901173671282518
1440.0,380.38780826624486,224.35650000000004,0.020962076630046816
1440.0,380.38780826624486,224.52187500000002,0.021021625087063275
1440.0,380.38780826624486,224.68725000000003,0.02107979727620518
1440.0,380.38780826624486,224.85262500000005,0.0211365721571092
1440.0,380.38780826624486,225.01800000000003,0.021191929407247092
1440.0,380.38780826624486,225.18337500000004,0.021245850066896034
1440.0,380.38780826624486,225.34875000000002,0.021298321036185296
1440.0,380.38780826624486,225.51412500000004,0.021349325317258794
1440.0,380.38780826624486,225.67950000000005,0.02139884519098763
1440.0,380.38780826624486,225.84487500000003,0.021446864848774925
1440.0,380.38780826624486,226.01025000000004,0.021493429270364465
1440.0,380.38780826624486,226.17562500000003,0.021538555142852574
1440.0,380.38780826624486,226.34100000000004,0.02158222495415892
1440.0,380.38780826624486,226.50637500000005,0.021624421874116
1440.0,380.38780826624486,226.67175000000003,0.021665129746668906
1440.0,380.38780826624486,226.83712500000004,0.021704333082068136
1440.0,380.38780826624486,227.00250000000003,0.021742017049082647
1440.0,380.38780826624486,227.16787500000004,0.02177816746730843
1440.0,380.38780826624486,227.33325000000005,0.021812770799454942
1440.0,380.38780826624486,227.49862500000003,0.021845814143635327
1440.0,380.38780826624486,227.66400000000004,0.021877285225828897
1440.0,380.38780826624486,227.82937500000003,0.021907172392221456
1440.0,380.38780826624486,227.99475000000004,0.021935464601645336
1440.0,380.38780826624486,228.16012500000002,0.021962151418108467
1440.0,380.38780826624486,228.32550000000003,0.02198722300326524
1440.0,380.38780826624486,228.49087500000005,0.022010670108955785
1440.0,380.38780826624486,228.65625000000003,0.02203248406985015
1440.0,380.38780826624486,228.82162500000004,0.02205265812722892
1440.0,380.38780826624486,228.98700000000002,0.02207118922212751
1440.0,380.38780826624486,229.15237500000003,0.022088070613989118
1440.0,380.38780826624486,229.31775000000005,0.02210329573888797
1440.0,380.38780826624486,229.48312500000003,0.022116858581215423
1440.0,380.38780826624486,229.64850000000004,0.022128757470639956
1440.0,380.38780826624486,229.81387500000002,0.022138994270590413
1440.0,380.38780826624486,229.97925000000004,0.022147564273925634
1440.0,380.38780826624486,230.14462500000005,0.022154463142375676
1440.0,380.38780826624486,230.31000000000003,0.022159687059379863
1440.0,380.38780826624486,230.47537500000004,0.022163232722874206
1440.0,380.38780826624486,230.64075000000003,0.02216509733836816
1440.0,380.38780826624486,230.80612500000004,0.022165279872488838
1440.0,380.38780826624486,230.97150000000005,0.02216380947485399
1440.0,380.38780826624486,231.13687500000003,0.022160728123149575
1440.0,380.38780826624486,231.30225000000004,0.02215606150124398
1440.0,380.38780826624486,231.46762500000003,0.022149813793975386
1440.0,380.38780826624486,231.63300000000004,0.022141988615934267
1440.0,380.38780826624486,231.79837500000005,0.022132582794269846
1440.0,380.38780826624486,231.96375000000003,0.022121596019349293
1440.0,380.38780826624486,232.12912500000004,0.0221090701464161
1440.0,380.38780826624486,232.29450000000003,0.022095018819411463
1440.0,380.38780826624486,232.45987500000004,0.02207943911873272
1440.0,380.38780826624486,232.62525000000002,0.022062328634703383
1440.0,380.38780826624486,232.79062500000003,0.022043685460198845
1440.0,380.38780826624486,232.95600000000005,0.02202350818339842
1440.0,380.38780826624486,233.12137500000003,0.02200179588059382
1440.0,380.38780826624486,233.28675000000004,0.021978548109010367
1440.0,380.38780826624486,233.45212500000002,0.021953764899641612
1440.0,380.38780826624486,233.61750000000004,0.021927446750225288
1440.0,380.38780826624486,233.78287500000005,0.021899594618135773
1440.0,380.38780826624486,233.94825000000003,0.021870210319389898
1440.0,380.38780826624486,234.11362500000004,0.021839298930422107
1440.0,380.38780826624486,234.27900000000002,0.021806863342081536
1440.0,380.38780826624486,234.44437500000004,0.021772906163015443
1440.0,380.38780826624486,234.60975000000005,0.02173743042862057
1440.0,380.38780826624486,234.77512500000003,0.021700439594289793
1440.0,380.38780826624486,234.94050000000004,0.021661937528712906
1440.0,380.38780826624486,235.10587500000003,0.021621930941523374
1440.0,380.38780826624486,235.27125000000004,0.021580428034241463
1440.0,380.38780826624486,235.43662500000005,0.02153743362221891
1440.0,380.38780826624486,235.60200000000003,0.021492952874781902
1440.0,380.38780826624486,235.76737500000004,0.021446991348203298
1440.0,380.38780826624486,235.93275000000003,0.02139955497899764
1440.0,380.38780826624486,236.09812500000004,0.021350650077544213
1440.0,380.38780826624486,236.26350000000005,0.021300283321547514
1440.0,380.38780826624486,236.42887500000003,0.021248461749698747
1440.0,380.38780826624486,236.59425000000005,0.021195192755280017
1440.0,380.38780826624486,236.75962500000003,0.021140484079775698
1440.0,380.38780826624486,236.92500000000004,0.021084343806702762
1440.0,380.38780826624486,237.09037500000002,0.021026780355336214
1440.0,380.38780826624486,237.25575000000003,0.020967802474540616
1440.0,380.38780826624486,237.42112500000005,0.0209074192366112
1440.0,380.38780826624486,237.58650000000003,0.020845640031211834
1440.0,380.38780826624486,237.75187500000004,0.020782474559309684
1440.0,380.38780826624486,237.91725000000002,0.020717932827222563
1440.0,380.38780826624486,238.08262500000004,0.0206520251405944
1440.0,380.38780826624486,238.24800000000005,0.020584762098575606
1440.0,380.38780826624486,238.41337500000003,0.020516154587881565
1440.0,380.38780826624486,238.57875000000004,0.020446213777063342
1440.0,380.38780826624486,238.74412500000003,0.020374951118793366
1440.0,380.38780826624486,238.90950000000004,0.020302378391688494
1440.0,380.38780826624486,239.07487500000005,0.020228507586945915
1440.0,380.38780826624486,239.24025000000003,0.02015335218290675
1440.0,380.38780826624486,239.40562500000004,0.020076930624162225
1440.0,380.38780826624486,239.57100000000003,0.01999926631362524
1440.0,380.38780826624486,239.73637500000004,0.019920396196787753
1440.0,380.38780826624486,239.90175000000005,0.01984037020854893
1440.0,380.38780826624486,240.06712500000003,0.01975921344979225
1440.0,380.38780826624486,240.23250000000004,0.01967693621300245
1440.0,380.38780826624486,240.39787500000003,0.01959354906355618
1440.0,380.38780826624486,240.56325000000004,0.0195090628447788
1440.0,380.38780826624486,240.72862500000005,0.019423488672055816
1440.0,380.38780826624486,240.89400000000003,0.01933683877919616
1440.0,380.38780826624486,241.05937500000005,0.01924912647719805
1440.0,380.38780826624486,241.22475000000003,0.019160363632557024
1440.0,380.38780826624486,241.39012500000004,0.019070562313126434
1440.0,380.38780826624486,241.55550000000002,0.018979734831405373
1440.0,380.38780826624486,241.72087500000004,0.018887893738832193
1440.0,380.38780826624486,241.88625000000005,0.018795051820295425
1440.0,380.38780826624486,242.05162500000003,0.018701222088640588
1440.0,380.38780826624486,242.21700000000004,0.018606417954769222
1440.0,380.38780826624486,242.38237500000002,0.018510654711605564
1440.0,380.38780826624486,242.54775000000004,0.018413946469066682
1440.0,380.38780826624486,242.71312500000005,0.018316306950334593
1440.0,380.38780826624486,242.87850000000003,0.018217750078891863
1440.0,380.38780826624486,243.04387500000004,0.018118289978346053
1440.0,380.38780826624486,243.20925000000003,0.01801794105777223
1440.0,380.38780826624486,243.37462500000004,0.017916718614994318
1440.0,380.38780826624486,243.54000000000005,0.01781463747092957
1440.0,380.38780826624486,243.70537500000003,0.017711712430807366
1440.0,380.38780826624486,243.87075000000004,0.01760795847626644
1440.0,380.38780826624486,244.03612500000003,0.017503390760349735
1440.0,380.38780826624486,244.20150000000004,0.017398024602557068
1440.0,380.38780826624486,244.36687500000005,0.017291875483855402
1440.0,380.38780826624486,244.53225000000003,0.017184959041896094
1440.0,380.38780826624486,244.69762500000004,0.017077291066081052
1440.0,380.38780826624486,244.86300000000003,0.016968887492875936
1440.0,380.38780826624486,245.02837500000004,0.016859764400991805
1440.0,380.38780826624486,245.19375000000005,0.01674993800674651
1440.0,380.38780826624486,245.35912500000003,0.01663942465941825
1440.0,380.38780826624486,245.52450000000005,0.01652824083660836
1440.0,380.38780826624486,245.68987500000003,0.0164164031397505
1440.0,380.38780826624486,245.85525000000004,0.01630392828956036
1440.0,380.38780826624486,246.02062500000002,0.016190833121611133
1440.0,380.38780826624486,246.18600000000004,0.016077134581881224
1440.0,380.38780826624486,246.35137500000005,0.01596284972245267
1440.0,380.38780826624486,246.51675000000003,0.015847995697118457
1440.0,380.38780826624486,246.68212500000004,0.01573258975716462
1440.0,380.38780826624486,246.84750000000003,0.015616649247100862
1440.0,380.38780826624486,247.01287500000004,0.015500192450467055
1440.0,380.38780826624486,247.17825000000005,0.015383238711857036
1440.0,380.38780826624486,247.34362500000003,0.015265805547901199
1440.0,380.38780826624486,247.50900000000004,0.015147910481984009
1440.0,380.38780826624486,247.67437500000003,0.01502957111433562
1440.0,380.38780826624486,247.83975000000004,0.014910805118036547
1440.0,380.38780826624486,248.00512500000005,0.014791630235022906
1440.0,380.38780826624486,248.17050000000003,0.0146720642721887
1440.0,380.38780826624486,248.33587500000004,0.014552125097465856
1440.0,380.38780826624486,248.50125000000003,0.01443183063600443
1440.0,380.38780826624486,248.66662500000004,0.014311198866370502
1440.0,380.38780826624486,248.83200000000005,0.014190247816777529
1440.0,380.38780826624486,248.99737500000003,0.01406899556141113
1440.0,380.38780826624486,249.16275000000005,0.013947460216738618
1440.0,380.38780826624486,249.32812500000003,0.013825666775807363
1440.0,380.38780826624486,249.49350000000004,0.013703643104142647
1440.0,380.38780826624486,249.65887500000005,0.013581416210415604
1440.0,380.38780826624486,249.82425000000003,0.013459011855648002
1440.0,380.38780826624486,249.98962500000005,0.013336447257883707
1440.0,380.38780826624486,250.15500000000003,0.013213739278770358
1440.0,380.38780826624486,250.32037500000004,0.013090904828575214
1440.0,380.38780826624486,250.48575000000002,0.012967960862437001
1440.0,380.38780826624486,250.65112500000004,0.012844924376726937
1440.0,380.38780826624486,250.81650000000005,0.012721812405436097
1440.0,380.38780826624486,250.98187500000003,0.012598642016601953
1440.0,380.38780826624486,251.14725000000004,0.012475430308766884
1440.0,380.38780826624486,251.31262500000003,0.012352194407516464
1440.0,380.38780826624486,251.47800000000004,0.012228951462020618
1440.0,380.38780826624486,251.64337500000005,0.012105718641631303
1440.0,380.38780826624486,251.80875000000003,0.011982513132549206
1440.0,380.38780826624486,251.97412500000004,0.011859352134486027
1440.0,380.38780826624486,252.13950000000003,0.011736252857403349
1440.0,380.38780826624486,252.30487500000004,0.011613232518275219
1440.0,380.38780826624486,252.47025000000005,0.011490308337921903
1440.0,380.38780826624486,252.63562500000003,0.01136749753782284
1440.0,380.38780826624486,252.80100000000004,0.011244817337048999
1440.0,380.38780826624486,252.96637500000003,0.011122284949183252
1440.0,380.38780826624486,253.13175000000004,0.010999917579291748
1440.0,380.38780826624486,253.29712500000005,0.010877732420940244
1440.0,380.38780826624486,253.46250000000003,0.01075574665327164
1440.0,380.38780826624486,253.62787500000005,0.010633977438079513
1440.0,380.38780826624486,253.79325000000003,0.01051244192003762
1440.0,380.38780826624486,253.95862500000004,0.010391157256670535
1440.0,380.38780826624486,254.12400000000005,0.010270140699773282
1440.0,380.38780826624486,254.28937500000004,0.010149409975729193
1440.0,380.38780826624486,254.45475000000005,0.010028982134155864
1440.0,380.38780826624486,254.62012500000003,0.009908874103042066
1440.0,380.38780826624486,254.78550000000004,0.00978910277629627
1440.0,380.38780826624486,254.95087500000002,0.009669685011139056
1440.0,380.38780826624486,255.11625000000004,0.009550637625480323
1440.0,380.38780826624486,255.28162500000005,0.009431977395397733
1440.0,380.38780826624486,255.44700000000003,0.009313721052592233
1440.0,380.38780826624486,255.61237500000004,0.009195885281926858
1440.0,380.38780826624486,255.77775000000003,0.009078486718974972
1440.0,380.38780826624486,255.94312500000004,0.00896154194763766
1440.0,380.38780826624486,256.10850000000005,0.008845067497740966
1440.0,380.38780826624486,256.27387500000003,0.008729079842748348
1440.0,380.38780826624486,256.43925,0.008613595397423816
1440.0,380.38780826624486,256.604625,0.00849863051562239
1440.0,380.38780826624486,256.77000000000004,0.008384201488022039
1440.0,380.38780826624486,256.935375,0.008270324539973912
1440.0,380.38780826624486,257.10075,0.008157015829340199
1440.0,380.38780826624486,257.26612500000005,0.008044291444380434
1440.0,380.38780826624486,257.4315,0.007932167401666171
1440.0,380.38780826624486,257.596875,0.00782065964405349
1440.0,380.38780826624486,257.76225000000005,0.0077097840386586595
1440.0,380.38780826624486,257.92762500000003,0.007599556374892593
1440.0,380.38780826624486,258.093,0.007489992362515605
1440.0,380.38780826624486,258.258375,0.007381107629733252
1440.0,380.38780826624486,258.42375000000004,0.007272917721319209
1440.0,380.38780826624486,258.589125,0.0071654380967876045
1440.0,380.38780826624486,258.7545,0.007058684128573273
1440.0,380.38780826624486,258.91987500000005,0.00695267110026427
1440.0,380.38780826624486,259.08525000000003,0.006847414204865253
1440.0,380.38780826624486,259.250625,0.00674292854308031
1440.0,380.38780826624486,259.416,0.006639229121648785
1440.0,380.38780826624486,259.58137500000004,0.006536330851699929
1440.0,380.38780826624486,259.74675,0.006434248547128808
1440.0,380.38780826624486,259.912125,0.006332996923032411
1440.0,380.38780826624486,260.07750000000004,0.006232590949692454
1440.0,380.38780826624486,260.242875,0.00613304671420124
1440.0,380.38780826624486,260.40825,0.006034378692799082
1440.0,380.38780826624486,260.57362500000005,0.005936601020487815
1440.0,380.38780826624486,260.73900000000003,0.005839727736161871
1440.0,380.38780826624486,260.904375,0.005743772790635232
1440.0,380.38780826624486,261.06975,0.0056487524517728725
1440.0,380.38780826624486,261.23512500000004,0.005554684557532464
1440.0,380.38780826624486,261.4005,0.005461582892383606
1440.0,380.38780826624486,261.565875,0.0053694606234652095
1440.0,380.38780826624486,261.73125,0.005278330776252086
1440.0,380.38780826624486,261.89662500000003,0.0051882062767415246
1440.0,380.38780826624486,262.062,0.005099099970929752
1440.0,380.38780826624486,262.227375,0.005011024597744697
1440.0,380.38780826624486,262.39275000000004,0.004923992774720772
1440.0,380.38780826624486,262.558125,0.004838017014302078
1440.0,380.38780826624486,262.7235,0.004753109722524926
1440.0,380.38780826624486,262.888875,0.004669283197731543
1440.0,380.38780826624486,263.05425,0.0045865496293022254
1440.0,380.38780826624486,263.219625,0.004504921096430518
1440.0,380.38780826624486,263.385,0.00442440957611061
1440.0,380.38780826624486,263.55037500000003,0.004345026936434547
1440.0,380.38780826624486,263.71575,0.00426678491814244
1440.0,380.38780826624486,263.881125,0.004189695147051868
1440.0,380.38780826624486,264.04650000000004,0.004113769164663816
1440.0,380.38780826624486,264.211875,0.0040390183936222694
1440.0,380.38780826624486,264.37725,0.003965454095695716
1440.0,380.38780826624486,264.542625,0.0038930874146425316
1440.0,380.38780826624486,264.708,0.0038219293753061056
1440.0,380.38780826624486,264.873375,0.003751990882637193
1440.0,380.38780826624486,265.03875,0.0036832827207430845
1440.0,380.38780826624486,265.20412500000003,0.003615815551975057
1440.0,380.38780826624486,265.3695,0.0035495999182883747
1440.0,380.38780826624486,265.534875,0.0034846462478283474
1440.0,380.38780826624486,265.70025000000004,0.003420964830339862
1440.0,380.38780826624486,265.865625,0.003358565835431553
1440.0,380.38780826624486,266.031,0.003297459318722831
1440.0,380.38780826624486,266.196375,0.0032376551909742398
1440.0,380.38780826624486,266.36175000000003,0.003179163234845646
1440.0,380.38780826624486,266.527125,0.0031219931052385427
1440.0,380.38780826624486,266.6925,0.0030661543285868
1440.0,380.38780826624486,266.85787500000004,0.0030116563021811782
1440.0,380.38780826624486,267.02325,0.0029585082935111094
1440.0,380.38780826624486,267.188625,0.0029067194396314167
1440.0,380.38780826624486,267.354,0.002856298746558299
1440.0,380.38780826624486,267.519375,0.0028072550886782803
1440.0,380.38780826624486,267.68475,0.0027595972081912636
1440.0,380.38780826624486,267.850125,0.0027133337145686678
1440.0,380.38780826624486,268.01550000000003,0.002668473084038409
1440.0,380.38780826624486,268.180875,0.0026250236590911334
1440.0,380.38780826624486,268.34625,0.002582993648007409
1440.0,380.38780826624486,268.51162500000004,0.0025423911244116717
1440.0,380.38780826624486,268.677,0.002503224026839751
1440.0,380.38780826624486,268.842375,0.0024655001583388687
1440.0,380.38780826624486,269.00775,0.0024292271860763695
1440.0,380.38780826624486,269.173125,0.0023944126409835204
1440.0,380.38780826624486,269.3385,0.0023610639174048084
1440.0,380.38780826624486,269.503875,0.0023291882727858176
1440.0,380.38780826624486,269.66925000000003,0.002298792827363521
1440.0,380.38780826624486,269.834625,0.0022698845638900104
1440.0,380.38780826624486,270.0,0.0022424703273693824
7580.0,387.1278475176199,5.4,0.0
7580.0,387.1278475176199,5.565375,0.0
7580.0,387.1278475176199,5.7307500000000005,0.0
7580.0,387.1278475176199,5.8961250000000005,0.0
7580.0,387.1278475176199,6.0615000000000006,0.0
7580.0,387.1278475176199,6.226875000000001,0.0
7580.0,387.1278475176199,6.392250000000001,0.0
7580.0,387.1278475176199,6.557625000000001,0.0
7580.0,387.1278475176199,6.723000000000001,0.0
7580.0,387.1278475176199,6.888375000000001,0.0
7580.0,387.1278475176199,7.053750000000001,0.0
7580.0,387.1278475176199,7.219125000000001,0.0
7580.0,387.1278475176199,7.384500000000001,0.0
7580.0,387.1278475176199,7.549875,0.0
7580.0,387.1278475176199,7.715250000000001,0.0
7580.0,387.1278475176199,7.880625,0.0
7580.0,387.1278475176199,8.046000000000001,0.0
7580.0,387.1278475176199,8.211375,0.0
7580.0,387.1278475176199,8.376750000000001,0.0
7580.0,387.1278475176199,8.542125,0.0
7580.0,387.1278475176199,8.707500000000001,0.0
7580.0,387.1278475176199,8.872875,0.0
7580.0,387.1278475176199,9.038250000000001,0.0
7580.0,387.1278475176199,9.203625,0.0
7580.0,387.1278475176199,9.369,0.0
7580.0,387.1278475176199,9.534375,0.0
7580.0,387.1278475176199,9.699750000000002,0.0
7580.0,387.1278475176199,9.865125,0.0
7580.0,387.1278475176199,10.0305,0.0
7580.0,387.1278475176199,10.195875000000001,0.0
7580.0,387.1278475176199,10.361250000000002,0.0
7580.0,387.1278475176199,10.526625000000001,0.0
7580.0,387.1278475176199,10.692,0.0
7580.0,387.1278475176199,10.857375000000001,0.0
7580.0,387.1278475176199,11.022750000000002,0.0
7580.0,387.1278475176199,11.188125000000001,0.0
7580.0,387.1278475176199,11.3535,0.0
7580.0,387.1278475176199,11.518875000000001,0.0
7580.0,387.1278475176199,11.684250000000002,0.0
7580.0,387.1278475176199,11.849625000000001,0.0
7580.0,387.1278475176199,12.015,0.0
7580.0,387.1278475176199,12.180375000000002,0.0
7580.0,387.1278475176199,12.345750000000002,0.0
7580.0,387.1278475176199,12.511125000000002,0.0
7580.0,387.1278475176199,12.6765,0.0
7580.0,387.1278475176199,12.841875000000002,0.0
7580.0,387.1278475176199,13.007250000000003,0.0
7580.0,387.1278475176199,13.172625000000002,0.0
7580.0,387.1278475176199,13.338000000000001,0.0
7580.0,387.1278475176199,13.503375000000002,0.0
7580.0,387.1278475176199,13.668750000000001,0.0
7580.0,387.1278475176199,13.834125000000002,0.0
7580.0,387.1278475176199,13.999500000000001,0.0
7580.0,387.1278475176199,14.164875000000002,0.0
7580.0,387.1278475176199,14.330250000000001,0.0
7580.0,387.1278475176199,14.495625000000002,0.0
7580.0,387.1278475176199,14.661000000000001,0.0
7580.0,387.1278475176199,14.826375000000002,0.0
7580.0,387.1278475176199,14.991750000000001,0.0
7580.0,387.1278475176199,15.157125000000002,0.0
7580.0,387.1278475176199,15.322500000000002,0.0
7580.0,387.1278475176199,15.487875000000003,0.0
7580.0,387.1278475176199,15.653250000000002,0.0
7580.0,387.1278475176199,15.818625000000003,0.0
7580.0,387.1278475176199,15.984000000000002,0.0
7580.0,387.1278475176199,16.149375,0.0
7580.0,387.1278475176199,16.314750000000004,0.0
7580.0,387.1278475176199,16.480125,0.0
7580.0,387.1278475176199,16.645500000000002,0.0
7580.0,387.1278475176199,16.810875000000003,0.0
7580.0,387.1278475176199,16.97625,0.0
7580.0,387.1278475176199,17.141625,0.0
7580.0,387.1278475176199,17.307000000000002,0.0
7580.0,387.1278475176199,17.472375,0.0
7580.0,387.1278475176199,17.637750000000004,0.0
7580.0,387.1278475176199,17.803125,0.0
7580.0,387.1278475176199,17.968500000000002,0.0
7580.0,387.1278475176199,18.133875000000003,0.0
7580.0,387.1278475176199,18.29925,0.0
7580.0,387.1278475176199,18.464625,0.0
7580.0,387.1278475176199,18.630000000000003,0.0
7580.0,387.1278475176199,18.795375,0.0
7580.0,387.1278475176199,18.960750000000004,0.0
7580.0,387.1278475176199,19.126125000000002,0.0
7580.0,387.1278475176199,19.291500000000003,0.0
7580.0,387.1278475176199,19.456875000000004,0.0
7580.0,387.1278475176199,19.62225,0.0
7580.0,387.1278475176199,19.787625000000002,0.0
7580.0,387.1278475176199,19.953000000000003,0.0
7580.0,387.1278475176199,20.118375,0.0
7580.0,387.1278475176199,20.283750000000005,0.0
7580.0,387.1278475176199,20.449125000000002,0.0
7580.0,387.1278475176199,20.614500000000003,0.0
7580.0,387.1278475176199,20.779875000000004,0.0
7580.0,387.1278475176199,20.94525,0.0
7580.0,387.1278475176199,21.110625000000002,0.0
7580.0,387.1278475176199,21.276000000000003,0.0
7580.0,387.1278475176199,21.441375,0.0
7580.0,387.1278475176199,21.606750000000005,0.0
7580.0,387.1278475176199,21.772125000000003,0.0
7580.0,387.1278475176199,21.9375,0.0
7580.0,387.1278475176199,22.102875000000004,0.0
7580.0,387.1278475176199,22.268250000000002,0.0
7580.0,387.1278475176199,22.433625,0.0
7580.0,387.1278475176199,22.599000000000004,0.0
7580.0,387.1278475176199,22.764375,0.0
7580.0,387.1278475176199,22.929750000000006,0.0
7580.0,387.1278475176199,23.095125000000003,0.0
7580.0,387.1278475176199,23.2605,0.0
7580.0,387.1278475176199,23.425875000000005,0.0
7580.0,387.1278475176199,23.591250000000002,0.0
7580.0,387.1278475176199,23.756625,0.0
7580.0,387.1278475176199,23.922000000000004,0.0
7580.0,387.1278475176199,24.087375,0.0
7580.0,387.1278475176199,24.252750000000006,0.0
7580.0,387.1278475176199,24.418125000000003,0.0
7580.0,387.1278475176199,24.5835,0.0
7580.0,387.1278475176199,24.748875000000005,0.0
7580.0,387.1278475176199,24.914250000000003,0.0
7580.0,387.1278475176199,25.079625,0.0
7580.0,387.1278475176199,25.245000000000005,0.0
7580.0,387.1278475176199,25.410375000000002,0.0
7580.0,387.1278475176199,25.575750000000006,0.0
7580.0,387.1278475176199,25.741125000000004,0.0
7580.0,387.1278475176199,25.9065,0.0
7580.0,387.1278475176199,26.071875000000006,0.0
7580.0,387.1278475176199,26.237250000000003,0.0
7580.0,387.1278475176199,26.402625,0.0
7580.0,387.1278475176199,26.568000000000005,0.0
7580.0,387.1278475176199,26.733375000000002,0.0
7580.0,387.1278475176199,26.89875,0.0
7580.0,387.1278475176199,27.064125000000004,0.0
7580.0,387.1278475176199,27.2295,0.0
7580.0,387.1278475176199,27.394875000000006,0.0
7580.0,387.1278475176199,27.560250000000003,0.0
7580.0,387.1278475176199,27.725625,0.0
7580.0,387.1278475176199,27.891000000000005,0.0
7580.0,387.1278475176199,28.056375000000003,0.0
7580.0,387.1278475176199,28.22175,0.0
7580.0,387.1278475176199,28.387125000000005,0.0
7580.0,387.1278475176199,28.552500000000002,0.0
7580.0,387.1278475176199,28.717875000000006,0.0
7580.0,387.1278475176199,28.883250000000004,0.0
7580.0,387.1278475176199,29.048625,0.0
7580.0,387.1278475176199,29.214000000000006,0.0
7580.0,387.1278475176199,29.379375000000003,0.0
7580.0,387.1278475176199,29.54475,0.0
7580.0,387.1278475176199,29.710125000000005,0.0
7580.0,387.1278475176199,29.875500000000002,0.0
7580.0,387.1278475176199,30.040875000000007,0.0
7580.0,387.1278475176199,30.206250000000004,0.0
7580.0,387.1278475176199,30.371625,0.0
7580.0,387.1278475176199,30.537000000000006,0.0
7580.0,387.1278475176199,30.702375000000004,0.0
7580.0,387.1278475176199,30.86775,0.0
7580.0,387.1278475176199,31.033125000000005,0.0
7580.0,387.1278475176199,31.198500000000003,0.0
7580.0,387.1278475176199,31.363875000000007,0.0
7580.0,387.1278475176199,31.529250000000005,0.0
7580.0,387.1278475176199,31.694625000000002,0.0
7580.0,387.1278475176199,31.860000000000007,0.0
7580.0,387.1278475176199,32.025375000000004,0.0
7580.0,387.1278475176199,32.19075,0.0
7580.0,387.1278475176199,32.356125000000006,0.0
7580.0,387.1278475176199,32.5215,0.0
7580.0,387.1278475176199,32.686875,0.0
7580.0,387.1278475176199,32.852250000000005,0.0
7580.0,387.1278475176199,33.017625,0.0
7580.0,387.1278475176199,33.18300000000001,0.0
7580.0,387.1278475176199,33.348375000000004,0.0
7580.0,387.1278475176199,33.51375,0.0
7580.0,387.1278475176199,33.679125000000006,0.0
7580.0,387.1278475176199,33.844500000000004,0.0
7580.0,387.1278475176199,34.009875,0.0
7580.0,387.1278475176199,34.175250000000005,0.0
7580.0,387.1278475176199,34.340625,0.0
7580.0,387.1278475176199,34.50600000000001,0.0
7580.0,387.1278475176199,34.671375000000005,0.0
7580.0,387.1278475176199,34.83675,0.0
7580.0,387.1278475176199,35.00212500000001,0.0
7580.0,387.1278475176199,35.167500000000004,0.0
7580.0,387.1278475176199,35.332875,0.0
7580.0,387.1278475176199,35.498250000000006,0.0
7580.0,387.1278475176199,35.663625,0.0
7580.0,387.1278475176199,35.82900000000001,0.0
7580.0,387.1278475176199,35.994375000000005,0.0
7580.0,387.1278475176199,36.15975,0.0
7580.0,387.1278475176199,36.32512500000001,0.0
7580.0,387.1278475176199,36.490500000000004,0.0
7580.0,387.1278475176199,36.655875,0.0
7580.0,387.1278475176199,36.821250000000006,0.0
7580.0,387.1278475176199,36.986625000000004,0.0
7580.0,387.1278475176199,37.152,0.0
7580.0,387.1278475176199,37.317375000000006,0.0
7580.0,387.1278475176199,37.48275,0.0
7580.0,387.1278475176199,37.648125,0.0
7580.0,387.1278475176199,37.813500000000005,0.0
7580.0,387.1278475176199,37.978875,0.0
7580.0,387.1278475176199,38.14425,0.0
7580.0,387.1278475176199,38.309625000000004,0.0
7580.0,387.1278475176199,38.475,0.0
7580.0,387.1278475176199,38.640375000000006,0.0
7580.0,387.1278475176199,38.80575,0.0
7580.0,387.1278475176199,38.971125,0.0
7580.0,387.1278475176199,39.136500000000005,0.0
7580.0,387.1278475176199,39.301875,0.0
7580.0,387.1278475176199,39.46725,0.0
7580.0,387.1278475176199,39.632625000000004,0.0
7580.0,387.1278475176199,39.798,0.0
7580.0,387.1278475176199,39.963375000000006,0.0
7580.0,387.1278475176199,40.128750000000004,0.0
7580.0,387.1278475176199,40.294125,0.0
7580.0,387.1278475176199,40.459500000000006,0.0
7580.0,387.1278475176199,40.624875,0.0
7580.0,387.1278475176199,40.79025,0.0
7580.0,387.1278475176199,40.955625000000005,0.0
7580.0,387.1278475176199,41.121,0.0
7580.0,387.1278475176199,41.28637500000001,0.0
7580.0,387.1278475176199,41.451750000000004,0.0
7580.0,387.1278475176199,41.617125,0.0
7580.0,387.1278475176199,41.782500000000006,0.0
7580.0,387.1278475176199,41.947875,0.0
7580.0,387.1278475176199,42.11325,0.0
7580.0,387.1278475176199,42.278625000000005,0.0
7580.0,387.1278475176199,42.444,0.0
7580.0,387.1278475176199,42.609375,0.0
7580.0,387.1278475176199,42.774750000000004,0.0
7580.0,387.1278475176199,42.940125,0.0
7580.0,387.1278475176199,43.105500000000006,0.0
7580.0,387.1278475176199,43.270875000000004,0.0
7580.0,387.1278475176199,43.43625,0.0
7580.0,387.1278475176199,43.601625000000006,0.0
7580.0,387.1278475176199,43.767,0.0
7580.0,387.1278475176199,43.932375,0.0
7580.0,387.1278475176199,44.097750000000005,0.0
7580.0,387.1278475176199,44.263125,0.0
7580.0,387.1278475176199,44.42850000000001,0.0
7580.0,387.1278475176199,44.593875000000004,0.0
7580.0,387.1278475176199,44.75925,0.0
7580.0,387.1278475176199,44.924625000000006,0.0
7580.0,387.1278475176199,45.09,0.0
7580.0,387.1278475176199,45.255375,0.0
7580.0,387.1278475176199,45.420750000000005,0.0
7580.0,387.1278475176199,45.586125,0.0
7580.0,387.1278475176199,45.75150000000001,0.0
7580.0,387.1278475176199,45.916875000000005,0.0
7580.0,387.1278475176199,46.08225,0.0
7580.0,387.1278475176199,46.247625000000006,0.0
7580.0,387.1278475176199,46.413000000000004,0.0
7580.0,387.1278475176199,46.578375,0.0
7580.0,387.1278475176199,46.743750000000006,0.0
7580.0,387.1278475176199,46.909125,0.0
7580.0,387.1278475176199,47.07450000000001,0.0
7580.0,387.1278475176199,47.239875000000005,0.0
7580.0,387.1278475176199,47.40525,0.0
7580.0,387.1278475176199,47.57062500000001,0.0
7580.0,387.1278475176199,47.736000000000004,0.0
7580.0,387.1278475176199,47.901375,0.0
7580.0,387.1278475176199,48.066750000000006,0.0
7580.0,387.1278475176199,48.232125,0.0
7580.0,387.1278475176199,48.3975,0.0
7580.0,387.1278475176199,48.562875000000005,0.0
7580.0,387.1278475176199,48.72825,0.0
7580.0,387.1278475176199,48.89362500000001,0.0
7580.0,387.1278475176199,49.059000000000005,0.0
7580.0,387.1278475176199,49.224375,0.0
7580.0,387.1278475176199,49.38975000000001,0.0
7580.0,387.1278475176199,49.555125000000004,0.0
7580.0,387.1278475176199,49.7205,0.0
7580.0,387.1278475176199,49.885875000000006,0.0
7580.0,387.1278475176199,50.05125,0.0
7580.0,387.1278475176199,50.21662500000001,0.0
7580.0,387.1278475176199,50.382000000000005,0.0
7580.0,387.1278475176199,50.547375,0.0
7580.0,387.1278475176199,50.71275000000001,0.0
7580.0,387.1278475176199,50.878125000000004,0.0
7580.0,387.1278475176199,51.0435,0.0
7580.0,387.1278475176199,51.208875000000006,0.0
7580.0,387.1278475176199,51.37425,0.0
7580.0,387.1278475176199,51.53962500000001,0.0
7580.0,387.1278475176199,51.705000000000005,0.0
7580.0,387.1278475176199,51.870375,0.0
7580.0,387.1278475176199,52.03575000000001,0.0
7580.0,387.1278475176199,52.201125000000005,0.0
7580.0,387.1278475176199,52.3665,0.0
7580.0,387.1278475176199,52.53187500000001,0.0
7580.0,387.1278475176199,52.697250000000004,0.0
7580.0,387.1278475176199,52.86262500000001,0.0
7580.0,387.1278475176199,53.028000000000006,0.0
7580.0,387.1278475176199,53.193375,0.0
7580.0,387.1278475176199,53.35875000000001,0.0
7580.0,387.1278475176199,53.524125000000005,0.0
7580.0,387.1278475176199,53.6895,0.0
7580.0,387.1278475176199,53.85487500000001,0.0
7580.0,387.1278475176199,54.020250000000004,0.0
7580.0,387.1278475176199,54.185625,0.0
7580.0,387.1278475176199,54.351000000000006,0.0
7580.0,387.1278475176199,54.516375000000004,0.0
7580.0,387.1278475176199,54.68175000000001,0.0
7580.0,387.1278475176199,54.847125000000005,0.0
7580.0,387.1278475176199,55.0125,0.0
7580.0,387.1278475176199,55.17787500000001,0.0
7580.0,387.1278475176199,55.343250000000005,0.0
7580.0,387.1278475176199,55.508625,0.0
7580.0,387.1278475176199,55.67400000000001,0.0
7580.0,387.1278475176199,55.839375000000004,0.0
7580.0,387.1278475176199,56.00475000000001,0.0
7580.0,387.1278475176199,56.170125000000006,0.0
7580.0,387.1278475176199,56.3355,0.0
7580.0,387.1278475176199,56.50087500000001,0.0
7580.0,387.1278475176199,56.666250000000005,0.0
7580.0,387.1278475176199,56.831625,0.0
7580.0,387.1278475176199,56.99700000000001,0.0
7580.0,387.1278475176199,57.162375000000004,0.0
7580.0,387.1278475176199,57.32775000000001,0.0
7580.0,387.1278475176199,57.493125000000006,0.0
7580.0,387.1278475176199,57.658500000000004,0.0
7580.0,387.1278475176199,57.82387500000001,0.0
7580.0,387.1278475176199,57.989250000000006,0.0
7580.0,387.1278475176199,58.154625,0.0
7580.0,387.1278475176199,58.32000000000001,0.0
7580.0,387.1278475176199,58.485375000000005,0.0
7580.0,387.1278475176199,58.65075,0.0
7580.0,387.1278475176199,58.81612500000001,0.0
7580.0,387.1278475176199,58.981500000000004,0.0
7580.0,387.1278475176199,59.14687500000001,0.0
7580.0,387.1278475176199,59.312250000000006,0.0
7580.0,387.1278475176199,59.477625,0.0
7580.0,387.1278475176199,59.64300000000001,0.0
7580.0,387.1278475176199,59.808375000000005,0.0
7580.0,387.1278475176199,59.97375,0.0
7580.0,387.1278475176199,60.13912500000001,0.0
7580.0,387.1278475176199,60.304500000000004,0.0
7580.0,387.1278475176199,60.46987500000001,0.0
7580.0,387.1278475176199,60.635250000000006,0.0
7580.0,387.1278475176199,60.800625000000004,0.0
7580.0,387.1278475176199,60.96600000000001,0.0
7580.0,387.1278475176199,61.131375000000006,0.0
7580.0,387.1278475176199,61.29675,0.0
7580.0,387.1278475176199,61.46212500000001,0.0
7580.0,387.1278475176199,61.627500000000005,0.0
7580.0,387.1278475176199,61.79287500000001,0.0
7580.0,387.1278475176199,61.95825000000001,0.0
7580.0,387.1278475176199,62.123625000000004,0.0
7580.0,387.1278475176199,62.28900000000001,0.0
7580.0,387.1278475176199,62.454375000000006,0.0
7580.0,387.1278475176199,62.61975,0.0
7580.0,387.1278475176199,62.78512500000001,0.0
7580.0,387.1278475176199,62.950500000000005,0.0
7580.0,387.1278475176199,63.11587500000001,0.0
7580.0,387.1278475176199,63.28125000000001,0.0
7580.0,387.1278475176199,63.446625000000004,0.0
7580.0,387.1278475176199,63.61200000000001,0.0
7580.0,387.1278475176199,63.777375000000006,0.0
7580.0,387.1278475176199,63.942750000000004,0.0
7580.0,387.1278475176199,64.10812500000002,0.0
7580.0,387.1278475176199,64.27350000000001,0.0
7580.0,387.1278475176199,64.43887500000001,0.0
7580.0,387.1278475176199,64.60425000000001,0.0
7580.0,387.1278475176199,64.769625,0.0
7580.0,387.1278475176199,64.93500000000002,0.0
7580.0,387.1278475176199,65.10037500000001,0.0
7580.0,387.1278475176199,65.26575000000001,0.0
7580.0,387.1278475176199,65.43112500000001,0.0
7580.0,387.1278475176199,65.5965,0.0
7580.0,387.1278475176199,65.761875,0.0
7580.0,387.1278475176199,65.92725000000002,0.0
7580.0,387.1278475176199,66.09262500000001,0.0
7580.0,387.1278475176199,66.25800000000001,0.0
7580.0,387.1278475176199,66.42337500000001,0.0
7580.0,387.1278475176199,66.58875,0.0
7580.0,387.1278475176199,66.75412500000002,0.0
7580.0,387.1278475176199,66.91950000000001,0.0
7580.0,387.1278475176199,67.08487500000001,0.0
7580.0,387.1278475176199,67.25025000000001,0.0
7580.0,387.1278475176199,67.415625,0.0
7580.0,387.1278475176199,67.58100000000002,0.0
7580.0,387.1278475176199,67.74637500000001,0.0
7580.0,387.1278475176199,67.91175000000001,0.0
7580.0,387.1278475176199,68.07712500000001,0.0
7580.0,387.1278475176199,68.2425,0.0
7580.0,387.1278475176199,68.407875,0.0
7580.0,387.1278475176199,68.57325000000002,0.0
7580.0,387.1278475176199,68.73862500000001,0.0
7580.0,387.1278475176199,68.90400000000001,0.0
7580.0,387.1278475176199,69.06937500000001,0.0
7580.0,387.1278475176199,69.23475,0.0
7580.0,387.1278475176199,69.40012500000002,0.0
7580.0,387.1278475176199,69.56550000000001,0.0
7580.0,387.1278475176199,69.73087500000001,0.0
7580.0,387.1278475176199,69.89625000000001,0.0
7580.0,387.1278475176199,70.06162500000002,0.0
7580.0,387.1278475176199,70.22700000000002,0.0
7580.0,387.1278475176199,70.39237500000002,0.0
7580.0,387.1278475176199,70.55775000000001,0.0
7580.0,387.1278475176199,70.72312500000001,0.0
7580.0,387.1278475176199,70.88850000000001,0.0
7580.0,387.1278475176199,71.05387500000002,0.0
7580.0,387.1278475176199,71.21925000000002,0.0
7580.0,387.1278475176199,71.38462500000001,0.0
7580.0,387.1278475176199,71.55000000000001,0.0
7580.0,387.1278475176199,71.71537500000001,0.0
7580.0,387.1278475176199,71.88075000000002,0.0
7580.0,387.1278475176199,72.04612500000002,0.0
7580.0,387.1278475176199,72.21150000000002,0.0
7580.0,387.1278475176199,72.37687500000001,0.0
7580.0,387.1278475176199,72.54225000000001,0.0
7580.0,387.1278475176199,72.70762500000002,0.0
7580.0,387.1278475176199,72.87300000000002,0.0
7580.0,387.1278475176199,73.03837500000002,0.0
7580.0,387.1278475176199,73.20375000000001,0.0
7580.0,387.1278475176199,73.36912500000001,0.0
7580.0,387.1278475176199,73.53450000000001,0.0
7580.0,387.1278475176199,73.69987500000002,0.0
7580.0,387.1278475176199,73.86525000000002,0.0
7580.0,387.1278475176199,74.03062500000001,0.0
7580.0,387.1278475176199,74.19600000000001,0.0
7580.0,387.1278475176199,74.36137500000001,0.0
7580.0,387.1278475176199,74.52675000000002,0.0
7580.0,387.1278475176199,74.69212500000002,0.0
7580.0,387.1278475176199,74.85750000000002,0.0
7580.0,387.1278475176199,75.02287500000001,0.0
7580.0,387.1278475176199,75.18825000000001,0.0
7580.0,387.1278475176199,75.35362500000001,0.0
7580.0,387.1278475176199,75.51900000000002,0.0
7580.0,387.1278475176199,75.68437500000002,0.0
7580.0,387.1278475176199,75.84975000000001,0.0
7580.0,387.1278475176199,76.01512500000001,0.0
7580.0,387.1278475176199,76.18050000000001,0.0
7580.0,387.1278475176199,76.34587500000002,0.0
7580.0,387.1278475176199,76.51125000000002,0.0
7580.0,387.1278475176199,76.67662500000002,0.0
7580.0,387.1278475176199,76.84200000000001,0.0
7580.0,387.1278475176199,77.00737500000001,0.0
7580.0,387.1278475176199,77.17275000000002,0.0
7580.0,387.1278475176199,77.33812500000002,0.0
7580.0,387.1278475176199,77.50350000000002,0.0
7580.0,387.1278475176199,77.66887500000001,0.0
7580.0,387.1278475176199,77.83425000000001,0.0
7580.0,387.1278475176199,77.99962500000001,0.0
7580.0,387.1278475176199,78.16500000000002,0.0
7580.0,387.1278475176199,78.33037500000002,0.0
7580.0,387.1278475176199,78.49575000000002,0.0
7580.0,387.1278475176199,78.66112500000001,0.0
7580.0,387.1278475176199,78.82650000000001,0.0
7580.0,387.1278475176199,78.99187500000002,0.0
7580.0,387.1278475176199,79.15725000000002,0.0
7580.0,387.1278475176199,79.32262500000002,0.0
7580.0,387.1278475176199,79.48800000000001,0.0
7580.0,387.1278475176199,79.65337500000001,0.0
7580.0,387.1278475176199,79.81875000000001,0.0
7580.0,387.1278475176199,79.98412500000002,0.0
7580.0,387.1278475176199,80.14950000000002,0.0
7580.0,387.1278475176199,80.31487500000001,0.0
7580.0,387.1278475176199,80.48025000000001,0.0
7580.0,387.1278475176199,80.64562500000001,0.0
7580.0,387.1278475176199,80.81100000000002,0.0
7580.0,387.1278475176199,80.97637500000002,0.0
7580.0,387.1278475176199,81.14175000000002,0.0
7580.0,387.1278475176199,81.30712500000001,0.0
7580.0,387.1278475176199,81.47250000000001,0.0
7580.0,387.1278475176199,81.63787500000002,0.0
7580.0,387.1278475176199,81.80325000000002,0.0
7580.0,387.1278475176199,81.96862500000002,0.0
7580.0,387.1278475176199,82.13400000000001,0.0
7580.0,387.1278475176199,82.29937500000001,0.0
7580.0,387.1278475176199,82.46475000000001,0.0
7580.0,387.1278475176199,82.63012500000002,0.0
7580.0,387.1278475176199,82.79550000000002,0.0
7580.0,387.1278475176199,82.96087500000002,0.0
7580.0,387.1278475176199,83.12625000000001,0.0
7580.0,387.1278475176199,83.29162500000001,0.0
7580.0,387.1278475176199,83.45700000000002,0.0
7580.0,387.1278475176199,83.62237500000002,0.0
7580.0,387.1278475176199,83.78775000000002,0.0
7580.0,387.1278475176199,83.95312500000001,0.0
7580.0,387.1278475176199,84.11850000000001,0.0
7580.0,387.1278475176199,84.28387500000002,0.0
7580.0,387.1278475176199,84.44925000000002,0.0
7580.0,387.1278475176199,84.61462500000002,0.0
7580.0,387.1278475176199,84.78000000000002,0.0
7580.0,387.1278475176199,84.94537500000001,0.0
7580.0,387.1278475176199,85.11075000000001,0.0
7580.0,387.1278475176199,85.27612500000002,0.0
7580.0,387.1278475176199,85.44150000000002,0.0
7580.0,387.1278475176199,85.60687500000002,0.0
7580.0,387.1278475176199,85.77225000000001,0.0
7580.0,387.1278475176199,85.93762500000001,0.0
7580.0,387.1278475176199,86.10300000000002,0.0
7580.0,387.1278475176199,86.26837500000002,0.0
7580.0,387.1278475176199,86.43375000000002,0.0
7580.0,387.1278475176199,86.59912500000002,0.0
7580.0,387.1278475176199,86.76450000000001,0.0
7580.0,387.1278475176199,86.92987500000001,0.0
7580.0,387.1278475176199,87.09525000000002,0.0
7580.0,387.1278475176199,87.26062500000002,0.0
7580.0,387.1278475176199,87.42600000000002,0.0
7580.0,387.1278475176199,87.59137500000001,0.0
7580.0,387.1278475176199,87.75675000000001,0.0
7580.0,387.1278475176199,87.92212500000002,0.0
7580.0,387.1278475176199,88.08750000000002,0.0
7580.0,387.1278475176199,88.25287500000002,0.0
7580.0,387.1278475176199,88.41825000000001,0.0
7580.0,387.1278475176199,88.58362500000001,0.0
7580.0,387.1278475176199,88.74900000000002,0.0
7580.0,387.1278475176199,88.91437500000002,0.0
7580.0,387.1278475176199,89.07975000000002,0.0
7580.0,387.1278475176199,89.24512500000002,0.0
7580.0,387.1278475176199,89.41050000000001,0.0
7580.0,387.1278475176199,89.57587500000001,0.0
7580.0,387.1278475176199,89.74125000000002,0.0
7580.0,387.1278475176199,89.90662500000002,0.0
7580.0,387.1278475176199,90.07200000000002,0.0
7580.0,387.1278475176199,90.23737500000001,0.0
7580.0,387.1278475176199,90.40275000000001,0.0
7580.0,387.1278475176199,90.56812500000002,0.0
7580.0,387.1278475176199,90.73350000000002,0.0
7580.0,387.1278475176199,90.89887500000002,0.0
7580.0,387.1278475176199,91.06425000000002,0.0
7580.0,387.1278475176199,91.22962500000001,0.0
7580.0,387.1278475176199,91.39500000000001,0.0
7580.0,387.1278475176199,91.56037500000002,0.0
7580.0,387.1278475176199,91.72575000000002,0.0
7580.0,387.1278475176199,91.89112500000002,0.0
7580.0,387.1278475176199,92.05650000000001,0.0
7580.0,387.1278475176199,92.22187500000001,0.0
7580.0,387.1278475176199,92.38725000000002,0.0
7580.0,387.1278475176199,92.55262500000002,0.0
7580.0,387.1278475176199,92.71800000000002,0.0
7580.0,387.1278475176199,92.88337500000002,0.0
7580.0,387.1278475176199,93.04875000000001,0.0
7580.0,387.1278475176199,93.21412500000002,0.0
7580.0,387.1278475176199,93.37950000000002,0.0
7580.0,387.1278475176199,93.54487500000002,0.0
7580.0,387.1278475176199,93.71025000000002,0.0
7580.0,387.1278475176199,93.87562500000001,0.0
7580.0,387.1278475176199,94.04100000000001,0.0
7580.0,387.1278475176199,94.20637500000002,0.0
7580.0,387.1278475176199,94.37175000000002,0.0
7580.0,387.1278475176199,94.53712500000002,0.0
7580.0,387.1278475176199,94.70250000000001,0.0
7580.0,387.1278475176199,94.86787500000001,0.0
7580.0,387.1278475176199,95.03325000000002,0.0
7580.0,387.1278475176199,95.19862500000002,0.0
7580.0,387.1278475176199,95.36400000000002,0.0
7580.0,387.1278475176199,95.52937500000002,0.0
7580.0,387.1278475176199,95.69475000000001,0.0
7580.0,387.1278475176199,95.86012500000001,0.0
7580.0,387.1278475176199,96.02550000000002,0.0
7580.0,387.1278475176199,96.19087500000002,0.0
7580.0,387.1278475176199,96.35625000000002,0.0
7580.0,387.1278475176199,96.52162500000001,0.0
7580.0,387.1278475176199,96.68700000000001,0.0
7580.0,387.1278475176199,96.85237500000002,0.0
7580.0,387.1278475176199,97.01775000000002,0.0
7580.0,387.1278475176199,97.18312500000002,0.0
7580.0,387.1278475176199,97.34850000000002,0.0
7580.0,387.1278475176199,97.51387500000001,0.0
7580.0,387.1278475176199,97.67925000000002,0.0
7580.0,387.1278475176199,97.84462500000002,0.0
7580.0,387.1278475176199,98.01000000000002,0.0
7580.0,387.1278475176199,98.17537500000002,0.0
7580.0,387.1278475176199,98.34075000000001,0.0
7580.0,387.1278475176199,98.50612500000001,0.0
7580.0,387.1278475176199,98.67150000000002,0.0
7580.0,387.1278475176199,98.83687500000002,0.0
7580.0,387.1278475176199,99.00225000000002,0.0
7580.0,387.1278475176199,99.16762500000002,0.0
7580.0,387.1278475176199,99.33300000000001,0.0
7580.0,387.1278475176199,99.49837500000002,0.0
7580.0,387.1278475176199,99.66375000000002,0.0
7580.0,387.1278475176199,99.82912500000002,0.0
7580.0,387.1278475176199,99.99450000000002,0.0
7580.0,387.1278475176199,100.15987500000001,0.0
7580.0,387.1278475176199,100.32525000000003,0.0
7580.0,387.1278475176199,100.49062500000002,0.0
7580.0,387.1278475176199,100.65600000000002,0.0
7580.0,387.1278475176199,100.82137500000002,0.0
7580.0,387.1278475176199,100.98675000000001,0.0
7580.0,387.1278475176199,101.15212500000001,0.0
7580.0,387.1278475176199,101.31750000000002,0.0
7580.0,387.1278475176199,101.48287500000002,0.0
7580.0,387.1278475176199,101.64825000000002,0.0
7580.0,387.1278475176199,101.81362500000002,0.0
7580.0,387.1278475176199,101.97900000000001,0.0
7580.0,387.1278475176199,102.14437500000003,0.0
7580.0,387.1278475176199,102.30975000000002,0.0
7580.0,387.1278475176199,102.47512500000002,0.0
7580.0,387.1278475176199,102.64050000000002,0.0
7580.0,387.1278475176199,102.80587500000001,0.0
7580.0,387.1278475176199,102.97125000000001,0.0
7580.0,387.1278475176199,103.13662500000002,0.0
7580.0,387.1278475176199,103.30200000000002,0.0
7580.0,387.1278475176199,103.46737500000002,0.0
7580.0,387.1278475176199,103.63275000000002,0.0
7580.0,387.1278475176199,103.79812500000001,0.0
7580.0,387.1278475176199,103.96350000000002,0.0
7580.0,387.1278475176199,104.12887500000002,0.0
7580.0,387.1278475176199,104.29425000000002,0.0
7580.0,387.1278475176199,104.45962500000002,0.0
7580.0,387.1278475176199,104.62500000000001,0.0
7580.0,387.1278475176199,104.79037500000003,0.0
7580.0,387.1278475176199,104.95575000000002,0.0
7580.0,387.1278475176199,105.12112500000002,0.0
7580.0,387.1278475176199,105.28650000000002,0.0
7580.0,387.1278475176199,105.45187500000002,0.0
7580.0,387.1278475176199,105.61725000000001,0.0
7580.0,387.1278475176199,105.78262500000002,0.0
7580.0,387.1278475176199,105.94800000000002,0.0
7580.0,387.1278475176199,106.11337500000002,0.0
7580.0,387.1278475176199,106.27875000000002,0.0
7580.0,387.1278475176199,106.44412500000001,0.0
7580.0,387.1278475176199,106.60950000000003,0.0
7580.0,387.1278475176199,106.77487500000002,0.0
7580.0,387.1278475176199,106.94025000000002,0.0
7580.0,387.1278475176199,107.10562500000002,0.0
7580.0,387.1278475176199,107.27100000000002,0.0
7580.0,387.1278475176199,107.43637500000001,0.0
7580.0,387.1278475176199,107.60175000000002,0.0
7580.0,387.1278475176199,107.76712500000002,0.0
7580.0,387.1278475176199,107.93250000000002,0.0
7580.0,387.1278475176199,108.09787500000002,0.0
7580.0,387.1278475176199,108.26325000000001,0.0
7580.0,387.1278475176199,108.42862500000003,0.0
7580.0,387.1278475176199,108.59400000000002,0.0
7580.0,387.1278475176199,108.75937500000002,0.0
7580.0,387.1278475176199,108.92475000000002,0.0
7580.0,387.1278475176199,109.09012500000001,0.0
7580.0,387.1278475176199,109.25550000000003,0.0
7580.0,387.1278475176199,109.42087500000002,0.0
7580.0,387.1278475176199,109.58625000000002,0.0
7580.0,387.1278475176199,109.75162500000002,0.0
7580.0,387.1278475176199,109.91700000000002,0.0
7580.0,387.1278475176199,110.08237500000001,0.0
7580.0,387.1278475176199,110.24775000000002,0.0
7580.0,387.1278475176199,110.41312500000002,0.0
7580.0,387.1278475176199,110.57850000000002,0.0
7580.0,387.1278475176199,110.74387500000002,0.0
7580.0,387.1278475176199,110.90925000000001,0.0
7580.0,387.1278475176199,111.07462500000003,0.0
7580.0,387.1278475176199,111.24000000000002,0.0
7580.0,387.1278475176199,111.40537500000002,0.0
7580.0,387.1278475176199,111.57075000000002,0.0
7580.0,387.1278475176199,111.73612500000002,0.0
7580.0,387.1278475176199,111.90150000000001,0.0
7580.0,387.1278475176199,112.06687500000002,0.0
7580.0,387.1278475176199,112.23225000000002,0.0
7580.0,387.1278475176199,112.39762500000002,0.0
7580.0,387.1278475176199,112.56300000000002,0.0
7580.0,387.1278475176199,112.72837500000001,0.0
7580.0,387.1278475176199,112.89375000000003,0.0
7580.0,387.1278475176199,113.05912500000002,0.0
7580.0,387.1278475176199,113.22450000000002,0.0
7580.0,387.1278475176199,113.38987500000002,0.0
7580.0,387.1278475176199,113.55525000000002,0.0
7580.0,387.1278475176199,113.72062500000003,0.0
7580.0,387.1278475176199,113.88600000000002,0.0
7580.0,387.1278475176199,114.05137500000002,0.0
7580.0,387.1278475176199,114.21675000000002,0.0
7580.0,387.1278475176199,114.38212500000002,0.0
7580.0,387.1278475176199,114.54750000000001,0.0
7580.0,387.1278475176199,114.71287500000003,0.0
7580.0,387.1278475176199,114.87825000000002,0.0
7580.0,387.1278475176199,115.04362500000002,0.0
7580.0,387.1278475176199,115.20900000000002,0.0
7580.0,387.1278475176199,115.37437500000001,0.0
7580.0,387.1278475176199,115.53975000000003,0.0
7580.0,387.1278475176199,115.70512500000002,0.0
7580.0,387.1278475176199,115.87050000000002,0.0
7580.0,387.1278475176199,116.03587500000002,0.0
7580.0,387.1278475176199,116.20125000000002,0.0
7580.0,387.1278475176199,116.36662500000003,0.0
7580.0,387.1278475176199,116.53200000000002,0.0
7580.0,387.1278475176199,116.69737500000002,0.0
7580.0,387.1278475176199,116.86275000000002,0.0
7580.0,387.1278475176199,117.02812500000002,0.0
7580.0,387.1278475176199,117.19350000000001,0.0
7580.0,387.1278475176199,117.35887500000003,0.0
7580.0,387.1278475176199,117.52425000000002,0.0
7580.0,387.1278475176199,117.68962500000002,0.0
7580.0,387.1278475176199,117.85500000000002,0.0
7580.0,387.1278475176199,118.02037500000002,0.0
7580.0,387.1278475176199,118.18575000000003,0.0
7580.0,387.1278475176199,118.35112500000002,0.0
7580.0,387.1278475176199,118.51650000000002,0.0
7580.0,387.1278475176199,118.68187500000002,0.0
7580.0,387.1278475176199,118.84725000000002,0.0
7580.0,387.1278475176199,119.01262500000001,0.0
7580.0,387.1278475176199,119.17800000000003,0.0
7580.0,387.1278475176199,119.34337500000002,0.0
7580.0,387.1278475176199,119.50875000000002,0.0
7580.0,387.1278475176199,119.67412500000002,0.0
7580.0,387.1278475176199,119.83950000000002,0.0
7580.0,387.1278475176199,120.00487500000003,0.0
7580.0,387.1278475176199,120.17025000000002,0.0
7580.0,387.1278475176199,120.33562500000002,0.0
7580.0,387.1278475176199,120.50100000000002,0.0
7580.0,387.1278475176199,120.66637500000002,0.0
7580.0,387.1278475176199,120.83175000000003,0.0
7580.0,387.1278475176199,120.99712500000003,0.0
7580.0,387.1278475176199,121.16250000000002,0.0
7580.0,387.1278475176199,121.32787500000002,0.0
7580.0,387.1278475176199,121.49325000000002,0.0
7580.0,387.1278475176199,121.65862500000001,0.0
7580.0,387.1278475176199,121.82400000000003,0.0
7580.0,387.1278475176199,121.98937500000002,0.0
7580.0,387.1278475176199,122.15475000000002,0.0
7580.0,387.1278475176199,122.32012500000002,0.0
7580.0,387.1278475176199,122.48550000000002,0.0
7580.0,387.1278475176199,122.65087500000003,0.0
7580.0,387.1278475176199,122.81625000000003,0.0
7580.0,387.1278475176199,122.98162500000002,0.0
7580.0,387.1278475176199,123.14700000000002,0.0
7580.0,387.1278475176199,123.31237500000002,0.0
7580.0,387.1278475176199,123.47775000000001,0.0
7580.0,387.1278475176199,123.64312500000003,0.0
7580.0,387.1278475176199,123.80850000000002,0.0
7580.0,387.1278475176199,123.97387500000002,0.0
7580.0,387.1278475176199,124.13925000000002,0.0
7580.0,387.1278475176199,124.30462500000002,0.0
7580.0,387.1278475176199,124.47000000000003,0.0
7580.0,387.1278475176199,124.63537500000002,0.0
7580.0,387.1278475176199,124.80075000000002,0.0
7580.0,387.1278475176199,124.96612500000002,0.0
7580.0,387.1278475176199,125.13150000000002,0.0
7580.0,387.1278475176199,125.29687500000003,0.0
7580.0,387.1278475176199,125.46225000000003,0.0
7580.0,387.1278475176199,125.62762500000002,0.0
7580.0,387.1278475176199,125.79300000000002,0.0
7580.0,387.1278475176199,125.95837500000002,0.0
7580.0,387.1278475176199,126.12375000000002,0.0
7580.0,387.1278475176199,126.28912500000003,0.0
7580.0,387.1278475176199,126.45450000000002,0.0
7580.0,387.1278475176199,126.61987500000002,0.0
7580.0,387.1278475176199,126.78525000000002,0.0
7580.0,387.1278475176199,126.95062500000002,0.0
7580.0,387.1278475176199,127.11600000000003,0.0
7580.0,387.1278475176199,127.28137500000003,0.0
7580.0,387.1278475176199,127.44675000000002,0.0
7580.0,387.1278475176199,127.61212500000002,0.0
7580.0,387.1278475176199,127.77750000000002,0.0
7580.0,387.1278475176199,127.94287500000002,0.0
7580.0,387.1278475176199,128.10825000000003,0.0
7580.0,387.1278475176199,128.273625,0.0
7580.0,387.1278475176199,128.43900000000002,0.0
7580.0,387.1278475176199,128.604375,0.0
7580.0,387.1278475176199,128.76975000000002,0.0
7580.0,387.1278475176199,128.93512500000003,0.0
7580.0,387.1278475176199,129.1005,0.0
7580.0,387.1278475176199,129.26587500000002,0.0
7580.0,387.1278475176199,129.43125,0.0
7580.0,387.1278475176199,129.59662500000002,0.0
7580.0,387.1278475176199,129.76200000000003,0.0
7580.0,387.1278475176199,129.927375,0.0
7580.0,387.1278475176199,130.09275000000002,0.0
7580.0,387.1278475176199,130.258125,0.0
7580.0,387.1278475176199,130.42350000000002,0.0
7580.0,387.1278475176199,130.588875,0.0
7580.0,387.1278475176199,130.75425,0.0
7580.0,387.1278475176199,130.91962500000002,0.0
7580.0,387.1278475176199,131.085,0.0
7580.0,387.1278475176199,131.25037500000002,0.0
7580.0,387.1278475176199,131.41575,0.0
7580.0,387.1278475176199,131.58112500000001,0.0
7580.0,387.1278475176199,131.74650000000003,0.0
7580.0,387.1278475176199,131.911875,0.0
7580.0,387.1278475176199,132.07725000000002,0.0
7580.0,387.1278475176199,132.242625,0.0
7580.0,387.1278475176199,132.40800000000002,0.0
7580.0,387.1278475176199,132.57337500000003,0.0
7580.0,387.1278475176199,132.73875,0.0
7580.0,387.1278475176199,132.90412500000002,0.0
7580.0,387.1278475176199,133.0695,0.0
7580.0,387.1278475176199,133.23487500000002,0.0
7580.0,387.1278475176199,133.40025000000003,0.0
7580.0,387.1278475176199,133.565625,0.0
7580.0,387.1278475176199,133.73100000000002,0.0
7580.0,387.1278475176199,133.89637500000003,0.0
7580.0,387.1278475176199,134.06175000000002,0.0
7580.0,387.1278475176199,134.22712500000003,0.0
7580.0,387.1278475176199,134.3925,0.0
7580.0,387.1278475176199,134.55787500000002,0.0
7580.0,387.1278475176199,134.72325000000004,0.0
7580.0,387.1278475176199,134.88862500000002,0.0
7580.0,387.1278475176199,135.05400000000003,0.0
7580.0,387.1278475176199,135.219375,0.0
7580.0,387.1278475176199,135.38475000000003,0.0
7580.0,387.1278475176199,135.55012500000004,0.0
7580.0,387.1278475176199,135.71550000000002,0.0
7580.0,387.1278475176199,135.88087500000003,0.0
7580.0,387.1278475176199,136.04625000000001,0.0
7580.0,387.1278475176199,136.21162500000003,0.0
7580.0,387.1278475176199,136.377,0.0
7580.0,387.1278475176199,136.54237500000002,0.0
7580.0,387.1278475176199,136.70775000000003,0.0
7580.0,387.1278475176199,136.87312500000002,0.0
7580.0,387.1278475176199,137.03850000000003,0.0
7580.0,387.1278475176199,137.203875,0.0
7580.0,387.1278475176199,137.36925000000002,0.0
7580.0,387.1278475176199,137.53462500000003,0.0
7580.0,387.1278475176199,137.70000000000002,0.0
7580.0,387.1278475176199,137.86537500000003,0.0
7580.0,387.1278475176199,138.03075,0.0
7580.0,387.1278475176199,138.19612500000002,0.0
7580.0,387.1278475176199,138.36150000000004,0.0
7580.0,387.1278475176199,138.52687500000002,0.0
7580.0,387.1278475176199,138.69225000000003,0.0
7580.0,387.1278475176199,138.857625,0.0
7580.0,387.1278475176199,139.02300000000002,0.0
7580.0,387.1278475176199,139.18837500000004,0.0
7580.0,387.1278475176199,139.35375000000002,0.0
7580.0,387.1278475176199,139.51912500000003,0.0
7580.0,387.1278475176199,139.6845,0.0
7580.0,387.1278475176199,139.84987500000003,0.0
7580.0,387.1278475176199,140.01525000000004,0.0
7580.0,387.1278475176199,140.18062500000002,0.0
7580.0,387.1278475176199,140.34600000000003,0.0
7580.0,387.1278475176199,140.51137500000002,0.0
7580.0,387.1278475176199,140.67675000000003,0.0
7580.0,387.1278475176199,140.842125,0.0
7580.0,387.1278475176199,141.00750000000002,0.0
7580.0,387.1278475176199,141.17287500000003,0.0
7580.0,387.1278475176199,141.33825000000002,0.0
7580.0,387.1278475176199,141.50362500000003,0.0
7580.0,387.1278475176199,141.669,0.0
7580.0,387.1278475176199,141.83437500000002,0.0
7580.0,387.1278475176199,141.99975000000003,0.0
7580.0,387.1278475176199,142.16512500000002,0.0
7580.0,387.1278475176199,142.33050000000003,0.0
7580.0,387.1278475176199,142.495875,0.0
7580.0,387.1278475176199,142.66125000000002,0.0
7580.0,387.1278475176199,142.82662500000004,0.0
7580.0,387.1278475176199,142.99200000000002,0.0
7580.0,387.1278475176199,143.15737500000003,0.0
7580.0,387.1278475176199,143.32275,0.0
7580.0,387.1278475176199,143.48812500000003,0.0
7580.0,387.1278475176199,143.65350000000004,0.0
7580.0,387.1278475176199,143.81887500000002,0.0
7580.0,387.1278475176199,143.98425000000003,0.0
7580.0,387.1278475176199,144.14962500000001,0.0
7580.0,387.1278475176199,144.31500000000003,0.0
7580.0,387.1278475176199,144.48037500000004,0.0
7580.0,387.1278475176199,144.64575000000002,0.0
7580.0,387.1278475176199,144.81112500000003,0.0
7580.0,387.1278475176199,144.97650000000002,0.0
7580.0,387.1278475176199,145.14187500000003,0.0
7580.0,387.1278475176199,145.30725,0.0
7580.0,387.1278475176199,145.47262500000002,0.0
7580.0,387.1278475176199,145.63800000000003,0.0
7580.0,387.1278475176199,145.80337500000002,0.0
7580.0,387.1278475176199,145.96875000000003,0.0
7580.0,387.1278475176199,146.134125,0.0
7580.0,387.1278475176199,146.29950000000002,0.0
7580.0,387.1278475176199,146.46487500000003,0.0
7580.0,387.1278475176199,146.63025000000002,0.0
7580.0,387.1278475176199,146.79562500000003,0.0
7580.0,387.1278475176199,146.961,0.0
7580.0,387.1278475176199,147.12637500000002,0.0
7580.0,387.1278475176199,147.29175000000004,0.0
7580.0,387.1278475176199,147.45712500000002,0.0
7580.0,387.1278475176199,147.62250000000003,0.0
7580.0,387.1278475176199,147.787875,0.0
7580.0,387.1278475176199,147.95325000000003,0.0
7580.0,387.1278475176199,148.11862500000004,0.0
7580.0,387.1278475176199,148.28400000000002,0.0
7580.0,387.1278475176199,148.44937500000003,0.0
7580.0,387.1278475176199,148.61475000000002,0.0
7580.0,387.1278475176199,148.78012500000003,0.0
7580.0,387.1278475176199,148.94550000000004,0.0
7580.0,387.1278475176199,149.11087500000002,0.0
7580.0,387.1278475176199,149.27625000000003,0.0
7580.0,387.1278475176199,149.44162500000002,0.0
7580.0,387.1278475176199,149.60700000000003,0.0
7580.0,387.1278475176199,149.772375,0.0
7580.0,387.1278475176199,149.93775000000002,0.0
7580.0,387.1278475176199,150.10312500000003,0.0
7580.0,387.1278475176199,150.26850000000002,0.0
7580.0,387.1278475176199,150.43387500000003,0.0
7580.0,387.1278475176199,150.59925,0.0
7580.0,387.1278475176199,150.76462500000002,0.0
7580.0,387.1278475176199,150.93000000000004,0.0
7580.0,387.1278475176199,151.09537500000002,0.0
7580.0,387.1278475176199,151.26075000000003,0.0
7580.0,387.1278475176199,151.426125,0.0
7580.0,387.1278475176199,151.59150000000002,0.0
7580.0,387.1278475176199,151.75687500000004,0.0
7580.0,387.1278475176199,151.92225000000002,0.0
7580.0,387.1278475176199,152.08762500000003,0.0
7580.0,387.1278475176199,152.25300000000001,0.0
7580.0,387.1278475176199,152.41837500000003,0.0
7580.0,387.1278475176199,152.58375000000004,0.0
7580.0,387.1278475176199,152.74912500000002,0.0
7580.0,387.1278475176199,152.91450000000003,0.0
7580.0,387.1278475176199,153.07987500000002,0.0
7580.0,387.1278475176199,153.24525000000003,0.0
7580.0,387.1278475176199,153.41062500000004,0.0
7580.0,387.1278475176199,153.57600000000002,0.0
7580.0,387.1278475176199,153.74137500000003,0.0
7580.0,387.1278475176199,153.90675000000002,0.0
7580.0,387.1278475176199,154.07212500000003,0.0
7580.0,387.1278475176199,154.2375,0.0
7580.0,387.1278475176199,154.40287500000002,0.0
7580.0,387.1278475176199,154.56825000000003,0.0
7580.0,387.1278475176199,154.73362500000002,0.0
7580.0,387.1278475176199,154.89900000000003,0.0
7580.0,387.1278475176199,155.064375,0.0
7580.0,387.1278475176199,155.22975000000002,0.0
7580.0,387.1278475176199,155.39512500000004,0.0
7580.0,387.1278475176199,155.56050000000002,0.0
7580.0,387.1278475176199,155.72587500000003,0.0
7580.0,387.1278475176199,155.89125,0.0
7580.0,387.1278475176199,156.05662500000003,0.0
7580.0,387.1278475176199,156.22200000000004,0.0
7580.0,387.1278475176199,156.38737500000002,0.0
7580.0,387.1278475176199,156.55275000000003,0.0
7580.0,387.1278475176199,156.71812500000001,0.0
7580.0,387.1278475176199,156.88350000000003,0.0
7580.0,387.1278475176199,157.04887500000004,0.0
7580.0,387.1278475176199,157.21425000000002,0.0
7580.0,387.1278475176199,157.37962500000003,0.0
7580.0,387.1278475176199,157.54500000000002,0.0
7580.0,387.1278475176199,157.71037500000003,0.0
7580.0,387.1278475176199,157.87575000000004,0.0
7580.0,387.1278475176199,158.04112500000002,0.0
7580.0,387.1278475176199,158.20650000000003,0.0
7580.0,387.1278475176199,158.37187500000002,0.0
7580.0,387.1278475176199,158.53725000000003,0.0
7580.0,387.1278475176199,158.70262500000004,0.0
7580.0,387.1278475176199,158.86800000000002,0.0
7580.0,387.1278475176199,159.03337500000004,0.0
7580.0,387.1278475176199,159.19875000000002,0.0
7580.0,387.1278475176199,159.36412500000003,0.0
7580.0,387.1278475176199,159.5295,0.0
7580.0,387.1278475176199,159.69487500000002,0.0
7580.0,387.1278475176199,159.86025000000004,0.0
7580.0,387.1278475176199,160.02562500000002,0.0
7580.0,387.1278475176199,160.19100000000003,0.0
7580.0,387.1278475176199,160.356375,0.0
7580.0,387.1278475176199,160.52175000000003,0.0
7580.0,387.1278475176199,160.68712500000004,0.0
7580.0,387.1278475176199,160.85250000000002,0.0
7580.0,387.1278475176199,161.01787500000003,0.0
7580.0,387.1278475176199,161.18325000000002,0.0
7580.0,387.1278475176199,161.34862500000003,0.0
7580.0,387.1278475176199,161.51400000000004,0.0
7580.0,387.1278475176199,161.67937500000002,0.0
7580.0,387.1278475176199,161.84475000000003,0.0
7580.0,387.1278475176199,162.01012500000002,0.0
7580.0,387.1278475176199,162.17550000000003,0.0
7580.0,387.1278475176199,162.34087500000004,0.0
7580.0,387.1278475176199,162.50625000000002,0.0
7580.0,387.1278475176199,162.67162500000003,0.0
7580.0,387.1278475176199,162.83700000000002,0.0
7580.0,387.1278475176199,163.00237500000003,0.0
7580.0,387.1278475176199,163.16775000000004,0.0
7580.0,387.1278475176199,163.33312500000002,0.0
7580.0,387.1278475176199,163.49850000000004,0.0
7580.0,387.1278475176199,163.66387500000002,0.0
7580.0,387.1278475176199,163.82925000000003,0.0
7580.0,387.1278475176199,163.994625,0.0
7580.0,387.1278475176199,164.16000000000003,0.0
7580.0,387.1278475176199,164.32537500000004,0.0
7580.0,387.1278475176199,164.49075000000002,0.0
7580.0,387.1278475176199,164.65612500000003,0.0
7580.0,387.1278475176199,164.82150000000001,0.0
7580.0,387.1278475176199,164.98687500000003,0.0
7580.0,387.1278475176199,165.15225000000004,0.0
7580.0,387.1278475176199,165.31762500000002,0.0
7580.0,387.1278475176199,165.48300000000003,0.0
7580.0,387.1278475176199,165.64837500000002,0.0
7580.0,387.1278475176199,165.81375000000003,0.0
7580.0,387.1278475176199,165.97912500000004,0.0
7580.0,387.1278475176199,166.14450000000002,0.0
7580.0,387.1278475176199,166.30987500000003,0.0
7580.0,387.1278475176199,166.47525000000002,0.0
7580.0,387.1278475176199,166.64062500000003,0.0
7580.0,387.1278475176199,166.80600000000004,0.0
7580.0,387.1278475176199,166.97137500000002,0.0
7580.0,387.1278475176199,167.13675000000003,0.0
7580.0,387.1278475176199,167.30212500000002,0.0
7580.0,387.1278475176199,167.46750000000003,0.0
7580.0,387.1278475176199,167.63287500000004,0.0
7580.0,387.1278475176199,167.79825000000002,0.0
7580.0,387.1278475176199,167.96362500000004,0.0
7580.0,387.1278475176199,168.12900000000002,0.0
7580.0,387.1278475176199,168.29437500000003,0.0
7580.0,387.1278475176199,168.45975,0.0
7580.0,387.1278475176199,168.62512500000003,0.0
7580.0,387.1278475176199,168.79050000000004,0.0
7580.0,387.1278475176199,168.95587500000002,0.0
7580.0,387.1278475176199,169.12125000000003,0.0
7580.0,387.1278475176199,169.28662500000002,0.0
7580.0,387.1278475176199,169.45200000000003,0.0
7580.0,387.1278475176199,169.61737500000004,0.0
7580.0,387.1278475176199,169.78275000000002,0.0
7580.0,387.1278475176199,169.94812500000003,0.0
7580.0,387.1278475176199,170.11350000000002,0.0
7580.0,387.1278475176199,170.27887500000003,1.854022498443125e-08
7580.0,387.1278475176199,170.44425000000004,1.0334761753327768e-07
7580.0,387.1278475176199,170.60962500000002,3.021566046903232e-07
7580.0,387.1278475176199,170.77500000000003,7.010481515668441e-07
7580.0,387.1278475176199,170.94037500000002,1.2992226219800387e-06
7580.0,387.1278475176199,171.10575000000003,2.0937380970494197e-06
7580.0,387.1278475176199,171.27112500000004,3.08166259452772e-06
7580.0,387.1278475176199,171.43650000000002,4.2610408248350654e-06
7580.0,387.1278475176199,171.60187500000004,5.708224191696958e-06
7580.0,387.1278475176199,171.76725000000002,7.46933415175977e-06
7580.0,387.1278475176199,171.93262500000003,9.539561360825176e-06
7580.0,387.1278475176199,172.09800000000004,1.1914114518758713e-05
7580.0,387.1278475176199,172.26337500000002,1.4588220752612e-05
7580.0,387.1278475176199,172.42875000000004,1.755712597239221e-05
7580.0,387.1278475176199,172.59412500000002,2.0816095234504407e-05
7580.0,387.1278475176199,172.75950000000003,2.436041308565679e-05
7580.0,387.1278475176199,172.92487500000001,2.8185383909068434e-05
7580.0,387.1278475176199,173.09025000000003,3.23166357848761e-05
7580.0,387.1278475176199,173.25562500000004,3.683501327862566e-05
7580.0,387.1278475176199,173.42100000000002,4.1739380062558615e-05
7580.0,387.1278475176199,173.58637500000003,4.7023284288377385e-05
7580.0,387.1278475176199,173.75175000000002,5.2680303254509995e-05
7580.0,387.1278475176199,173.91712500000003,5.870404385398663e-05
7580.0,387.1278475176199,174.08250000000004,6.508814298782324e-05
7580.0,387.1278475176199,174.24787500000002,7.182626798647036e-05
7580.0,387.1278475176199,174.41325000000003,7.891211701186472e-05
7580.0,387.1278475176199,174.57862500000002,8.63394194525696e-05
7580.0,387.1278475176199,174.74400000000003,9.410193631998625e-05
7580.0,387.1278475176199,174.90937500000004,0.00010219346062178017
7580.0,387.1278475176199,175.07475000000002,0.00011060781773605265
7580.0,387.1278475176199,175.24012500000003,0.00011936685392594936
7580.0,387.1278475176199,175.40550000000002,0.00012854147207049546
7580.0,387.1278475176199,175.57087500000003,0.00013812846234194842
7580.0,387.1278475176199,175.73625000000004,0.0001481200514267686
7580.0,387.1278475176199,175.90162500000002,0.00015850850852763726
7580.0,387.1278475176199,176.06700000000004,0.0001692861457874591
7580.0,387.1278475176199,176.23237500000002,0.00018044531871067826
7580.0,387.1278475176199,176.39775000000003,0.0001919784265611559
7580.0,387.1278475176199,176.56312500000004,0.00020387791276075978
7580.0,387.1278475176199,176.72850000000003,0.00021613626526988404
7580.0,387.1278475176199,176.89387500000004,0.00022874601696220505
7580.0,387.1278475176199,177.05925000000002,0.00024170738497892712
7580.0,387.1278475176199,177.22462500000003,0.0002550582027187965
7580.0,387.1278475176199,177.39000000000001,0.00026880860873778944
7580.0,387.1278475176199,177.55537500000003,0.0002830388672889821
7580.0,387.1278475176199,177.72075000000004,0.00029775895914967745
7580.0,387.1278475176199,177.88612500000002,0.0003129651951137385
7580.0,387.1278475176199,178.05150000000003,0.00032871821085332274
7580.0,387.1278475176199,178.21687500000002,0.0003450269193733465
7580.0,387.1278475176199,178.38225000000003,0.0003618827365219281
7580.0,387.1278475176199,178.54762500000004,0.0003793506087680709
7580.0,387.1278475176199,178.71300000000002,0.0003974528416552782
7580.0,387.1278475176199,178.87837500000003,0.0004161766289555682
7580.0,387.1278475176199,179.04375000000002,0.00043550924284043216
7580.0,387.1278475176199,179.20912500000003,0.0004554380344133796
7580.0,387.1278475176199,179.37450000000004,0.00047595043429197017
7580.0,387.1278475176199,179.53987500000002,0.0004970339531357314
7580.0,387.1278475176199,179.70525000000004,0.0005186761821563543
7580.0,387.1278475176199,179.87062500000002,0.0005408647936467361
7580.0,387.1278475176199,180.03600000000003,0.0005635875414519108
7580.0,387.1278475176199,180.20137500000004,0.0005868799991840324
7580.0,387.1278475176199,180.36675000000002,0.0006107864473512595
7580.0,387.1278475176199,180.53212500000004,0.0006352933550618925
7580.0,387.1278475176199,180.69750000000002,0.0006603871628300409
7580.0,387.1278475176199,180.86287500000003,0.0006860544033344639
7580.0,387.1278475176199,181.02825000000004,0.0007122817018983016
7580.0,387.1278475176199,181.19362500000003,0.0007390926853586242
7580.0,387.1278475176199,181.35900000000004,0.000766518955504782
7580.0,387.1278475176199,181.52437500000002,0.0007945461007117981
7580.0,387.1278475176199,181.68975000000003,0.0008231596851155973
7580.0,387.1278475176199,181.85512500000002,0.0008523453770840482
7580.0,387.1278475176199,182.02050000000003,0.0008820889496568287
7580.0,387.1278475176199,182.18587500000004,0.0009123762809647804
7580.0,387.1278475176199,182.35125000000002,0.0009431933546294607
7580.0,387.1278475176199,182.51662500000003,0.000974553605126617
7580.0,387.1278475176199,182.68200000000002,0.001006506711471869
7580.0,387.1278475176199,182.84737500000003,0.0010390401313884455
7580.0,387.1278475176199,183.01275000000004,0.0010721387414027094
7580.0,387.1278475176199,183.17812500000002,0.0011057875340735291
7580.0,387.1278475176199,183.34350000000003,0.0011399716183487045
7580.0,387.1278475176199,183.50887500000002,0.0011746762199217218
7580.0,387.1278475176199,183.67425000000003,0.001209886681573027
7580.0,387.1278475176199,183.83962500000004,0.0012455884634715966
7580.0,387.1278475176199,184.00500000000002,0.0012817671434835597
7580.0,387.1278475176199,184.17037500000004,0.001318408417449604
7580.0,387.1278475176199,184.33575000000002,0.0013554980994549574
7580.0,387.1278475176199,184.50112500000003,0.0013930221220710476
7580.0,387.1278475176199,184.66650000000004,0.0014310026742493137
7580.0,387.1278475176199,184.83187500000003,0.0014695270160075288
7580.0,387.1278475176199,184.99725000000004,0.0015086518573287036
7580.0,387.1278475176199,185.16262500000002,0.0015485256768480245
7580.0,387.1278475176199,185.32800000000003,0.0015891539954345146
7580.0,387.1278475176199,185.49337500000004,0.0016305466078498612
7580.0,387.1278475176199,185.65875000000003,0.0016727342687524287
7580.0,387.1278475176199,185.82412500000004,0.0017156970489522767
7580.0,387.1278475176199,185.98950000000002,0.0017594142735164072
7580.0,387.1278475176199,186.15487500000003,0.0018039176227040358
7580.0,387.1278475176199,186.32025000000002,0.001849333846297382
7580.0,387.1278475176199,186.48562500000003,0.0018956486292024636
7580.0,387.1278475176199,186.65100000000004,0.001942838649494627
7580.0,387.1278475176199,186.81637500000002,0.001990880771049372
7580.0,387.1278475176199,186.98175000000003,0.0020397520439577755
7580.0,387.1278475176199,187.14712500000002,0.0020894297049244407
7580.0,387.1278475176199,187.31250000000003,0.0021398911775903245
7580.0,387.1278475176199,187.47787500000004,0.002191114072917568
7580.0,387.1278475176199,187.64325000000002,0.00224307618945495
7580.0,387.1278475176199,187.80862500000003,0.0022957555136627564
7580.0,387.1278475176199,187.97400000000002,0.002349146707340928
7580.0,387.1278475176199,188.13937500000003,0.00240337010095775
7580.0,387.1278475176199,188.30475000000004,0.002458434372492006
7580.0,387.1278475176199,188.47012500000002,0.0025143151301321013
7580.0,387.1278475176199,188.63550000000004,0.002570988198094356
7580.0,387.1278475176199,188.80087500000002,0.00262848508599867
7580.0,387.1278475176199,188.96625000000003,0.002686863005605928
7580.0,387.1278475176199,189.13162500000004,0.002746176106771876
7580.0,387.1278475176199,189.29700000000003,0.0028065117863165048
7580.0,387.1278475176199,189.46237500000004,0.0028678517874072664
7580.0,387.1278475176199,189.62775000000002,0.0029301674170648957
7580.0,387.1278475176199,189.79312500000003,0.002993430229227153
7580.0,387.1278475176199,189.95850000000004,0.0030576120249739317
7580.0,387.1278475176199,190.12387500000003,0.0031226848527290394
7580.0,387.1278475176199,190.28925000000004,0.0031886347923748655
7580.0,387.1278475176199,190.45462500000002,0.0032555368332996145
7580.0,387.1278475176199,190.62000000000003,0.003323432648275981
7580.0,387.1278475176199,190.78537500000002,0.003392406668623892
7580.0,387.1278475176199,190.95075000000003,0.0034624317145206304
7580.0,387.1278475176199,191.11612500000004,0.0035334762474474963
7580.0,387.1278475176199,191.28150000000002,0.0036055090092735886
7580.0,387.1278475176199,191.44687500000003,0.0036784990223517953
7580.0,387.1278475176199,191.61225000000002,0.0037524155896407714
7580.0,387.1278475176199,191.77762500000003,0.0038272282947397814
7580.0,387.1278475176199,191.94300000000004,0.003902907001937213
7580.0,387.1278475176199,192.10837500000002,0.003979421856173075
7580.0,387.1278475176199,192.27375000000004,0.004056762792538631
7580.0,387.1278475176199,192.43912500000002,0.004134993507459013
7580.0,387.1278475176199,192.60450000000003,0.0042140952735395705
7580.0,387.1278475176199,192.76987500000004,0.004294037268005977
7580.0,387.1278475176199,192.93525000000002,0.0043747927049757485
7580.0,387.1278475176199,193.10062500000004,0.004456402051309529
7580.0,387.1278475176199,193.26600000000002,0.004538869140224157
7580.0,387.1278475176199,193.43137500000003,0.004622163043297403
7580.0,387.1278475176199,193.59675000000004,0.004706266233283061
7580.0,387.1278475176199,193.76212500000003,0.004791156094506818
7580.0,387.1278475176199,193.92750000000004,0.004876866766172386
7580.0,387.1278475176199,194.09287500000002,0.004963443946767507
7580.0,387.1278475176199,194.25825000000003,0.005050854573542729
7580.0,387.1278475176199,194.42362500000004,0.005139065758945972
7580.0,387.1278475176199,194.58900000000003,0.0052280449463395755
7580.0,387.1278475176199,194.75437500000004,0.005317763244152804
7580.0,387.1278475176199,194.91975000000002,0.005408205049766667
7580.0,387.1278475176199,195.08512500000003,0.005499401351859782
7580.0,387.1278475176199,195.25050000000005,0.005591367887863028
7580.0,387.1278475176199,195.41587500000003,0.005684071480879217
7580.0,387.1278475176199,195.58125000000004,0.005777479297956118
7580.0,387.1278475176199,195.74662500000002,0.005871558849578793
7580.0,387.1278475176199,195.91200000000003,0.005966277989133708
7580.0,387.1278475176199,196.07737500000002,0.006061604912351412
7580.0,387.1278475176199,196.24275000000003,0.006157508156677148
7580.0,387.1278475176199,196.40812500000004,0.006253956600697039
7580.0,387.1278475176199,196.57350000000002,0.006350919463425078
7580.0,387.1278475176199,196.73887500000004,0.006448366303658835
7580.0,387.1278475176199,196.90425000000002,0.006546276681986072
7580.0,387.1278475176199,197.06962500000003,0.006644630568481922
7580.0,387.1278475176199,197.23500000000004,0.006743402080352786
7580.0,387.1278475176199,197.40037500000003,0.006842592137235374
7580.0,387.1278475176199,197.56575000000004,0.00694220792576588
7580.0,387.1278475176199,197.73112500000002,0.007042242877411505
7580.0,387.1278475176199,197.89650000000003,0.007142792536343123
7580.0,387.1278475176199,198.06187500000004,0.007243859873241944
7580.0,387.1278475176199,198.22725000000003,0.007345472076260662
7580.0,387.1278475176199,198.39262500000004,0.007447658168028858
7580.0,387.1278475176199,198.55800000000002,0.00755044014896099
7580.0,387.1278475176199,198.72337500000003,0.007653818585269998
7580.0,387.1278475176199,198.88875000000004,0.0077577586677589575
7580.0,387.1278475176199,199.05412500000003,0.007862225984754128
7580.0,387.1278475176199,199.21950000000004,0.00796718652108612
7580.0,387.1278475176199,199.38487500000002,0.00807260665699993
7580.0,387.1278475176199,199.55025000000003,0.008178507603821442
7580.0,387.1278475176199,199.71562500000005,0.008284917321016837
7580.0,387.1278475176199,199.88100000000003,0.008391814093890497
7580.0,387.1278475176199,200.04637500000004,0.008499165512955147
7580.0,387.1278475176199,200.21175000000002,0.008606937696709782
7580.0,387.1278475176199,200.37712500000004,0.008715097167911572
7580.0,387.1278475176199,200.54250000000002,0.00882361085235854
7580.0,387.1278475176199,200.70787500000003,0.008932446077631776
7580.0,387.1278475176199,200.87325000000004,0.009041570571819292
7580.0,387.1278475176199,201.03862500000002,0.009150952462241789
7580.0,387.1278475176199,201.20400000000004,0.009260560274105954
7580.0,387.1278475176199,201.36937500000002,0.009370364013571176
7580.0,387.1278475176199,201.53475000000003,0.00948035154277104
7580.0,387.1278475176199,201.70012500000004,0.009590521084325388
7580.0,387.1278475176199,201.86550000000003,0.0097009155696003
7580.0,387.1278475176199,202.03087500000004,0.009811509245603568
7580.0,387.1278475176199,202.19625000000002,0.009922290904428654
7580.0,387.1278475176199,202.36162500000003,0.01003329645903917
7580.0,387.1278475176199,202.52700000000004,0.010144530114213781
7580.0,387.1278475176199,202.69237500000003,0.010255998651396042
7580.0,387.1278475176199,202.85775000000004,0.01036770626714573
7580.0,387.1278475176199,203.02312500000002,0.010479619591320927
7580.0,387.1278475176199,203.18850000000003,0.010591708078417052
7580.0,387.1278475176199,203.35387500000004,0.010703944177598486
7580.0,387.1278475176199,203.51925000000003,0.010816305710136195
7580.0,387.1278475176199,203.68462500000004,0.010928763692521092
7580.0,387.1278475176199,203.85000000000002,0.011041286371346885
7580.0,387.1278475176199,204.01537500000003,0.011153842425209053
7580.0,387.1278475176199,204.18075000000005,0.01126640096286281
7580.0,387.1278475176199,204.34612500000003,0.011378931521379327
7580.0,387.1278475176199,204.51150000000004,0.01149140442245834
7580.0,387.1278475176199,204.67687500000002,0.011603795347663374
7580.0,387.1278475176199,204.84225000000004,0.011716129041260827
7580.0,387.1278475176199,205.00762500000002,0.011828409819334206
7580.0,387.1278475176199,205.17300000000003,0.011940607614705723
7580.0,387.1278475176199,205.33837500000004,0.012052703569638166
7580.0,387.1278475176199,205.50375000000003,0.012164677961174562
7580.0,387.1278475176199,205.66912500000004,0.012276501477680597
7580.0,387.1278475176199,205.83450000000002,0.012388145238410673
7580.0,387.1278475176199,205.99987500000003,0.012499580791490064
7580.0,387.1278475176199,206.16525000000004,0.012610780111776711
7580.0,387.1278475176199,206.33062500000003,0.012721715598763747
7580.0,387.1278475176199,206.49600000000004,0.012832360074454685
7580.0,387.1278475176199,206.66137500000002,0.01294268678120212
7580.0,387.1278475176199,206.82675000000003,0.013052669570053122
7580.0,387.1278475176199,206.99212500000004,0.01316230076835897
7580.0,387.1278475176199,207.15750000000003,0.013271566646228639
7580.0,387.1278475176199,207.32287500000004,0.013380481385512578
7580.0,387.1278475176199,207.48825000000002,0.013489084859346509
7580.0,387.1278475176199,207.65362500000003,0.013597369406788703
7580.0,387.1278475176199,207.81900000000005,0.013705310013957016
7580.0,387.1278475176199,207.98437500000003,0.01381288794858798
7580.0,387.1278475176199,208.14975000000004,0.013920077400484312
7580.0,387.1278475176199,208.31512500000002,0.014026852227927732
7580.0,387.1278475176199,208.48050000000003,0.014133186724693818
7580.0,387.1278475176199,208.64587500000005,0.014239072054161304
7580.0,387.1278475176199,208.81125000000003,0.014344544065868265
7580.0,387.1278475176199,208.97662500000004,0.014449586706438146
7580.0,387.1278475176199,209.14200000000002,0.014554174151305362
7580.0,387.1278475176199,209.30737500000004,0.0146582810128319
7580.0,387.1278475176199,209.47275000000002,0.014761882337743707
7580.0,387.1278475176199,209.63812500000003,0.014864953604570968
7580.0,387.1278475176199,209.80350000000004,0.014967470721053472
7580.0,387.1278475176199,209.96887500000003,0.015069410021548515
7580.0,387.1278475176199,210.13425000000004,0.015170748581022289
7580.0,387.1278475176199,210.29962500000002,0.01527146716536805
7580.0,387.1278475176199,210.46500000000003,0.01537154430815403
7580.0,387.1278475176199,210.63037500000004,0.015470957930778814
7580.0,387.1278475176199,210.79575000000003,0.015569686368919975
7580.0,387.1278475176199,210.96112500000004,0.015667708369843557
7580.0,387.1278475176199,211.12650000000002,0.01576500544518321
7580.0,387.1278475176199,211.29187500000003,0.01586156731826735
7580.0,387.1278475176199,211.45725000000004,0.015957374789481296
7580.0,387.1278475176199,211.62262500000003,0.016052411834510772
7580.0,387.1278475176199,211.78800000000004,0.016146671931931218
7580.0,387.1278475176199,211.95337500000002,0.016240136475803253
7580.0,387.1278475176199,212.11875000000003,0.016332786189020728
7580.0,387.1278475176199,212.28412500000005,0.016424602195316485
7580.0,387.1278475176199,212.44950000000003,0.016515566016463624
7580.0,387.1278475176199,212.61487500000004,0.016605683271713495
7580.0,387.1278475176199,212.78025000000002,0.016694992170917675
7580.0,387.1278475176199,212.94562500000004,0.01678350014315867
7580.0,387.1278475176199,213.11100000000005,0.01687119334973508
7580.0,387.1278475176199,213.27637500000003,0.016958053437814185
7580.0,387.1278475176199,213.44175000000004,0.017044090233592497
7580.0,387.1278475176199,213.60712500000002,0.017129316190267058
7580.0,387.1278475176199,213.77250000000004,0.01721371223497472
7580.0,387.1278475176199,213.93787500000002,0.01729725960404897
7580.0,387.1278475176199,214.10325000000003,0.0173799398915207
7580.0,387.1278475176199,214.26862500000004,0.017461735155528315
7580.0,387.1278475176199,214.43400000000003,0.017542630085776667
7580.0,387.1278475176199,214.59937500000004,0.01762260923877805
7580.0,387.1278475176199,214.76475000000002,0.017701655745407902
7580.0,387.1278475176199,214.93012500000003,0.017779753134532537
7580.0,387.1278475176199,215.09550000000004,0.017856885329963854
7580.0,387.1278475176199,215.26087500000003,0.01793303664736117
7580.0,387.1278475176199,215.42625000000004,0.018008191791178716
7580.0,387.1278475176199,215.59162500000002,0.018082335851592378
7580.0,387.1278475176199,215.75700000000003,0.01815545430141017
7580.0,387.1278475176199,215.92237500000005,0.018227533391694452
7580.0,387.1278475176199,216.08775000000003,0.018298568539192088
7580.0,387.1278475176199,216.25312500000004,0.018368550229504503
7580.0,387.1278475176199,216.41850000000002,0.018437465061517878
7580.0,387.1278475176199,216.58387500000003,0.018505300006324586
7580.0,387.1278475176199,216.74925000000005,0.018572042404126767
7580.0,387.1278475176199,216.91462500000003,0.01863767996114666
7580.0,387.1278475176199,217.08000000000004,0.018702200746496547
7580.0,387.1278475176199,217.24537500000002,0.018765593189062783
7580.0,387.1278475176199,217.41075000000004,0.018827846074427272
7580.0,387.1278475176199,217.57612500000005,0.018888948541754758
7580.0,387.1278475176199,217.74150000000003,0.01894889008067484
7580.0,387.1278475176199,217.90687500000004,0.019007660528194584
7580.0,387.1278475176199,218.07225000000003,0.019065262863708986
7580.0,387.1278475176199,218.23762500000004,0.01912170954862251
7580.0,387.1278475176199,218.40300000000002,0.01917699849404464
7580.0,387.1278475176199,218.56837500000003,0.019231141044642665
7580.0,387.1278475176199,218.73375000000004,0.019284132857532853
7580.0,387.1278475176199,218.89912500000003,0.019335979929333145
7580.0,387.1278475176199,219.06450000000004,0.01938669710102499
7580.0,387.1278475176199,219.22987500000002,0.019436274681052867
7580.0,387.1278475176199,219.39525000000003,0.01948470315574506
7580.0,387.1278475176199,219.56062500000004,0.019531975313201604
7580.0,387.1278475176199,219.72600000000003,0.01957808320108983
7580.0,387.1278475176199,219.89137500000004,0.019623025519912598
7580.0,387.1278475176199,220.05675000000002,0.019666795915905828
7580.0,387.1278475176199,220.22212500000003,0.019709386001366024
7580.0,387.1278475176199,220.38750000000005,0.019750787724276832
7580.0,387.1278475176199,220.55287500000003,0.01979099336511675
7580.0,387.1278475176199,220.71825000000004,0.019829995533605246
7580.0,387.1278475176199,220.88362500000002,0.01986778716548737
7580.0,387.1278475176199,221.04900000000004,0.019904361519322282
7580.0,387.1278475176199,221.21437500000005,0.019939712173291258
7580.0,387.1278475176199,221.37975000000003,0.019973833021951437
7580.0,387.1278475176199,221.54512500000004,0.020006718273099668
7580.0,387.1278475176199,221.71050000000002,0.02003836244454327
7580.0,387.1278475176199,221.87587500000004,0.020068760360931092
7580.0,387.1278475176199,222.04125000000005,0.020097907150589317
7580.0,387.1278475176199,222.20662500000003,0.0201257982423376
7580.0,387.1278475176199,222.37200000000004,0.02015242939292593
7580.0,387.1278475176199,222.53737500000003,0.020177796713809003
7580.0,387.1278475176199,222.70275000000004,0.02020189784772072
7580.0,387.1278475176199,222.86812500000002,0.02022473554741943
7580.0,387.1278475176199,223.03350000000003,0.020246307249412756
7580.0,387.1278475176199,223.19887500000004,0.020266609864262746
7580.0,387.1278475176199,223.36425000000003,0.02028564067548308
7580.0,387.1278475176199,223.52962500000004,0.02030341139086691
7580.0,387.1278475176199,223.69500000000002,0.02031992956551877
7580.0,387.1278475176199,223.86037500000003,0.020335192540144455
7580.0,387.1278475176199,224.02575000000004,0.020349197934670396
7580.0,387.1278475176199,224.19112500000003,0.02036194365604808
7580.0,387.1278475176199,224.35650000000004,0.020373438493372822
7580.0,387.1278475176199,224.52187500000002,0.020383690122879525
7580.0,387.1278475176199,224.68725000000003,0.020392701965211705
7580.0,387.1278475176199,224.85262500000005,0.02040047707144421
7580.0,387.1278475176199,225.01800000000003,0.02040702289340976
7580.0,387.1278475176199,225.18337500000004,0.02041235672986392
7580.0,387.1278475176199,225.34875000000002,0.02041648052388313
7580.0,387.1278475176199,225.51412500000004,0.020419394823766847
7580.0,387.1278475176199,225.67950000000005,0.02042109839324877
7580.0,387.1278475176199,225.84487500000003,0.020421590125586447
7580.0,387.1278475176199,226.01025000000004,0.020420869177463774
7580.0,387.1278475176199,226.17562500000003,0.020418934965836404
7580.0,387.1278475176199,226.34100000000004,0.020415787164758337
7580.0,387.1278475176199,226.50637500000005,0.020411425702258335
7580.0,387.1278475176199,226.67175000000003,0.020405850763172067
7580.0,387.1278475176199,226.83712500000004,0.020399062818249297
7580.0,387.1278475176199,227.00250000000003,0.02039106254663532
7580.0,387.1278475176199,227.16787500000004,0.020381850860755044
7580.0,387.1278475176199,227.33325000000005,0.020371428993055617
7580.0,387.1278475176199,227.49862500000003,0.020359798447414108
7580.0,387.1278475176199,227.66400000000004,0.020346960845354284
7580.0,387.1278475176199,227.82937500000003,0.020332918029437434
7580.0,387.1278475176199,227.99475000000004,0.020317672068507354
7580.0,387.1278475176199,228.16012500000002,0.020301225254685074
7580.0,387.1278475176199,228.32550000000003,0.020283580100351875
7580.0,387.1278475176199,228.49087500000005,0.02026474026686759
7580.0,387.1278475176199,228.65625000000003,0.020244720904935096
7580.0,387.1278475176199,228.82162500000004,0.020223528543419415
7580.0,387.1278475176199,228.98700000000002,0.020201166036732617
7580.0,387.1278475176199,229.15237500000003,0.02017763645286833
7580.0,387.1278475176199,229.31775000000005,0.020152943130537043
7580.0,387.1278475176199,229.48312500000003,0.020127089594437535
7580.0,387.1278475176199,229.64850000000004,0.02010007953121055
7580.0,387.1278475176199,229.81387500000002,0.020071916828706432
7580.0,387.1278475176199,229.97925000000004,0.020042605573077125
7580.0,387.1278475176199,230.14462500000005,0.02001215182569225
7580.0,387.1278475176199,230.31000000000003,0.019980569841498094
7580.0,387.1278475176199,230.47537500000004,0.019947865448547507
7580.0,387.1278475176199,230.64075000000003,0.019914043115633592
7580.0,387.1278475176199,230.80612500000004,0.019879107500997306
7580.0,387.1278475176199,230.97150000000005,0.019843063449439705
7580.0,387.1278475176199,231.13687500000003,0.019805916442852792
7580.0,387.1278475176199,231.30225000000004,0.019767673592326753
7580.0,387.1278475176199,231.46762500000003,0.019728340433214652
7580.0,387.1278475176199,231.63300000000004,0.019687924167173156
7580.0,387.1278475176199,231.79837500000005,0.019646443613422368
7580.0,387.1278475176199,231.96375000000003,0.01960390703077672
7580.0,387.1278475176199,232.12912500000004,0.019560320906221385
7580.0,387.1278475176199,232.29450000000003,0.019515691258759293
7580.0,387.1278475176199,232.45987500000004,0.019470023948612584
7580.0,387.1278475176199,232.62525000000002,0.01942332503554191
7580.0,387.1278475176199,232.79062500000003,0.019375600685311935
7580.0,387.1278475176199,232.95600000000005,0.019326858501865666
7580.0,387.1278475176199,233.12137500000003,0.019277113896708147
7580.0,387.1278475176199,233.28675000000004,0.019226374931367012
7580.0,387.1278475176199,233.45212500000002,0.019174648044379804
7580.0,387.1278475176199,233.61750000000004,0.01912193979167478
7580.0,387.1278475176199,233.78287500000005,0.019068256882585614
7580.0,387.1278475176199,233.94825000000003,0.019013606177315172
7580.0,387.1278475176199,234.11362500000004,0.01895799468423158
7580.0,387.1278475176199,234.27900000000002,0.018901429557219386
7580.0,387.1278475176199,234.44437500000004,0.018843918093014472
7580.0,387.1278475176199,234.60975000000005,0.018785467728584915
7580.0,387.1278475176199,234.77512500000003,0.018726086038507797
7580.0,387.1278475176199,234.94050000000004,0.018665780732370078
7580.0,387.1278475176199,235.10587500000003,0.018604559652182346
7580.0,387.1278475176199,235.27125000000004,0.018542430769817937
7580.0,387.1278475176199,235.43662500000005,0.01847940218446815
7580.0,387.1278475176199,235.60200000000003,0.018415482120093828
7580.0,387.1278475176199,235.76737500000004,0.01835068291330841
7580.0,387.1278475176199,235.93275000000003,0.018285017483267114
7580.0,387.1278475176199,236.09812500000004,0.018218494142666176
7580.0,387.1278475176199,236.26350000000005,0.01815112131700104
7580.0,387.1278475176199,236.42887500000003,0.018082908355040683
7580.0,387.1278475176199,236.59425000000005,0.01801387057122635
7580.0,387.1278475176199,236.75962500000003,0.01794401795877943
7580.0,387.1278475176199,236.92500000000004,0.017873359088081936
7580.0,387.1278475176199,237.09037500000002,0.017801902685716988
7580.0,387.1278475176199,237.25575000000003,0.017729657551586838
7580.0,387.1278475176199,237.42112500000005,0.017656632579695707
7580.0,387.1278475176199,237.58650000000003,0.017582837212927593
7580.0,387.1278475176199,237.75187500000004,0.01750828164396017
7580.0,387.1278475176199,237.91725000000002,0.017432975078917935
7580.0,387.1278475176199,238.08262500000004,0.017356926768095374
7580.0,387.1278475176199,238.24800000000005,0.017280146058131364
7580.0,387.1278475176199,238.41337500000003,0.0172026423896589
7580.0,387.1278475176199,238.57875000000004,0.017124425295013245
7580.0,387.1278475176199,238.74412500000003,0.017045513250528263
7580.0,387.1278475176199,238.90950000000004,0.016965924902233462
7580.0,387.1278475176199,239.07487500000005,0.01688566945606862
7580.0,387.1278475176199,239.24025000000003,0.016804756206466192
7580.0,387.1278475176199,239.40562500000004,0.01672319517236849
7580.0,387.1278475176199,239.57100000000003,0.016640998679328244
7580.0,387.1278475176199,239.73637500000004,0.016558176924580427
7580.0,387.1278475176199,239.90175000000005,0.016474739396869352
7580.0,387.1278475176199,240.06712500000003,0.01639069566842883
7580.0,387.1278475176199,240.23250000000004,0.01630605539304199
7580.0,387.1278475176199,240.39787500000003,0.016220828329296798
7580.0,387.1278475176199,240.56325000000004,0.016135024894810692
7580.0,387.1278475176199,240.72862500000005,0.01604865923404299
7580.0,387.1278475176199,240.89400000000003,0.015961741977908443
7580.0,387.1278475176199,241.05937500000005,0.015874282950581627
7580.0,387.1278475176199,241.22475000000003,0.015786292047861836
7580.0,387.1278475176199,241.39012500000004,0.01569777923503114
7580.0,387.1278475176199,241.55550000000002,0.015608754544702605
7580.0,387.1278475176199,241.72087500000004,0.015519228074696979
7580.0,387.1278475176199,241.88625000000005,0.01542920998593833
7580.0,387.1278475176199,242.05162500000003,0.015338710500373918
7580.0,387.1278475176199,242.21700000000004,0.015247739898891841
7580.0,387.1278475176199,242.38237500000002,0.015156308519281339
7580.0,387.1278475176199,242.54775000000004,0.015064426754189156
7580.0,387.1278475176199,242.71312500000005,0.014972105049115694
7580.0,387.1278475176199,242.87850000000003,0.014879353908867774
7580.0,387.1278475176199,243.04387500000004,0.014786183912383092
7580.0,387.1278475176199,243.20925000000003,0.014692605654297686
7580.0,387.1278475176199,243.37462500000004,0.01459862977058229
7580.0,387.1278475176199,243.54000000000005,0.014504266940260881
7580.0,387.1278475176199,243.70537500000003,0.014409528145776987
7580.0,387.1278475176199,243.87075000000004,0.014314424812423605
7580.0,387.1278475176199,244.03612500000003,0.014218967738518135
7580.0,387.1278475176199,244.20150000000004,0.014123167722659131
7580.0,387.1278475176199,244.36687500000005,0.014027035687390645
7580.0,387.1278475176199,244.53225000000003,0.013930585204778738
7580.0,387.1278475176199,244.69762500000004,0.01383382832252099
7580.0,387.1278475176199,244.86300000000003,0.013736775809806505
7580.0,387.1278475176199,245.02837500000004,0.013639438465796683
7580.0,387.1278475176199,245.19375000000005,0.01354182711783537
7580.0,387.1278475176199,245.35912500000003,0.013443952619687526
7580.0,387.1278475176199,245.52450000000005,0.013345825849779648
7580.0,387.1278475176199,245.68987500000003,0.013247457713891636
7580.0,387.1278475176199,245.85525000000004,0.013148862416406674
7580.0,387.1278475176199,246.02062500000002,0.01305005358622285
7580.0,387.1278475176199,246.18600000000004,0.012951041975893952
7580.0,387.1278475176199,246.35137500000005,0.012851838357627009
7580.0,387.1278475176199,246.51675000000003,0.012752453521593833
7580.0,387.1278475176199,246.68212500000004,0.012652898274268942
7580.0,387.1278475176199,246.84750000000003,0.01255318355898998
7580.0,387.1278475176199,247.01287500000004,0.01245332245573962
7580.0,387.1278475176199,247.17825000000005,0.012353326776117293
7580.0,387.1278475176199,247.34362500000003,0.012253207465415064
7580.0,387.1278475176199,247.50900000000004,0.012152975244948789
7580.0,387.1278475176199,247.67437500000003,0.0120526408555945
7580.0,387.1278475176199,247.83975000000004,0.011952215930016531
7580.0,387.1278475176199,248.00512500000005,0.011851711747220767
7580.0,387.1278475176199,248.17050000000003,0.01175113899566459
7580.0,387.1278475176199,248.33587500000004,0.011650508368292328
7580.0,387.1278475176199,248.50125000000003,0.01154983056952678
7580.0,387.1278475176199,248.66662500000004,0.011449116311905715
7580.0,387.1278475176199,248.83200000000005,0.011348376292382662
7580.0,387.1278475176199,248.99737500000003,0.011247621206086404
7580.0,387.1278475176199,249.16275000000005,0.011146861992345675
7580.0,387.1278475176199,249.32812500000003,0.011046109675655143
7580.0,387.1278475176199,249.49350000000004,0.010945374917086335
7580.0,387.1278475176199,249.65887500000005,0.010844668368313094
7580.0,387.1278475176199,249.82425000000003,0.010744000672860295
7580.0,387.1278475176199,249.98962500000005,0.010643382464718996
7580.0,387.1278475176199,250.15500000000003,0.010542824366992113
7580.0,387.1278475176199,250.32037500000004,0.010442337004833636
7580.0,387.1278475176199,250.48575000000002,0.010341930989068326
7580.0,387.1278475176199,250.65112500000004,0.010241616901362435
7580.0,387.1278475176199,250.81650000000005,0.010141405307221112
7580.0,387.1278475176199,250.98187500000003,0.010041306754701072
7580.0,387.1278475176199,251.14725000000004,0.009941331773154585
7580.0,387.1278475176199,251.31262500000003,0.009841490871972652
7580.0,387.1278475176199,251.47800000000004,0.009741794539361397
7580.0,387.1278475176199,251.64337500000005,0.009642253241112574
7580.0,387.1278475176199,251.80875000000003,0.009542877419410284
7580.0,387.1278475176199,251.97412500000004,0.009443677491644452
7580.0,387.1278475176199,252.13950000000003,0.009344663849237107
7580.0,387.1278475176199,252.30487500000004,0.00924584685648554
7580.0,387.1278475176199,252.47025000000005,0.009147236849426005
7580.0,387.1278475176199,252.63562500000003,0.009048844874672972
7580.0,387.1278475176199,252.80100000000004,0.008950683569160515
7580.0,387.1278475176199,252.96637500000003,0.008852763237246437
7580.0,387.1278475176199,253.13175000000004,0.00875509396217827
7580.0,387.1278475176199,253.29712500000005,0.008657685795953904
7580.0,387.1278475176199,253.46250000000003,0.00856054889869213
7580.0,387.1278475176199,253.62787500000005,0.008463693494205733
7580.0,387.1278475176199,253.79325000000003,0.008367129521940768
7580.0,387.1278475176199,253.95862500000004,0.008270866881508038
7580.0,387.1278475176199,254.12400000000005,0.008174915436387965
7580.0,387.1278475176199,254.28937500000004,0.008079285012921874
7580.0,387.1278475176199,254.45475000000005,0.007983985399321113
7580.0,387.1278475176199,254.62012500000003,0.007889026344690873
7580.0,387.1278475176199,254.78550000000004,0.007794417558067069
7580.0,387.1278475176199,254.95087500000002,0.007700168707468096
7580.0,387.1278475176199,255.11625000000004,0.007606289485363814
7580.0,387.1278475176199,255.28162500000005,0.007512789627016396
7580.0,387.1278475176199,255.44700000000003,0.007419678669778874
7580.0,387.1278475176199,255.61237500000004,0.00732696609982904
7580.0,387.1278475176199,255.77775000000003,0.007234661357959967
7580.0,387.1278475176199,255.94312500000004,0.0071427738387152715
7580.0,387.1278475176199,256.10850000000005,0.007051312889537778
7580.0,387.1278475176199,256.27387500000003,0.006960287953617234
7580.0,387.1278475176199,256.43925,0.006869708419082458
7580.0,387.1278475176199,256.604625,0.006779583473453362
7580.0,387.1278475176199,256.77000000000004,0.006689922254183761
7580.0,387.1278475176199,256.935375,0.006600733847878892
7580.0,387.1278475176199,257.10075,0.006512027291107411
7580.0,387.1278475176199,257.26612500000005,0.006423811648319728
7580.0,387.1278475176199,257.4315,0.0063360958904454924
7580.0,387.1278475176199,257.596875,0.006248888887811949
7580.0,387.1278475176199,257.76225000000005,0.006162199463994991
7580.0,387.1278475176199,257.92762500000003,0.006076036380418528
7580.0,387.1278475176199,258.093,0.005990408340569244
7580.0,387.1278475176199,258.258375,0.005905323991413832
7580.0,387.1278475176199,258.42375000000004,0.0058207919227202375
7580.0,387.1278475176199,258.589125,0.005736820666405764
7580.0,387.1278475176199,258.7545,0.005653418966950604
7580.0,387.1278475176199,258.91987500000005,0.005570596556522381
7580.0,387.1278475176199,259.08525000000003,0.005488361894772156
7580.0,387.1278475176199,259.250625,0.0054067232013673425
7580.0,387.1278475176199,259.416,0.005325688638665753
7580.0,387.1278475176199,259.58137500000004,0.005245266300685756
7580.0,387.1278475176199,259.74675,0.005165464221033222
7580.0,387.1278475176199,259.912125,0.005086290372367019
7580.0,387.1278475176199,260.07750000000004,0.005007752665826069
7580.0,387.1278475176199,260.242875,0.004929858950476076
7580.0,387.1278475176199,260.40825,0.004852617012762953
7580.0,387.1278475176199,260.57362500000005,0.004776034575977374
7580.0,387.1278475176199,260.73900000000003,0.004700119299738048
7580.0,387.1278475176199,260.904375,0.004624878779475857
7580.0,387.1278475176199,261.06975,0.004550320545940384
7580.0,387.1278475176199,261.23512500000004,0.004476452064710605
7580.0,387.1278475176199,261.4005,0.004403280735718976
7580.0,387.1278475176199,261.565875,0.004330813892790092
7580.0,387.1278475176199,261.73125,0.0042590588031845115
7580.0,387.1278475176199,261.89662500000003,0.00418802266715956
7580.0,387.1278475176199,262.062,0.004117712617537706
7580.0,387.1278475176199,262.227375,0.004048135719287101
7580.0,387.1278475176199,262.39275000000004,0.003979298969112798
7580.0,387.1278475176199,262.558125,0.0039112092950601435
7580.0,387.1278475176199,262.7235,0.0038438735561244605
7580.0,387.1278475176199,262.888875,0.003777298561927799
7580.0,387.1278475176199,263.05425,0.003711491107691234
7580.0,387.1278475176199,263.219625,0.003646457846042253
7580.0,387.1278475176199,263.385,0.0035822053513709907
7580.0,387.1278475176199,263.55037500000003,0.0035187401273511676
7580.0,387.1278475176199,263.71575,0.0034560688938485963
7580.0,387.1278475176199,263.881125,0.0033941986840290775
7580.0,387.1278475176199,264.04650000000004,0.003333135765562969
7580.0,387.1278475176199,264.211875,0.003272886303327386
7580.0,387.1278475176199,264.37725,0.003213456391289821
7580.0,387.1278475176199,264.542625,0.0031548520522127073
7580.0,387.1278475176199,264.708,0.003097079237372197
7580.0,387.1278475176199,264.873375,0.003040143826285089
7580.0,387.1278475176199,265.03875,0.002984051626444567
7580.0,387.1278475176199,265.20412500000003,0.0029288083730686656
7580.0,387.1278475176199,265.3695,0.0028744197288538068
7580.0,387.1278475176199,265.534875,0.0028208912837425046
7580.0,387.1278475176199,265.70025000000004,0.002768228554697214
7580.0,387.1278475176199,265.865625,0.0027164369854848647
7580.0,387.1278475176199,266.031,0.0026655219464701637
7580.0,387.1278475176199,266.196375,0.002615488734420065
7580.0,387.1278475176199,266.36175000000003,0.0025663425723130248
7580.0,387.1278475176199,266.527125,0.002518088609162022
7580.0,387.1278475176199,266.6925,0.002470731919843277
7580.0,387.1278475176199,266.85787500000004,0.002424277537346221
7580.0,387.1278475176199,267.02325,0.002378730857926253
7580.0,387.1278475176199,267.188625,0.002334096856630962
7580.0,387.1278475176199,267.354,0.002290380270864074
7580.0,387.1278475176199,267.519375,0.002247585764271665
7580.0,387.1278475176199,267.68475,0.00220571792714944
7580.0,387.1278475176199,267.850125,0.002164781278660699
7580.0,387.1278475176199,268.01550000000003,0.0021247803023233323
7580.0,387.1278475176199,268.180875,0.002085719572813944
7580.0,387.1278475176199,268.34625,0.002047603396261338
7580.0,387.1278475176199,268.51162500000004,0.002010435973584209
7580.0,387.1278475176199,268.677,0.001974221431699083
7580.0,387.1278475176199,268.842375,0.0019389638234373324
7580.0,387.1278475176199,269.00775,0.0019046671274714252
7580.0,387.1278475176199,269.173125,0.001871335248247215
7580.0,387.1278475176199,269.3385,0.0018389720159264272
7580.0,387.1278475176199,269.503875,0.0018075811863347707
7580.0,387.1278475176199,269.66925000000003,0.0017771664409190152
7580.0,387.1278475176199,269.834625,0.0017477313872468242
7580.0,387.1278475176199,270.0,0.0017192795709089573
22230.0,382.0293606649001,5.4,0.0
22230.0,382.0293606649001,5.565375,0.0
22230.0,382.0293606649001,5.7307500000000005,0.0
22230.0,382.0293606649001,5.8961250000000005,0.0
22230.0,382.0293606649001,6.0615000000000006,0.0
22230.0,382.0293606649001,6.226875000000001,0.0
22230.0,382.0293606649001,6.392250000000001,0.0
22230.0,382.0293606649001,6.557625000000001,0.0
22230.0,382.0293606649001,6.723000000000001,0.0
22230.0,382.0293606649001,6.888375000000001,0.0
22230.0,382.0293606649001,7.053750000000001,0.0
22230.0,382.0293606649001,7.219125000000001,0.0
22230.0,382.0293606649001,7.384500000000001,0.0
22230.0,382.0293606649001,7.549875,0.0
22230.0,382.0293606649001,7.715250000000001,0.0
22230.0,382.0293606649001,7.880625,0.0
22230.0,382.0293606649001,8.046000000000001,0.0
22230.0,382.0293606649001,8.211375,0.0
22230.0,382.0293606649001,8.376750000000001,0.0
22230.0,382.0293606649001,8.542125,0.0
22230.0,382.0293606649001,8.707500000000001,0.0
22230.0,382.0293606649001,8.872875,0.0
22230.0,382.0293606649001,9.038250000000001,0.0
22230.0,382.0293606649001,9.203625,0.0
22230.0,382.0293606649001,9.369,0.0
22230.0,382.0293606649001,9.534375,0.0
22230.0,382.0293606649001,9.699750000000002,0.0
22230.0,382.0293606649001,9.865125,0.0
22230.0,382.0293606649001,10.0305,0.0
22230.0,382.0293606649001,10.195875000000001,0.0
22230.0,382.0293606649001,10.361250000000002,0.0
22230.0,382.0293606649001,10.526625000000001,0.0
22230.0,382.0293606649001,10.692,0.0
22230.0,382.0293606649001,10.857375000000001,0.0
22230.0,382.0293606649001,11.022750000000002,0.0
22230.0,382.0293606649001,11.188125000000001,0.0
22230.0,382.0293606649001,11.3535,0.0
22230.0,382.0293606649001,11.518875000000001,0.0
22230.0,382.0293606649001,11.684250000000002,0.0
22230.0,382.0293606649001,11.849625000000001,0.0
22230.0,382.0293606649001,12.015,0.0
22230.0,382.0293606649001,12.180375000000002,0.0
22230.0,382.0293606649001,12.345750000000002,0.0
22230.0,382.0293606649001,12.511125000000002,0.0
22230.0,382.0293606649001,12.6765,0.0
22230.0,382.0293606649001,12.841875000000002,0.0
22230.0,382.0293606649001,13.007250000000003,0.0
22230.0,382.0293606649001,13.172625000000002,0.0
22230.0,382.0293606649001,13.338000000000001,0.0
22230.0,382.0293606649001,13.503375000000002,0.0
22230.0,382.0293606649001,13.668750000000001,0.0
22230.0,382.0293606649001,13.834125000000002,0.0
22230.0,382.0293606649001,13.999500000000001,0.0
22230.0,382.0293606649001,14.164875000000002,0.0
22230.0,382.0293606649001,14.330250000000001,0.0
22230.0,382.0293606649001,14.495625000000002,0.0
22230.0,382.0293606649001,14.661000000000001,0.0
22230.0,382.0293606649001,14.826375000000002,0.0
22230.0,382.0293606649001,14.991750000000001,0.0
22230.0,382.0293606649001,15.157125000000002,0.0
22230.0,382.0293606649001,15.322500000000002,0.0
22230.0,382.0293606649001,15.487875000000003,0.0
22230.0,382.0293606649001,15.653250000000002,0.0
22230.0,382.0293606649001,15.818625000000003,0.0
22230.0,382.0293606649001,15.984000000000002,0.0
22230.0,382.0293606649001,16.149375,0.0
22230.0,382.0293606649001,16.314750000000004,0.0
22230.0,382.0293606649001,16.480125,0.0
22230.0,382.0293606649001,16.645500000000002,0.0
22230.0,382.0293606649001,16.810875000000003,0.0
22230.0,382.0293606649001,16.97625,0.0
22230.0,382.0293606649001,17.141625,0.0
22230.0,382.0293606649001,17.307000000000002,0.0
22230.0,382.0293606649001,17.472375,0.0
22230.0,382.0293606649001,17.637750000000004,0.0
22230.0,382.0293606649001,17.803125,0.0
22230.0,382.0293606649001,17.968500000000002,0.0
22230.0,382.0293606649001,18.133875000000003,0.0
22230.0,382.0293606649001,18.29925,0.0
22230.0,382.0293606649001,18.464625,0.0
22230.0,382.0293606649001,18.630000000000003,0.0
22230.0,382.0293606649001,18.795375,0.0
22230.0,382.0293606649001,18.960750000000004,0.0
22230.0,382.0293606649001,19.126125000000002,0.0
22230.0,382.0293606649001,19.291500000000003,0.0
22230.0,382.0293606649001,19.456875000000004,0.0
22230.0,382.0293606649001,19.62225,0.0
22230.0,382.0293606649001,19.787625000000002,0.0
22230.0,382.0293606649001,19.953000000000003,0.0
22230.0,382.0293606649001,20.118375,0.0
22230.0,382.0293606649001,20.283750000000005,0.0
22230.0,382.0293606649001,20.449125000000002,0.0
22230.0,382.0293606649001,20.614500000000003,0.0
22230.0,382.0293606649001,20.779875000000004,0.0
22230.0,382.0293606649001,20.94525,0.0
22230.0,382.0293606649001,21.110625000000002,0.0
22230.0,382.0293606649001,21.276000000000003,0.0
22230.0,382.0293606649001,21.441375,0.0
22230.0,382.0293606649001,21.606750000000005,0.0
22230.0,382.0293606649001,21.772125000000003,0.0
22230.0,382.0293606649001,21.9375,0.0
22230.0,382.0293606649001,22.102875000000004,0.0
22230.0,382.0293606649001,22.268250000000002,0.0
22230.0,382.0293606649001,22.433625,0.0
22230.0,382.0293606649001,22.599000000000004,0.0
22230.0,382.0293606649001,22.764375,0.0
22230.0,382.0293606649001,22.929750000000006,0.0
22230.0,382.0293606649001,23.095125000000003,0.0
22230.0,382.0293606649001,23.2605,0.0
22230.0,382.0293606649001,23.425875000000005,0.0
22230.0,382.0293606649001,23.591250000000002,0.0
22230.0,382.0293606649001,23.756625,0.0
22230.0,382.0293606649001,23.922000000000004,0.0
22230.0,382.0293606649001,24.087375,0.0
22230.0,382.0293606649001,24.252750000000006,0.0
22230.0,382.0293606649001,24.418125000000003,0.0
22230.0,382.0293606649001,24.5835,0.0
22230.0,382.0293606649001,24.748875000000005,0.0
22230.0,382.0293606649001,24.914250000000003,0.0
22230.0,382.0293606649001,25.079625,0.0
22230.0,382.0293606649001,25.245000000000005,0.0
22230.0,382.0293606649001,25.410375000000002,0.0
22230.0,382.0293606649001,25.575750000000006,0.0
22230.0,382.0293606649001,25.741125000000004,0.0
22230.0,382.0293606649001,25.9065,0.0
22230.0,382.0293606649001,26.071875000000006,0.0
22230.0,382.0293606649001,26.237250000000003,0.0
22230.0,382.0293606649001,26.402625,0.0
22230.0,382.0293606649001,26.568000000000005,0.0
22230.0,382.0293606649001,26.733375000000002,0.0
22230.0,382.0293606649001,26.89875,0.0
22230.0,382.0293606649001,27.064125000000004,0.0
22230.0,382.0293606649001,27.2295,0.0
22230.0,382.0293606649001,27.394875000000006,0.0
22230.0,382.0293606649001,27.560250000000003,0.0
22230.0,382.0293606649001,27.725625,0.0
22230.0,382.0293606649001,27.891000000000005,0.0
22230.0,382.0293606649001,28.056375000000003,0.0
22230.0,382.0293606649001,28.22175,0.0
22230.0,382.0293606649001,28.387125000000005,0.0
22230.0,382.0293606649001,28.552500000000002,0.0
22230.0,382.0293606649001,28.717875000000006,0.0
22230.0,382.0293606649001,28.883250000000004,0.0
22230.0,382.0293606649001,29.048625,0.0
22230.0,382.0293606649001,29.214000000000006,0.0
22230.0,382.0293606649001,29.379375000000003,0.0
22230.0,382.0293606649001,29.54475,0.0
22230.0,382.0293606649001,29.710125000000005,0.0
22230.0,382.0293606649001,29.875500000000002,0.0
22230.0,382.0293606649001,30.040875000000007,0.0
22230.0,382.0293606649001,30.206250000000004,0.0
22230.0,382.0293606649001,30.371625,0.0
22230.0,382.0293606649001,30.537000000000006,0.0
22230.0,382.0293606649001,30.702375000000004,0.0
22230.0,382.0293606649001,30.86775,0.0
22230.0,382.0293606649001,31.033125000000005,0.0
22230.0,382.0293606649001,31.198500000000003,0.0
22230.0,382.0293606649001,31.363875000000007,0.0
22230.0,382.0293606649001,31.529250000000005,0.0
22230.0,382.0293606649001,31.694625000000002,0.0
22230.0,382.0293606649001,31.860000000000007,0.0
22230.0,382.0293606649001,32.025375000000004,0.0
22230.0,382.0293606649001,32.19075,0.0
22230.0,382.0293606649001,32.356125000000006,0.0
22230.0,382.0293606649001,32.5215,0.0
22230.0,382.0293606649001,32.686875,0.0
22230.0,382.0293606649001,32.852250000000005,0.0
22230.0,382.0293606649001,33.017625,0.0
22230.0,382.0293606649001,33.18300000000001,0.0
22230.0,382.0293606649001,33.348375000000004,0.0
22230.0,382.0293606649001,33.51375,0.0
22230.0,382.0293606649001,33.679125000000006,0.0
22230.0,382.0293606649001,33.844500000000004,0.0
22230.0,382.0293606649001,34.009875,0.0
22230.0,382.0293606649001,34.175250000000005,0.0
22230.0,382.0293606649001,34.340625,0.0
22230.0,382.0293606649001,34.50600000000001,0.0
22230.0,382.0293606649001,34.671375000000005,0.0
22230.0,382.0293606649001,34.83675,0.0
22230.0,382.0293606649001,35.00212500000001,0.0
22230.0,382.0293606649001,35.167500000000004,0.0
22230.0,382.0293606649001,35.332875,0.0
22230.0,382.0293606649001,35.498250000000006,0.0
22230.0,382.0293606649001,35.663625,0.0
22230.0,382.0293606649001,35.82900000000001,0.0
22230.0,382.0293606649001,35.994375000000005,0.0
22230.0,382.0293606649001,36.15975,0.0
22230.0,382.0293606649001,36.32512500000001,0.0
22230.0,382.0293606649001,36.490500000000004,0.0
22230.0,382.0293606649001,36.655875,0.0
22230.0,382.0293606649001,36.821250000000006,0.0
22230.0,382.0293606649001,36.986625000000004,0.0
22230.0,382.0293606649001,37.152,0.0
22230.0,382.0293606649001,37.317375000000006,0.0
22230.0,382.0293606649001,37.48275,0.0
22230.0,382.0293606649001,37.648125,0.0
22230.0,382.0293606649001,37.813500000000005,0.0
22230.0,382.0293606649001,37.978875,0.0
22230.0,382.0293606649001,38.14425,0.0
22230.0,382.0293606649001,38.309625000000004,0.0
22230.0,382.0293606649001,38.475,0.0
22230.0,382.0293606649001,38.640375000000006,0.0
22230.0,382.0293606649001,38.80575,0.0
22230.0,382.0293606649001,38.971125,0.0
22230.0,382.0293606649001,39.136500000000005,0.0
22230.0,382.0293606649001,39.301875,0.0
22230.0,382.0293606649001,39.46725,0.0
22230.0,382.0293606649001,39.632625000000004,0.0
22230.0,382.0293606649001,39.798,0.0
22230.0,382.0293606649001,39.963375000000006,0.0
22230.0,382.0293606649001,40.128750000000004,0.0
22230.0,382.0293606649001,40.294125,0.0
22230.0,382.0293606649001,40.459500000000006,0.0
22230.0,382.0293606649001,40.624875,0.0
22230.0,382.0293606649001,40.79025,0.0
22230.0,382.0293606649001,40.955625000000005,0.0
22230.0,382.0293606649001,41.121,0.0
22230.0,382.0293606649001,41.28637500000001,0.0
22230.0,382.0293606649001,41.451750000000004,0.0
22230.0,382.0293606649001,41.617125,0.0
22230.0,382.0293606649001,41.782500000000006,0.0
22230.0,382.0293606649001,41.947875,0.0
22230.0,382.0293606649001,42.11325,0.0
22230.0,382.0293606649001,42.278625000000005,0.0
22230.0,382.0293606649001,42.444,0.0
22230.0,382.0293606649001,42.609375,0.0
22230.0,382.0293606649001,42.774750000000004,0.0
22230.0,382.0293606649001,42.940125,0.0
22230.0,382.0293606649001,43.105500000000006,0.0
22230.0,382.0293606649001,43.270875000000004,0.0
22230.0,382.0293606649001,43.43625,0.0
22230.0,382.0293606649001,43.601625000000006,0.0
22230.0,382.0293606649001,43.767,0.0
22230.0,382.0293606649001,43.932375,0.0
22230.0,382.0293606649001,44.097750000000005,0.0
22230.0,382.0293606649001,44.263125,0.0
22230.0,382.0293606649001,44.42850000000001,0.0
22230.0,382.0293606649001,44.593875000000004,0.0
22230.0,382.0293606649001,44.75925,0.0
22230.0,382.0293606649001,44.924625000000006,0.0
22230.0,382.0293606649001,45.09,0.0
22230.0,382.0293606649001,45.255375,0.0
22230.0,382.0293606649001,45.420750000000005,0.0
22230.0,382.0293606649001,45.586125,0.0
22230.0,382.0293606649001,45.75150000000001,0.0
22230.0,382.0293606649001,45.916875000000005,0.0
22230.0,382.0293606649001,46.08225,0.0
22230.0,382.0293606649001,46.247625000000006,0.0
22230.0,382.0293606649001,46.413000000000004,0.0
22230.0,382.0293606649001,46.578375,0.0
22230.0,382.0293606649001,46.743750000000006,0.0
22230.0,382.0293606649001,46.909125,0.0
22230.0,382.0293606649001,47.07450000000001,0.0
22230.0,382.0293606649001,47.239875000000005,0.0
22230.0,382.0293606649001,47.40525,0.0
22230.0,382.0293606649001,47.57062500000001,0.0
22230.0,382.0293606649001,47.736000000000004,0.0
22230.0,382.0293606649001,47.901375,0.0
22230.0,382.0293606649001,48.066750000000006,0.0
22230.0,382.0293606649001,48.232125,0.0
22230.0,382.0293606649001,48.3975,0.0
22230.0,382.0293606649001,48.562875000000005,0.0
22230.0,382.0293606649001,48.72825,0.0
22230.0,382.0293606649001,48.89362500000001,0.0
22230.0,382.0293606649001,49.059000000000005,0.0
22230.0,382.0293606649001,49.224375,0.0
22230.0,382.0293606649001,49.38975000000001,0.0
22230.0,382.0293606649001,49.555125000000004,0.0
22230.0,382.0293606649001,49.7205,0.0
22230.0,382.0293606649001,49.885875000000006,0.0
22230.0,382.0293606649001,50.05125,0.0
22230.0,382.0293606649001,50.21662500000001,0.0
22230.0,382.0293606649001,50.382000000000005,0.0
22230.0,382.0293606649001,50.547375,0.0
22230.0,382.0293606649001,50.71275000000001,0.0
22230.0,382.0293606649001,50.878125000000004,0.0
22230.0,382.0293606649001,51.0435,0.0
22230.0,382.0293606649001,51.208875000000006,0.0
22230.0,382.0293606649001,51.37425,0.0
22230.0,382.0293606649001,51.53962500000001,0.0
22230.0,382.0293606649001,51.705000000000005,0.0
22230.0,382.0293606649001,51.870375,0.0
22230.0,382.0293606649001,52.03575000000001,0.0
22230.0,382.0293606649001,52.201125000000005,0.0
22230.0,382.0293606649001,52.3665,0.0
22230.0,382.0293606649001,52.53187500000001,0.0
22230.0,382.0293606649001,52.697250000000004,0.0
22230.0,382.0293606649001,52.86262500000001,0.0
22230.0,382.0293606649001,53.028000000000006,0.0
22230.0,382.0293606649001,53.193375,0.0
22230.0,382.0293606649001,53.35875000000001,0.0
22230.0,382.0293606649001,53.524125000000005,0.0
22230.0,382.0293606649001,53.6895,0.0
22230.0,382.0293606649001,53.85487500000001,0.0
22230.0,382.0293606649001,54.020250000000004,0.0
22230.0,382.0293606649001,54.185625,0.0
22230.0,382.0293606649001,54.351000000000006,0.0
22230.0,382.0293606649001,54.516375000000004,0.0
22230.0,382.0293606649001,54.68175000000001,0.0
22230.0,382.0293606649001,54.847125000000005,0.0
22230.0,382.0293606649001,55.0125,0.0
22230.0,382.0293606649001,55.17787500000001,0.0
22230.0,382.0293606649001,55.343250000000005,0.0
22230.0,382.0293606649001,55.508625,0.0
22230.0,382.0293606649001,55.67400000000001,0.0
22230.0,382.0293606649001,55.839375000000004,0.0
22230.0,382.0293606649001,56.00475000000001,0.0
22230.0,382.0293606649001,56.170125000000006,0.0
22230.0,382.0293606649001,56.3355,0.0
22230.0,382.0293606649001,56.50087500000001,0.0
22230.0,382.0293606649001,56.666250000000005,0.0
22230.0,382.0293606649001,56.831625,0.0
22230.0,382.0293606649001,56.99700000000001,0.0
22230.0,382.0293606649001,57.162375000000004,0.0
22230.0,382.0293606649001,57.32775000000001,0.0
22230.0,382.0293606649001,57.493125000000006,0.0
22230.0,382.0293606649001,57.658500000000004,0.0
22230.0,382.0293606649001,57.82387500000001,0.0
22230.0,382.0293606649001,57.989250000000006,0.0
22230.0,382.0293606649001,58.154625,0.0
22230.0,382.0293606649001,58.32000000000001,0.0
22230.0,382.0293606649001,58.485375000000005,0.0
22230.0,382.0293606649001,58.65075,0.0
22230.0,382.0293606649001,58.81612500000001,0.0
22230.0,382.0293606649001,58.981500000000004,0.0
22230.0,382.0293606649001,59.14687500000001,0.0
22230.0,382.0293606649001,59.312250000000006,0.0
22230.0,382.0293606649001,59.477625,0.0
22230.0,382.0293606649001,59.64300000000001,0.0
22230.0,382.0293606649001,59.808375000000005,0.0
22230.0,382.0293606649001,59.97375,0.0
22230.0,382.0293606649001,60.13912500000001,0.0
22230.0,382.0293606649001,60.304500000000004,0.0
22230.0,382.0293606649001,60.46987500000001,0.0
22230.0,382.0293606649001,60.635250000000006,0.0
22230.0,382.0293606649001,60.800625000000004,0.0
22230.0,382.0293606649001,60.96600000000001,0.0
22230.0,382.0293606649001,61.131375000000006,0.0
22230.0,382.0293606649001,61.29675,0.0
22230.0,382.0293606649001,61.46212500000001,0.0
22230.0,382.0293606649001,61.627500000000005,0.0
22230.0,382.0293606649001,61.79287500000001,0.0
22230.0,382.0293606649001,61.95825000000001,0.0
22230.0,382.0293606649001,62.123625000000004,0.0
22230.0,382.0293606649001,62.28900000000001,0.0
22230.0,382.0293606649001,62.454375000000006,0.0
22230.0,382.0293606649001,62.61975,0.0
22230.0,382.0293606649001,62.78512500000001,0.0
22230.0,382.0293606649001,62.950500000000005,0.0
22230.0,382.0293606649001,63.11587500000001,0.0
22230.0,382.0293606649001,63.28125000000001,0.0
22230.0,382.0293606649001,63.446625000000004,0.0
22230.0,382.0293606649001,63.61200000000001,0.0
22230.0,382.0293606649001,63.777375000000006,0.0
22230.0,382.0293606649001,63.942750000000004,0.0
22230.0,382.0293606649001,64.10812500000002,0.0
22230.0,382.0293606649001,64.27350000000001,0.0
22230.0,382.0293606649001,64.43887500000001,0.0
22230.0,382.0293606649001,64.60425000000001,0.0
22230.0,382.0293606649001,64.769625,0.0
22230.0,382.0293606649001,64.93500000000002,0.0
22230.0,382.0293606649001,65.10037500000001,0.0
22230.0,382.0293606649001,65.26575000000001,0.0
22230.0,382.0293606649001,65.43112500000001,0.0
22230.0,382.0293606649001,65.5965,0.0
22230.0,382.0293606649001,65.761875,0.0
22230.0,382.0293606649001,65.92725000000002,0.0
22230.0,382.0293606649001,66.09262500000001,0.0
22230.0,382.0293606649001,66.25800000000001,0.0
22230.0,382.0293606649001,66.42337500000001,0.0
22230.0,382.0293606649001,66.58875,0.0
22230.0,382.0293606649001,66.75412500000002,0.0
22230.0,382.0293606649001,66.91950000000001,0.0
22230.0,382.0293606649001,67.08487500000001,0.0
22230.0,382.0293606649001,67.25025000000001,0.0
22230.0,382.0293606649001,67.415625,0.0
22230.0,382.0293606649001,67.58100000000002,0.0
22230.0,382.0293606649001,67.74637500000001,0.0
22230.0,382.0293606649001,67.91175000000001,0.0
22230.0,382.0293606649001,68.07712500000001,0.0
22230.0,382.0293606649001,68.2425,0.0
22230.0,382.0293606649001,68.407875,0.0
22230.0,382.0293606649001,68.57325000000002,0.0
22230.0,382.0293606649001,68.73862500000001,0.0
22230.0,382.0293606649001,68.90400000000001,0.0
22230.0,382.0293606649001,69.06937500000001,0.0
22230.0,382.0293606649001,69.23475,0.0
22230.0,382.0293606649001,69.40012500000002,0.0
22230.0,382.0293606649001,69.56550000000001,0.0
22230.0,382.0293606649001,69.73087500000001,0.0
22230.0,382.0293606649001,69.89625000000001,0.0
22230.0,382.0293606649001,70.06162500000002,0.0
22230.0,382.0293606649001,70.22700000000002,0.0
22230.0,382.0293606649001,70.39237500000002,0.0
22230.0,382.0293606649001,70.55775000000001,0.0
22230.0,382.0293606649001,70.72312500000001,0.0
22230.0,382.0293606649001,70.88850000000001,0.0
22230.0,382.0293606649001,71.05387500000002,0.0
22230.0,382.0293606649001,71.21925000000002,0.0
22230.0,382.0293606649001,71.38462500000001,0.0
22230.0,382.0293606649001,71.55000000000001,0.0
22230.0,382.0293606649001,71.71537500000001,0.0
22230.0,382.0293606649001,71.88075000000002,0.0
22230.0,382.0293606649001,72.04612500000002,0.0
22230.0,382.0293606649001,72.21150000000002,0.0
22230.0,382.0293606649001,72.37687500000001,0.0
22230.0,382.0293606649001,72.54225000000001,0.0
22230.0,382.0293606649001,72.70762500000002,0.0
22230.0,382.0293606649001,72.87300000000002,0.0
22230.0,382.0293606649001,73.03837500000002,0.0
22230.0,382.0293606649001,73.20375000000001,0.0
22230.0,382.0293606649001,73.36912500000001,0.0
22230.0,382.0293606649001,73.53450000000001,0.0
22230.0,382.0293606649001,73.69987500000002,0.0
22230.0,382.0293606649001,73.86525000000002,0.0
22230.0,382.0293606649001,74.03062500000001,0.0
22230.0,382.0293606649001,74.19600000000001,0.0
22230.0,382.0293606649001,74.36137500000001,0.0
22230.0,382.0293606649001,74.52675000000002,0.0
22230.0,382.0293606649001,74.69212500000002,0.0
22230.0,382.0293606649001,74.85750000000002,0.0
22230.0,382.0293606649001,75.02287500000001,0.0
22230.0,382.0293606649001,75.18825000000001,0.0
22230.0,382.0293606649001,75.35362500000001,0.0
22230.0,382.0293606649001,75.51900000000002,0.0
22230.0,382.0293606649001,75.68437500000002,0.0
22230.0,382.0293606649001,75.84975000000001,0.0
22230.0,382.0293606649001,76.01512500000001,0.0
22230.0,382.0293606649001,76.18050000000001,0.0
22230.0,382.0293606649001,76.34587500000002,0.0
22230.0,382.0293606649001,76.51125000000002,0.0
22230.0,382.0293606649001,76.67662500000002,0.0
22230.0,382.0293606649001,76.84200000000001,0.0
22230.0,382.0293606649001,77.00737500000001,0.0
22230.0,382.0293606649001,77.17275000000002,0.0
22230.0,382.0293606649001,77.33812500000002,0.0
22230.0,382.0293606649001,77.50350000000002,0.0
22230.0,382.0293606649001,77.66887500000001,0.0
22230.0,382.0293606649001,77.83425000000001,0.0
22230.0,382.0293606649001,77.99962500000001,0.0
22230.0,382.0293606649001,78.16500000000002,0.0
22230.0,382.0293606649001,78.33037500000002,0.0
22230.0,382.0293606649001,78.49575000000002,0.0
22230.0,382.0293606649001,78.66112500000001,0.0
22230.0,382.0293606649001,78.82650000000001,0.0
22230.0,382.0293606649001,78.99187500000002,0.0
22230.0,382.0293606649001,79.15725000000002,0.0
22230.0,382.0293606649001,79.32262500000002,0.0
22230.0,382.0293606649001,79.48800000000001,0.0
22230.0,382.0293606649001,79.65337500000001,0.0
22230.0,382.0293606649001,79.81875000000001,0.0
22230.0,382.0293606649001,79.98412500000002,0.0
22230.0,382.0293606649001,80.14950000000002,0.0
22230.0,382.0293606649001,80.31487500000001,0.0
22230.0,382.0293606649001,80.48025000000001,0.0
22230.0,382.0293606649001,80.64562500000001,0.0
22230.0,382.0293606649001,80.81100000000002,0.0
22230.0,382.0293606649001,80.97637500000002,0.0
22230.0,382.0293606649001,81.14175000000002,0.0
22230.0,382.0293606649001,81.30712500000001,0.0
22230.0,382.0293606649001,81.47250000000001,0.0
22230.0,382.0293606649001,81.63787500000002,0.0
22230.0,382.0293606649001,81.80325000000002,0.0
22230.0,382.0293606649001,81.96862500000002,0.0
22230.0,382.0293606649001,82.13400000000001,0.0
22230.0,382.0293606649001,82.29937500000001,0.0
22230.0,382.0293606649001,82.46475000000001,0.0
22230.0,382.0293606649001,82.63012500000002,0.0
22230.0,382.0293606649001,82.79550000000002,0.0
22230.0,382.0293606649001,82.96087500000002,0.0
22230.0,382.0293606649001,83.12625000000001,0.0
22230.0,382.0293606649001,83.29162500000001,0.0
22230.0,382.0293606649001,83.45700000000002,0.0
22230.0,382.0293606649001,83.62237500000002,0.0
22230.0,382.0293606649001,83.78775000000002,0.0
22230.0,382.0293606649001,83.95312500000001,0.0
22230.0,382.0293606649001,84.11850000000001,0.0
22230.0,382.0293606649001,84.28387500000002,0.0
22230.0,382.0293606649001,84.44925000000002,0.0
22230.0,382.0293606649001,84.61462500000002,0.0
22230.0,382.0293606649001,84.78000000000002,0.0
22230.0,382.0293606649001,84.94537500000001,0.0
22230.0,382.0293606649001,85.11075000000001,0.0
22230.0,382.0293606649001,85.27612500000002,0.0
22230.0,382.0293606649001,85.44150000000002,0.0
22230.0,382.0293606649001,85.60687500000002,0.0
22230.0,382.0293606649001,85.77225000000001,0.0
22230.0,382.0293606649001,85.93762500000001,0.0
22230.0,382.0293606649001,86.10300000000002,0.0
22230.0,382.0293606649001,86.26837500000002,0.0
22230.0,382.0293606649001,86.43375000000002,0.0
22230.0,382.0293606649001,86.59912500000002,0.0
22230.0,382.0293606649001,86.76450000000001,0.0
22230.0,382.0293606649001,86.92987500000001,0.0
22230.0,382.0293606649001,87.09525000000002,0.0
22230.0,382.0293606649001,87.26062500000002,0.0
22230.0,382.0293606649001,87.42600000000002,0.0
22230.0,382.0293606649001,87.59137500000001,0.0
22230.0,382.0293606649001,87.75675000000001,0.0
22230.0,382.0293606649001,87.92212500000002,0.0
22230.0,382.0293606649001,88.08750000000002,0.0
22230.0,382.0293606649001,88.25287500000002,0.0
22230.0,382.0293606649001,88.41825000000001,0.0
22230.0,382.0293606649001,88.58362500000001,0.0
22230.0,382.0293606649001,88.74900000000002,0.0
22230.0,382.0293606649001,88.91437500000002,0.0
22230.0,382.0293606649001,89.07975000000002,0.0
22230.0,382.0293606649001,89.24512500000002,0.0
22230.0,382.0293606649001,89.41050000000001,0.0
22230.0,382.0293606649001,89.57587500000001,0.0
22230.0,382.0293606649001,89.74125000000002,0.0
22230.0,382.0293606649001,89.90662500000002,0.0
22230.0,382.0293606649001,90.07200000000002,0.0
22230.0,382.0293606649001,90.23737500000001,0.0
22230.0,382.0293606649001,90.40275000000001,0.0
22230.0,382.0293606649001,90.56812500000002,0.0
22230.0,382.0293606649001,90.73350000000002,0.0
22230.0,382.0293606649001,90.89887500000002,0.0
22230.0,382.0293606649001,91.06425000000002,0.0
22230.0,382.0293606649001,91.22962500000001,0.0
22230.0,382.0293606649001,91.39500000000001,0.0
22230.0,382.0293606649001,91.56037500000002,0.0
22230.0,382.0293606649001,91.72575000000002,0.0
22230.0,382.0293606649001,91.89112500000002,0.0
22230.0,382.0293606649001,92.05650000000001,0.0
22230.0,382.0293606649001,92.22187500000001,0.0
22230.0,382.0293606649001,92.38725000000002,0.0
22230.0,382.0293606649001,92.55262500000002,0.0
22230.0,382.0293606649001,92.71800000000002,0.0
22230.0,382.0293606649001,92.88337500000002,0.0
22230.0,382.0293606649001,93.04875000000001,0.0
22230.0,382.0293606649001,93.21412500000002,0.0
22230.0,382.0293606649001,93.37950000000002,0.0
22230.0,382.0293606649001,93.54487500000002,0.0
22230.0,382.0293606649001,93.71025000000002,0.0
22230.0,382.0293606649001,93.87562500000001,0.0
22230.0,382.0293606649001,94.04100000000001,0.0
22230.0,382.0293606649001,94.20637500000002,0.0
22230.0,382.0293606649001,94.37175000000002,0.0
22230.0,382.0293606649001,94.53712500000002,0.0
22230.0,382.0293606649001,94.70250000000001,0.0
22230.0,382.0293606649001,94.86787500000001,0.0
22230.0,382.0293606649001,95.03325000000002,0.0
22230.0,382.0293606649001,95.19862500000002,0.0
22230.0,382.0293606649001,95.36400000000002,0.0
22230.0,382.0293606649001,95.52937500000002,0.0
22230.0,382.0293606649001,95.69475000000001,0.0
22230.0,382.0293606649001,95.86012500000001,0.0
22230.0,382.0293606649001,96.02550000000002,0.0
22230.0,382.0293606649001,96.19087500000002,0.0
22230.0,382.0293606649001,96.35625000000002,0.0
22230.0,382.0293606649001,96.52162500000001,0.0
22230.0,382.0293606649001,96.68700000000001,0.0
22230.0,382.0293606649001,96.85237500000002,0.0
22230.0,382.0293606649001,97.01775000000002,0.0
22230.0,382.0293606649001,97.18312500000002,0.0
22230.0,382.0293606649001,97.34850000000002,0.0
22230.0,382.0293606649001,97.51387500000001,0.0
22230.0,382.0293606649001,97.67925000000002,0.0
22230.0,382.0293606649001,97.84462500000002,0.0
22230.0,382.0293606649001,98.01000000000002,0.0
22230.0,382.0293606649001,98.17537500000002,0.0
22230.0,382.0293606649001,98.34075000000001,0.0
22230.0,382.0293606649001,98.50612500000001,0.0
22230.0,382.0293606649001,98.67150000000002,0.0
22230.0,382.0293606649001,98.83687500000002,0.0
22230.0,382.0293606649001,99.00225000000002,0.0
22230.0,382.0293606649001,99.16762500000002,0.0
22230.0,382.0293606649001,99.33300000000001,0.0
22230.0,382.0293606649001,99.49837500000002,0.0
22230.0,382.0293606649001,99.66375000000002,0.0
22230.0,382.0293606649001,99.82912500000002,0.0
22230.0,382.0293606649001,99.99450000000002,0.0
22230.0,382.0293606649001,100.15987500000001,0.0
22230.0,382.0293606649001,100.32525000000003,0.0
22230.0,382.0293606649001,100.49062500000002,0.0
22230.0,382.0293606649001,100.65600000000002,0.0
22230.0,382.0293606649001,100.82137500000002,0.0
22230.0,382.0293606649001,100.98675000000001,0.0
22230.0,382.0293606649001,101.15212500000001,0.0
22230.0,382.0293606649001,101.31750000000002,0.0
22230.0,382.0293606649001,101.48287500000002,0.0
22230.0,382.0293606649001,101.64825000000002,0.0
22230.0,382.0293606649001,101.81362500000002,0.0
22230.0,382.0293606649001,101.97900000000001,0.0
22230.0,382.0293606649001,102.14437500000003,0.0
22230.0,382.0293606649001,102.30975000000002,0.0
22230.0,382.0293606649001,102.47512500000002,0.0
22230.0,382.0293606649001,102.64050000000002,0.0
22230.0,382.0293606649001,102.80587500000001,0.0
22230.0,382.0293606649001,102.97125000000001,0.0
22230.0,382.0293606649001,103.13662500000002,0.0
22230.0,382.0293606649001,103.30200000000002,0.0
22230.0,382.0293606649001,103.46737500000002,0.0
22230.0,382.0293606649001,103.63275000000002,0.0
22230.0,382.0293606649001,103.79812500000001,0.0
22230.0,382.0293606649001,103.96350000000002,0.0
22230.0,382.0293606649001,104.12887500000002,0.0
22230.0,382.0293606649001,104.29425000000002,0.0
22230.0,382.0293606649001,104.45962500000002,0.0
22230.0,382.0293606649001,104.62500000000001,0.0
22230.0,382.0293606649001,104.79037500000003,0.0
22230.0,382.0293606649001,104.95575000000002,0.0
22230.0,382.0293606649001,105.12112500000002,0.0
22230.0,382.0293606649001,105.28650000000002,0.0
22230.0,382.0293606649001,105.45187500000002,0.0
22230.0,382.0293606649001,105.61725000000001,0.0
22230.0,382.0293606649001,105.78262500000002,0.0
22230.0,382.0293606649001,105.94800000000002,0.0
22230.0,382.0293606649001,106.11337500000002,0.0
22230.0,382.0293606649001,106.27875000000002,0.0
22230.0,382.0293606649001,106.44412500000001,0.0
22230.0,382.0293606649001,106.60950000000003,0.0
22230.0,382.0293606649001,106.77487500000002,0.0
22230.0,382.0293606649001,106.94025000000002,0.0
22230.0,382.0293606649001,107.10562500000002,0.0
22230.0,382.0293606649001,107.27100000000002,0.0
22230.0,382.0293606649001,107.43637500000001,0.0
22230.0,382.0293606649001,107.60175000000002,0.0
22230.0,382.0293606649001,107.76712500000002,0.0
22230.0,382.0293606649001,107.93250000000002,0.0
22230.0,382.0293606649001,108.09787500000002,0.0
22230.0,382.0293606649001,108.26325000000001,0.0
22230.0,382.0293606649001,108.42862500000003,0.0
22230.0,382.0293606649001,108.59400000000002,0.0
22230.0,382.0293606649001,108.75937500000002,0.0
22230.0,382.0293606649001,108.92475000000002,0.0
22230.0,382.0293606649001,109.09012500000001,0.0
22230.0,382.0293606649001,109.25550000000003,0.0
22230.0,382.0293606649001,109.42087500000002,0.0
22230.0,382.0293606649001,109.58625000000002,0.0
22230.0,382.0293606649001,109.75162500000002,0.0
22230.0,382.0293606649001,109.91700000000002,0.0
22230.0,382.0293606649001,110.08237500000001,0.0
22230.0,382.0293606649001,110.24775000000002,0.0
22230.0,382.0293606649001,110.41312500000002,0.0
22230.0,382.0293606649001,110.57850000000002,0.0
22230.0,382.0293606649001,110.74387500000002,0.0
22230.0,382.0293606649001,110.90925000000001,0.0
22230.0,382.0293606649001,111.07462500000003,0.0
22230.0,382.0293606649001,111.24000000000002,0.0
22230.0,382.0293606649001,111.40537500000002,0.0
22230.0,382.0293606649001,111.57075000000002,0.0
22230.0,382.0293606649001,111.73612500000002,0.0
22230.0,382.0293606649001,111.90150000000001,0.0
22230.0,382.0293606649001,112.06687500000002,0.0
22230.0,382.0293606649001,112.23225000000002,0.0
22230.0,382.0293606649001,112.39762500000002,0.0
22230.0,382.0293606649001,112.56300000000002,0.0
22230.0,382.0293606649001,112.72837500000001,0.0
22230.0,382.0293606649001,112.89375000000003,0.0
22230.0,382.0293606649001,113.05912500000002,0.0
22230.0,382.0293606649001,113.22450000000002,0.0
22230.0,382.0293606649001,113.38987500000002,0.0
22230.0,382.0293606649001,113.55525000000002,0.0
22230.0,382.0293606649001,113.72062500000003,0.0
22230.0,382.0293606649001,113.88600000000002,0.0
22230.0,382.0293606649001,114.05137500000002,0.0
22230.0,382.0293606649001,114.21675000000002,0.0
22230.0,382.0293606649001,114.38212500000002,0.0
22230.0,382.0293606649001,114.54750000000001,0.0
22230.0,382.0293606649001,114.71287500000003,0.0
22230.0,382.0293606649001,114.87825000000002,0.0
22230.0,382.0293606649001,115.04362500000002,0.0
22230.0,382.0293606649001,115.20900000000002,0.0
22230.0,382.0293606649001,115.37437500000001,0.0
22230.0,382.0293606649001,115.53975000000003,0.0
22230.0,382.0293606649001,115.70512500000002,0.0
22230.0,382.0293606649001,115.87050000000002,0.0
22230.0,382.0293606649001,116.03587500000002,0.0
22230.0,382.0293606649001,116.20125000000002,0.0
22230.0,382.0293606649001,116.36662500000003,0.0
22230.0,382.0293606649001,116.53200000000002,0.0
22230.0,382.0293606649001,116.69737500000002,0.0
22230.0,382.0293606649001,116.86275000000002,0.0
22230.0,382.0293606649001,117.02812500000002,0.0
22230.0,382.0293606649001,117.19350000000001,0.0
22230.0,382.0293606649001,117.35887500000003,0.0
22230.0,382.0293606649001,117.52425000000002,0.0
22230.0,382.0293606649001,117.68962500000002,0.0
22230.0,382.0293606649001,117.85500000000002,0.0
22230.0,382.0293606649001,118.02037500000002,0.0
22230.0,382.0293606649001,118.18575000000003,0.0
22230.0,382.0293606649001,118.35112500000002,0.0
22230.0,382.0293606649001,118.51650000000002,0.0
22230.0,382.0293606649001,118.68187500000002,0.0
22230.0,382.0293606649001,118.84725000000002,0.0
22230.0,382.0293606649001,119.01262500000001,0.0
22230.0,382.0293606649001,119.17800000000003,0.0
22230.0,382.0293606649001,119.34337500000002,0.0
22230.0,382.0293606649001,119.50875000000002,0.0
22230.0,382.0293606649001,119.67412500000002,0.0
22230.0,382.0293606649001,119.83950000000002,0.0
22230.0,382.0293606649001,120.00487500000003,0.0
22230.0,382.0293606649001,120.17025000000002,0.0
22230.0,382.0293606649001,120.33562500000002,0.0
22230.0,382.0293606649001,120.50100000000002,0.0
22230.0,382.0293606649001,120.66637500000002,0.0
22230.0,382.0293606649001,120.83175000000003,0.0
22230.0,382.0293606649001,120.99712500000003,0.0
22230.0,382.0293606649001,121.16250000000002,0.0
22230.0,382.0293606649001,121.32787500000002,0.0
22230.0,382.0293606649001,121.49325000000002,0.0
22230.0,382.0293606649001,121.65862500000001,0.0
22230.0,382.0293606649001,121.82400000000003,0.0
22230.0,382.0293606649001,121.98937500000002,0.0
22230.0,382.0293606649001,122.15475000000002,0.0
22230.0,382.0293606649001,122.32012500000002,0.0
22230.0,382.0293606649001,122.48550000000002,0.0
22230.0,382.0293606649001,122.65087500000003,0.0
22230.0,382.0293606649001,122.81625000000003,0.0
22230.0,382.0293606649001,122.98162500000002,0.0
22230.0,382.0293606649001,123.14700000000002,0.0
22230.0,382.0293606649001,123.31237500000002,0.0
22230.0,382.0293606649001,123.47775000000001,0.0
22230.0,382.0293606649001,123.64312500000003,0.0
22230.0,382.0293606649001,123.80850000000002,0.0
22230.0,382.0293606649001,123.97387500000002,0.0
22230.0,382.0293606649001,124.13925000000002,0.0
22230.0,382.0293606649001,124.30462500000002,0.0
22230.0,382.0293606649001,124.47000000000003,0.0
22230.0,382.0293606649001,124.63537500000002,0.0
22230.0,382.0293606649001,124.80075000000002,0.0
22230.0,382.0293606649001,124.96612500000002,0.0
22230.0,382.0293606649001,125.13150000000002,0.0
22230.0,382.0293606649001,125.29687500000003,0.0
22230.0,382.0293606649001,125.46225000000003,0.0
22230.0,382.0293606649001,125.62762500000002,0.0
22230.0,382.0293606649001,125.79300000000002,0.0
22230.0,382.0293606649001,125.95837500000002,0.0
22230.0,382.0293606649001,126.12375000000002,0.0
22230.0,382.0293606649001,126.28912500000003,0.0
22230.0,382.0293606649001,126.45450000000002,0.0
22230.0,382.0293606649001,126.61987500000002,0.0
22230.0,382.0293606649001,126.78525000000002,0.0
22230.0,382.0293606649001,126.95062500000002,0.0
22230.0,382.0293606649001,127.11600000000003,0.0
22230.0,382.0293606649001,127.28137500000003,0.0
22230.0,382.0293606649001,127.44675000000002,0.0
22230.0,382.0293606649001,127.61212500000002,0.0
22230.0,382.0293606649001,127.77750000000002,0.0
22230.0,382.0293606649001,127.94287500000002,0.0
22230.0,382.0293606649001,128.10825000000003,0.0
22230.0,382.0293606649001,128.273625,0.0
22230.0,382.0293606649001,128.43900000000002,0.0
22230.0,382.0293606649001,128.604375,0.0
22230.0,382.0293606649001,128.76975000000002,0.0
22230.0,382.0293606649001,128.93512500000003,0.0
22230.0,382.0293606649001,129.1005,0.0
22230.0,382.0293606649001,129.26587500000002,0.0
22230.0,382.0293606649001,129.43125,0.0
22230.0,382.0293606649001,129.59662500000002,0.0
22230.0,382.0293606649001,129.76200000000003,0.0
22230.0,382.0293606649001,129.927375,0.0
22230.0,382.0293606649001,130.09275000000002,0.0
22230.0,382.0293606649001,130.258125,0.0
22230.0,382.0293606649001,130.42350000000002,0.0
22230.0,382.0293606649001,130.588875,0.0
22230.0,382.0293606649001,130.75425,0.0
22230.0,382.0293606649001,130.91962500000002,0.0
22230.0,382.0293606649001,131.085,0.0
22230.0,382.0293606649001,131.25037500000002,0.0
22230.0,382.0293606649001,131.41575,0.0
22230.0,382.0293606649001,131.58112500000001,0.0
22230.0,382.0293606649001,131.74650000000003,0.0
22230.0,382.0293606649001,131.911875,0.0
22230.0,382.0293606649001,132.07725000000002,0.0
22230.0,382.0293606649001,132.242625,0.0
22230.0,382.0293606649001,132.40800000000002,0.0
22230.0,382.0293606649001,132.57337500000003,0.0
22230.0,382.0293606649001,132.73875,0.0
22230.0,382.0293606649001,132.90412500000002,0.0
22230.0,382.0293606649001,133.0695,0.0
22230.0,382.0293606649001,133.23487500000002,0.0
22230.0,382.0293606649001,133.40025000000003,0.0
22230.0,382.0293606649001,133.565625,0.0
22230.0,382.0293606649001,133.73100000000002,0.0
22230.0,382.0293606649001,133.89637500000003,0.0
22230.0,382.0293606649001,134.06175000000002,0.0
22230.0,382.0293606649001,134.22712500000003,0.0
22230.0,382.0293606649001,134.3925,0.0
22230.0,382.0293606649001,134.55787500000002,0.0
22230.0,382.0293606649001,134.72325000000004,0.0
22230.0,382.0293606649001,134.88862500000002,0.0
22230.0,382.0293606649001,135.05400000000003,0.0
22230.0,382.0293606649001,135.219375,0.0
22230.0,382.0293606649001,135.38475000000003,0.0
22230.0,382.0293606649001,135.55012500000004,0.0
22230.0,382.0293606649001,135.71550000000002,0.0
22230.0,382.0293606649001,135.88087500000003,0.0
22230.0,382.0293606649001,136.04625000000001,0.0
22230.0,382.0293606649001,136.21162500000003,0.0
22230.0,382.0293606649001,136.377,0.0
22230.0,382.0293606649001,136.54237500000002,0.0
22230.0,382.0293606649001,136.70775000000003,0.0
22230.0,382.0293606649001,136.87312500000002,0.0
22230.0,382.0293606649001,137.03850000000003,0.0
22230.0,382.0293606649001,137.203875,0.0
22230.0,382.0293606649001,137.36925000000002,0.0
22230.0,382.0293606649001,137.53462500000003,0.0
22230.0,382.0293606649001,137.70000000000002,0.0
22230.0,382.0293606649001,137.86537500000003,0.0
22230.0,382.0293606649001,138.03075,0.0
22230.0,382.0293606649001,138.19612500000002,0.0
22230.0,382.0293606649001,138.36150000000004,0.0
22230.0,382.0293606649001,138.52687500000002,0.0
22230.0,382.0293606649001,138.69225000000003,0.0
22230.0,382.0293606649001,138.857625,0.0
22230.0,382.0293606649001,139.02300000000002,0.0
22230.0,382.0293606649001,139.18837500000004,0.0
22230.0,382.0293606649001,139.35375000000002,0.0
22230.0,382.0293606649001,139.51912500000003,0.0
22230.0,382.0293606649001,139.6845,0.0
22230.0,382.0293606649001,139.84987500000003,0.0
22230.0,382.0293606649001,140.01525000000004,0.0
22230.0,382.0293606649001,140.18062500000002,0.0
22230.0,382.0293606649001,140.34600000000003,0.0
22230.0,382.0293606649001,140.51137500000002,0.0
22230.0,382.0293606649001,140.67675000000003,0.0
22230.0,382.0293606649001,140.842125,0.0
22230.0,382.0293606649001,141.00750000000002,0.0
22230.0,382.0293606649001,141.17287500000003,0.0
22230.0,382.0293606649001,141.33825000000002,0.0
22230.0,382.0293606649001,141.50362500000003,0.0
22230.0,382.0293606649001,141.669,0.0
22230.0,382.0293606649001,141.83437500000002,0.0
22230.0,382.0293606649001,141.99975000000003,0.0
22230.0,382.0293606649001,142.16512500000002,0.0
22230.0,382.0293606649001,142.33050000000003,0.0
22230.0,382.0293606649001,142.495875,0.0
22230.0,382.0293606649001,142.66125000000002,0.0
22230.0,382.0293606649001,142.82662500000004,0.0
22230.0,382.0293606649001,142.99200000000002,0.0
22230.0,382.0293606649001,143.15737500000003,0.0
22230.0,382.0293606649001,143.32275,0.0
22230.0,382.0293606649001,143.48812500000003,0.0
22230.0,382.0293606649001,143.65350000000004,0.0
22230.0,382.0293606649001,143.81887500000002,0.0
22230.0,382.0293606649001,143.98425000000003,0.0
22230.0,382.0293606649001,144.14962500000001,0.0
22230.0,382.0293606649001,144.31500000000003,0.0
22230.0,382.0293606649001,144.48037500000004,0.0
22230.0,382.0293606649001,144.64575000000002,0.0
22230.0,382.0293606649001,144.81112500000003,0.0
22230.0,382.0293606649001,144.97650000000002,0.0
22230.0,382.0293606649001,145.14187500000003,0.0
22230.0,382.0293606649001,145.30725,0.0
22230.0,382.0293606649001,145.47262500000002,0.0
22230.0,382.0293606649001,145.63800000000003,0.0
22230.0,382.0293606649001,145.80337500000002,0.0
22230.0,382.0293606649001,145.96875000000003,0.0
22230.0,382.0293606649001,146.134125,0.0
22230.0,382.0293606649001,146.29950000000002,0.0
22230.0,382.0293606649001,146.46487500000003,0.0
22230.0,382.0293606649001,146.63025000000002,0.0
22230.0,382.0293606649001,146.79562500000003,0.0
22230.0,382.0293606649001,146.961,0.0
22230.0,382.0293606649001,147.12637500000002,0.0
22230.0,382.0293606649001,147.29175000000004,0.0
22230.0,382.0293606649001,147.45712500000002,0.0
22230.0,382.0293606649001,147.62250000000003,0.0
22230.0,382.0293606649001,147.787875,0.0
22230.0,382.0293606649001,147.95325000000003,0.0
22230.0,382.0293606649001,148.11862500000004,0.0
22230.0,382.0293606649001,148.28400000000002,0.0
22230.0,382.0293606649001,148.44937500000003,0.0
22230.0,382.0293606649001,148.61475000000002,0.0
22230.0,382.0293606649001,148.78012500000003,0.0
22230.0,382.0293606649001,148.94550000000004,0.0
22230.0,382.0293606649001,149.11087500000002,0.0
22230.0,382.0293606649001,149.27625000000003,0.0
22230.0,382.0293606649001,149.44162500000002,0.0
22230.0,382.0293606649001,149.60700000000003,0.0
22230.0,382.0293606649001,149.772375,0.0
22230.0,382.0293606649001,149.93775000000002,0.0
22230.0,382.0293606649001,150.10312500000003,0.0
22230.0,382.0293606649001,150.26850000000002,0.0
22230.0,382.0293606649001,150.43387500000003,0.0
22230.0,382.0293606649001,150.59925,0.0
22230.0,382.0293606649001,150.76462500000002,0.0
22230.0,382.0293606649001,150.93000000000004,0.0
22230.0,382.0293606649001,151.09537500000002,0.0
22230.0,382.0293606649001,151.26075000000003,0.0
22230.0,382.0293606649001,151.426125,0.0
22230.0,382.0293606649001,151.59150000000002,0.0
22230.0,382.0293606649001,151.75687500000004,0.0
22230.0,382.0293606649001,151.92225000000002,0.0
22230.0,382.0293606649001,152.08762500000003,0.0
22230.0,382.0293606649001,152.25300000000001,0.0
22230.0,382.0293606649001,152.41837500000003,0.0
22230.0,382.0293606649001,152.58375000000004,0.0
22230.0,382.0293606649001,152.74912500000002,0.0
22230.0,382.0293606649001,152.91450000000003,0.0
22230.0,382.0293606649001,153.07987500000002,0.0
22230.0,382.0293606649001,153.24525000000003,0.0
22230.0,382.0293606649001,153.41062500000004,0.0
22230.0,382.0293606649001,153.57600000000002,0.0
22230.0,382.0293606649001,153.74137500000003,0.0
22230.0,382.0293606649001,153.90675000000002,0.0
22230.0,382.0293606649001,154.07212500000003,0.0
22230.0,382.0293606649001,154.2375,0.0
22230.0,382.0293606649001,154.40287500000002,0.0
22230.0,382.0293606649001,154.56825000000003,0.0
22230.0,382.0293606649001,154.73362500000002,0.0
22230.0,382.0293606649001,154.89900000000003,0.0
22230.0,382.0293606649001,155.064375,0.0
22230.0,382.0293606649001,155.22975000000002,0.0
22230.0,382.0293606649001,155.39512500000004,0.0
22230.0,382.0293606649001,155.56050000000002,0.0
22230.0,382.0293606649001,155.72587500000003,0.0
22230.0,382.0293606649001,155.89125,0.0
22230.0,382.0293606649001,156.05662500000003,0.0
22230.0,382.0293606649001,156.22200000000004,0.0
22230.0,382.0293606649001,156.38737500000002,0.0
22230.0,382.0293606649001,156.55275000000003,0.0
22230.0,382.0293606649001,156.71812500000001,0.0
22230.0,382.0293606649001,156.88350000000003,0.0
22230.0,382.0293606649001,157.04887500000004,0.0
22230.0,382.0293606649001,157.21425000000002,0.0
22230.0,382.0293606649001,157.37962500000003,0.0
22230.0,382.0293606649001,157.54500000000002,0.0
22230.0,382.0293606649001,157.71037500000003,0.0
22230.0,382.0293606649001,157.87575000000004,0.0
22230.0,382.0293606649001,158.04112500000002,0.0
22230.0,382.0293606649001,158.20650000000003,0.0
22230.0,382.0293606649001,158.37187500000002,0.0
22230.0,382.0293606649001,158.53725000000003,0.0
22230.0,382.0293606649001,158.70262500000004,0.0
22230.0,382.0293606649001,158.86800000000002,0.0
22230.0,382.0293606649001,159.03337500000004,0.0
22230.0,382.0293606649001,159.19875000000002,0.0
22230.0,382.0293606649001,159.36412500000003,0.0
22230.0,382.0293606649001,159.5295,0.0
22230.0,382.0293606649001,159.69487500000002,0.0
22230.0,382.0293606649001,159.86025000000004,1.81009500239467e-08
22230.0,382.0293606649001,160.02562500000002,7.624490563388414e-08
22230.0,382.0293606649001,160.19100000000003,2.2590013304947867e-07
22230.0,382.0293606649001,160.356375,4.829708047440986e-07
22230.0,382.0293606649001,160.52175000000003,8.462249592281382e-07
22230.0,382.0293606649001,160.68712500000004,1.314429114040397e-06
22230.0,382.0293606649001,160.85250000000002,1.8896768688828798e-06
22230.0,382.0293606649001,161.01787500000003,2.6207554763265823e-06
22230.0,382.0293606649001,161.18325000000002,3.522595096084997e-06
22230.0,382.0293606649001,161.34862500000003,4.593145852166338e-06
22230.0,382.0293606649001,161.51400000000004,5.83035658246969e-06
22230.0,382.0293606649001,161.67937500000002,7.232175124946943e-06
22230.0,382.0293606649001,161.84475000000003,8.796548598159002e-06
22230.0,382.0293606649001,162.01012500000002,1.0521423686463392e-05
22230.0,382.0293606649001,162.17550000000003,1.2404831051958006e-05
22230.0,382.0293606649001,162.34087500000004,1.4481188365751668e-05
22230.0,382.0293606649001,162.50625000000002,1.6777926513417717e-05
22230.0,382.0293606649001,162.67162500000003,1.929219562407115e-05
22230.0,382.0293606649001,162.83700000000002,2.2021146635031884e-05
22230.0,382.0293606649001,163.00237500000003,2.496193165858175e-05
22230.0,382.0293606649001,163.16775000000004,2.8111704344214757e-05
22230.0,382.0293606649001,163.33312500000002,3.1467620230094174e-05
22230.0,382.0293606649001,163.49850000000004,3.502683710027411e-05
22230.0,382.0293606649001,163.66387500000002,3.878651532628826e-05
22230.0,382.0293606649001,163.82925000000003,4.274381821102542e-05
22230.0,382.0293606649001,163.994625,4.689591232891133e-05
22230.0,382.0293606649001,164.16000000000003,5.125450384342728e-05
22230.0,382.0293606649001,164.32537500000004,5.586062527188689e-05
22230.0,382.0293606649001,164.49075000000002,6.071374395558967e-05
22230.0,382.0293606649001,164.65612500000003,6.581026852679018e-05
22230.0,382.0293606649001,164.82150000000001,7.114661316663437e-05
22230.0,382.0293606649001,164.98687500000003,7.671919800180992e-05
22230.0,382.0293606649001,165.15225000000004,8.252444950485131e-05
22230.0,382.0293606649001,165.31762500000002,8.855880088444675e-05
22230.0,382.0293606649001,165.48300000000003,9.48186924670554e-05
22230.0,382.0293606649001,165.64837500000002,0.00010130057208037019
22230.0,382.0293606649001,165.81375000000003,0.00010800787431392453
22230.0,382.0293606649001,165.97912500000004,0.00011496132561672533
22230.0,382.0293606649001,166.14450000000002,0.00012218222139020524
22230.0,382.0293606649001,166.30987500000003,0.00012970844162634443
22230.0,382.0293606649001,166.47525000000002,0.0001375413595580762
22230.0,382.0293606649001,166.64062500000003,0.00014571783987343072
22230.0,382.0293606649001,166.80600000000004,0.00015424168045207083
22230.0,382.0293606649001,166.97137500000002,0.0001631134265121077
22230.0,382.0293606649001,167.13675000000003,0.0001723751462219716
22230.0,382.0293606649001,167.30212500000002,0.00018203112243629104
22230.0,382.0293606649001,167.46750000000003,0.000192075233151343
22230.0,382.0293606649001,167.63287500000004,0.00020250137077766828
22230.0,382.0293606649001,167.79825000000002,0.00021330344275147567
22230.0,382.0293606649001,167.96362500000004,0.0002244753721296666
22230.0,382.0293606649001,168.12900000000002,0.00023601109819019241
22230.0,382.0293606649001,168.29437500000003,0.00024790457701034257
22230.0,382.0293606649001,168.45975,0.00026015765529868826
22230.0,382.0293606649001,168.62512500000003,0.0002728092695363714
22230.0,382.0293606649001,168.79050000000004,0.0002858599216365707
22230.0,382.0293606649001,168.95587500000002,0.0002993028899234874
22230.0,382.0293606649001,169.12125000000003,0.0003131314731368156
22230.0,382.0293606649001,169.28662500000002,0.00032734734496477996
22230.0,382.0293606649001,169.45200000000003,0.0003419805397421515
22230.0,382.0293606649001,169.61737500000004,0.00035702813641799253
22230.0,382.0293606649001,169.78275000000002,0.0003724828235486006
22230.0,382.0293606649001,169.94812500000003,0.00038833731510974363
22230.0,382.0293606649001,170.11350000000002,0.0004045843511165081
22230.0,382.0293606649001,170.27887500000003,0.0004212166982398718
22230.0,382.0293606649001,170.44425000000004,0.00043822845519801094
22230.0,382.0293606649001,170.60962500000002,0.00045564947051571913
22230.0,382.0293606649001,170.77500000000003,0.00047348898432623927
22230.0,382.0293606649001,170.94037500000002,0.0004917391531260052
22230.0,382.0293606649001,171.10575000000003,0.0005103921643501898
22230.0,382.0293606649001,171.27112500000004,0.0005294402369925509
22230.0,382.0293606649001,171.43650000000002,0.0005488756222152005
22230.0,382.0293606649001,171.60187500000004,0.000568690603949358
22230.0,382.0293606649001,171.76725000000002,0.0005888774994751548
22230.0,382.0293606649001,171.93262500000003,0.0006094286600012184
22230.0,382.0293606649001,172.09800000000004,0.0006303364712303914
22230.0,382.0293606649001,172.26337500000002,0.0006515933539102865
22230.0,382.0293606649001,172.42875000000004,0.0006732157703507818
22230.0,382.0293606649001,172.59412500000002,0.0006952733847286384
22230.0,382.0293606649001,172.75950000000003,0.0007178021953757433
22230.0,382.0293606649001,172.92487500000001,0.0007408800656921815
22230.0,382.0293606649001,173.09025000000003,0.0007645145213875293
22230.0,382.0293606649001,173.25562500000004,0.0007887286894242042
22230.0,382.0293606649001,173.42100000000002,0.0008135129502771774
22230.0,382.0293606649001,173.58637500000003,0.0008388563247911833
22230.0,382.0293606649001,173.75175000000002,0.000864797655002751
22230.0,382.0293606649001,173.91712500000003,0.0008913987630523286
22230.0,382.0293606649001,174.08250000000004,0.0009186479310202998
22230.0,382.0293606649001,174.24787500000002,0.0009465328155258655
22230.0,382.0293606649001,174.41325000000003,0.0009750411269305696
22230.0,382.0293606649001,174.57862500000002,0.0010041606302086045
22230.0,382.0293606649001,174.74400000000003,0.0010338791458260705
22230.0,382.0293606649001,174.90937500000004,0.0010641845505738139
22230.0,382.0293606649001,175.07475000000002,0.001095064778396276
22230.0,382.0293606649001,175.24012500000003,0.0011265099837790744
22230.0,382.0293606649001,175.40550000000002,0.0011585842497037519
22230.0,382.0293606649001,175.57087500000003,0.0011913123135072045
22230.0,382.0293606649001,175.73625000000004,0.001224680832094891
22230.0,382.0293606649001,175.90162500000002,0.0012586913840415272
22230.0,382.0293606649001,176.06700000000004,0.0012933888478336756
22230.0,382.0293606649001,176.23237500000002,0.0013288057870860233
22230.0,382.0293606649001,176.39775000000003,0.0013649921803296832
22230.0,382.0293606649001,176.56312500000004,0.0014019596145343862
22230.0,382.0293606649001,176.72850000000003,0.0014396922716686624
22230.0,382.0293606649001,176.89387500000004,0.0014781744117936051
22230.0,382.0293606649001,177.05925000000002,0.0015173903740487871
22230.0,382.0293606649001,177.22462500000003,0.0015573247957560601
22230.0,382.0293606649001,177.39000000000001,0.001598009795786342
22230.0,382.0293606649001,177.55537500000003,0.0016394988574580257
22230.0,382.0293606649001,177.72075000000004,0.0016818449782739628
22230.0,382.0293606649001,177.88612500000002,0.0017250326112494474
22230.0,382.0293606649001,178.05150000000003,0.0017690440706352906
22230.0,382.0293606649001,178.21687500000002,0.0018138617630976807
22230.0,382.0293606649001,178.38225000000003,0.0018594681887626422
22230.0,382.0293606649001,178.54762500000004,0.0019058459422141415
22230.0,382.0293606649001,178.71300000000002,0.0019529777134639405
22230.0,382.0293606649001,178.87837500000003,0.0020008462889495424
22230.0,382.0293606649001,179.04375000000002,0.0020494678353919957
22230.0,382.0293606649001,179.20912500000003,0.0020988695845100777
22230.0,382.0293606649001,179.37450000000004,0.00214903419963442
22230.0,382.0293606649001,179.53987500000002,0.0021999727389014506
22230.0,382.0293606649001,179.70525000000004,0.0022517052736546303
22230.0,382.0293606649001,179.87062500000002,0.002304220015437425
22230.0,382.0293606649001,180.03600000000003,0.0023575001739953275
22230.0,382.0293606649001,180.20137500000004,0.0024115377569554892
22230.0,382.0293606649001,180.36675000000002,0.0024663556625572542
22230.0,382.0293606649001,180.53212500000004,0.0025219887275292913
22230.0,382.0293606649001,180.69750000000002,0.002578417478057557
22230.0,382.0293606649001,180.86287500000003,0.002635622216393606
22230.0,382.0293606649001,181.02825000000004,0.0026935833676970116
22230.0,382.0293606649001,181.19362500000003,0.002752288223060509
22230.0,382.0293606649001,181.35900000000004,0.002811752560529872
22230.0,382.0293606649001,181.52437500000002,0.0028719988098204075
22230.0,382.0293606649001,181.68975000000003,0.002933007143733412
22230.0,382.0293606649001,181.85512500000002,0.0029947574463093348
22230.0,382.0293606649001,182.02050000000003,0.0030572297335644707
22230.0,382.0293606649001,182.18587500000004,0.0031204041543146633
22230.0,382.0293606649001,182.35125000000002,0.00318426099096929
22230.0,382.0293606649001,182.51662500000003,0.0032487806603118596
22230.0,382.0293606649001,182.68200000000002,0.003313943714247019
22230.0,382.0293606649001,182.84737500000003,0.0033797316064260417
22230.0,382.0293606649001,183.01275000000004,0.0034461353414135254
22230.0,382.0293606649001,183.17812500000002,0.0035131564875703447
22230.0,382.0293606649001,183.34350000000003,0.003580800229452927
22230.0,382.0293606649001,183.50887500000002,0.0036490600722808167
22230.0,382.0293606649001,183.67425000000003,0.003717954765983787
22230.0,382.0293606649001,183.83962500000004,0.0037875430691922743
22230.0,382.0293606649001,184.00500000000002,0.003857813399744754
22230.0,382.0293606649001,184.17037500000004,0.00392880398352365
22230.0,382.0293606649001,184.33575000000002,0.004000547464212404
22230.0,382.0293606649001,184.50112500000003,0.004073041818462509
22230.0,382.0293606649001,184.66650000000004,0.004146264467773499
22230.0,382.0293606649001,184.83187500000003,0.004220192998854188
22230.0,382.0293606649001,184.99725000000004,0.00429480516435495
22230.0,382.0293606649001,185.16262500000002,0.004370094831585755
22230.0,382.0293606649001,185.32800000000003,0.004446096508537405
22230.0,382.0293606649001,185.49337500000004,0.004522800423031801
22230.0,382.0293606649001,185.65875000000003,0.004600184667587523
22230.0,382.0293606649001,185.82412500000004,0.004678226656422169
22230.0,382.0293606649001,185.98950000000002,0.004756903977531436
22230.0,382.0293606649001,186.15487500000003,0.00483619439328017
22230.0,382.0293606649001,186.32025000000002,0.0049160758409457425
22230.0,382.0293606649001,186.48562500000003,0.004996526598576345
22230.0,382.0293606649001,186.65100000000004,0.005077538014856785
22230.0,382.0293606649001,186.81637500000002,0.00515909649201123
22230.0,382.0293606649001,186.98175000000003,0.005241187612398745
22230.0,382.0293606649001,187.14712500000002,0.005323842401683749
22230.0,382.0293606649001,187.31250000000003,0.005407066499450401
22230.0,382.0293606649001,187.47787500000004,0.005490880998527699
22230.0,382.0293606649001,187.64325000000002,0.005575294092106206
22230.0,382.0293606649001,187.80862500000003,0.00566031465261124
22230.0,382.0293606649001,187.97400000000002,0.005745941361929906
22230.0,382.0293606649001,188.13937500000003,0.005832151017487768
22230.0,382.0293606649001,188.30475000000004,0.005918921871830621
22230.0,382.0293606649001,188.47012500000002,0.006006238296724692
22230.0,382.0293606649001,188.63550000000004,0.006094081903985727
22230.0,382.0293606649001,188.80087500000002,0.006182429435055496
22230.0,382.0293606649001,188.96625000000003,0.006271257835050053
22230.0,382.0293606649001,189.13162500000004,0.006360544253057972
22230.0,382.0293606649001,189.29700000000003,0.006450266042414363
22230.0,382.0293606649001,189.46237500000004,0.006540402117053939
22230.0,382.0293606649001,189.62775000000002,0.006630961485066835
22230.0,382.0293606649001,189.79312500000003,0.006721960455704823
22230.0,382.0293606649001,189.95850000000004,0.006813388562277341
22230.0,382.0293606649001,190.12387500000003,0.006905223425611203
22230.0,382.0293606649001,190.28925000000004,0.0069974423037890456
22230.0,382.0293606649001,190.45462500000002,0.007090022668010319
22230.0,382.0293606649001,190.62000000000003,0.007182942202715229
22230.0,382.0293606649001,190.78537500000002,0.007276178805696796
22230.0,382.0293606649001,190.95075000000003,0.00736971058815232
22230.0,382.0293606649001,191.11612500000004,0.0074635160541344624
22230.0,382.0293606649001,191.28150000000002,0.0075575865562790365
22230.0,382.0293606649001,191.44687500000003,0.007651910473108922
22230.0,382.0293606649001,191.61225000000002,0.007746499055335332
22230.0,382.0293606649001,191.77762500000003,0.007841381562222685
22230.0,382.0293606649001,191.94300000000004,0.007936553350528982
22230.0,382.0293606649001,192.10837500000002,0.008031994584246022
22230.0,382.0293606649001,192.27375000000004,0.008127688488443275
22230.0,382.0293606649001,192.43912500000002,0.008223613384079039
22230.0,382.0293606649001,192.60450000000003,0.008319757620297836
22230.0,382.0293606649001,192.76987500000004,0.008416106778813041
22230.0,382.0293606649001,192.93525000000002,0.008512677441136485
22230.0,382.0293606649001,193.10062500000004,0.008609459559243032
22230.0,382.0293606649001,193.26600000000002,0.008706430919589994
22230.0,382.0293606649001,193.43137500000003,0.008803569543691053
22230.0,382.0293606649001,193.59675000000004,0.008900853687848893
22230.0,382.0293606649001,193.76212500000003,0.008998261842980871
22230.0,382.0293606649001,193.92750000000004,0.009095772734328532
22230.0,382.0293606649001,194.09287500000002,0.00919336597384495
22230.0,382.0293606649001,194.25825000000003,0.009291023477532722
22230.0,382.0293606649001,194.42362500000004,0.00938872492371783
22230.0,382.0293606649001,194.58900000000003,0.009486451855032264
22230.0,382.0293606649001,194.75437500000004,0.009584194318868753
22230.0,382.0293606649001,194.91975000000002,0.009681933618263278
22230.0,382.0293606649001,195.08512500000003,0.009779654066701346
22230.0,382.0293606649001,195.25050000000005,0.009877347741506233
22230.0,382.0293606649001,195.41587500000003,0.009974995491444219
22230.0,382.0293606649001,195.58125000000004,0.01007257768882919
22230.0,382.0293606649001,195.74662500000002,0.010170074942259917
22230.0,382.0293606649001,195.91200000000003,0.010267478485796767
22230.0,382.0293606649001,196.07737500000002,0.010364820498958767
22230.0,382.0293606649001,196.24275000000003,0.010462111246332227
22230.0,382.0293606649001,196.40812500000004,0.010559339158313063
22230.0,382.0293606649001,196.57350000000002,0.010656489276996358
22230.0,382.0293606649001,196.73887500000004,0.010753558137986561
22230.0,382.0293606649001,196.90425000000002,0.010850553554092347
22230.0,382.0293606649001,197.06962500000003,0.010947455825984227
22230.0,382.0293606649001,197.23500000000004,0.011044245077419527
22230.0,382.0293606649001,197.40037500000003,0.011140901632278509
22230.0,382.0293606649001,197.56575000000004,0.011237407183729408
22230.0,382.0293606649001,197.73112500000002,0.011333744656351563
22230.0,382.0293606649001,197.89650000000003,0.011429895116941103
22230.0,382.0293606649001,198.06187500000004,0.011525839828575022
22230.0,382.0293606649001,198.22725000000003,0.01162156030231351
22230.0,382.0293606649001,198.39262500000004,0.011717038296439542
22230.0,382.0293606649001,198.55800000000002,0.011812255992890236
22230.0,382.0293606649001,198.72337500000003,0.011907204451890795
22230.0,382.0293606649001,198.88875000000004,0.012001870923247074
22230.0,382.0293606649001,199.05412500000003,0.012096237931531662
22230.0,382.0293606649001,199.21950000000004,0.01219028816782786
22230.0,382.0293606649001,199.38487500000002,0.012284004568113365
22230.0,382.0293606649001,199.55025000000003,0.012377370312633813
22230.0,382.0293606649001,199.71562500000005,0.012470368825017807
22230.0,382.0293606649001,199.88100000000003,0.012562983771369853
22230.0,382.0293606649001,200.04637500000004,0.012655199059359783
22230.0,382.0293606649001,200.21175000000002,0.012746998837286137
22230.0,382.0293606649001,200.37712500000004,0.012838375917777695
22230.0,382.0293606649001,200.54250000000002,0.012929339685516853
22230.0,382.0293606649001,200.70787500000003,0.013019883656362944
22230.0,382.0293606649001,200.87325000000004,0.013110012143917866
22230.0,382.0293606649001,201.03862500000002,0.013199714362287267
22230.0,382.0293606649001,201.20400000000004,0.013288992252306803
22230.0,382.0293606649001,201.36937500000002,0.013377849103530333
22230.0,382.0293606649001,201.53475000000003,0.013466269055022548
22230.0,382.0293606649001,201.70012500000004,0.013554240348562799
22230.0,382.0293606649001,201.86550000000003,0.013641757293079437
22230.0,382.0293606649001,202.03087500000004,0.013728805023204647
22230.0,382.0293606649001,202.19625000000002,0.013815368342948622
22230.0,382.0293606649001,202.36162500000003,0.013901432302411303
22230.0,382.0293606649001,202.52700000000004,0.013986982196633588
22230.0,382.0293606649001,202.69237500000003,0.014072003564483399
22230.0,382.0293606649001,202.85775000000004,0.014156482187509534
22230.0,382.0293606649001,203.02312500000002,0.014240404088751971
22230.0,382.0293606649001,203.18850000000003,0.014323755531616187
22230.0,382.0293606649001,203.35387500000004,0.01440652301865171
22230.0,382.0293606649001,203.51925000000003,0.014488693290386967
22230.0,382.0293606649001,203.68462500000004,0.014570253324112556
22230.0,382.0293606649001,203.85000000000002,0.014651190332667438
22230.0,382.0293606649001,204.01537500000003,0.01473149289819275
22230.0,382.0293606649001,204.18075000000005,0.01481115632114531
22230.0,382.0293606649001,204.34612500000003,0.01489016974800058
22230.0,382.0293606649001,204.51150000000004,0.014968521089889109
22230.0,382.0293606649001,204.67687500000002,0.015046200811872518
22230.0,382.0293606649001,204.84225000000004,0.01512321764306274
22230.0,382.0293606649001,205.00762500000002,0.015199564467888997
22230.0,382.0293606649001,205.17300000000003,0.015275229539522628
22230.0,382.0293606649001,205.33837500000004,0.015350201553409723
22230.0,382.0293606649001,205.50375000000003,0.015424483837663967
22230.0,382.0293606649001,205.66912500000004,0.015498079977609432
22230.0,382.0293606649001,205.83450000000002,0.01557098084018129
22230.0,382.0293606649001,205.99987500000003,0.015643179315657577
22230.0,382.0293606649001,206.16525000000004,0.01571468690976957
22230.0,382.0293606649001,206.33062500000003,0.01578550109300785
22230.0,382.0293606649001,206.49600000000004,0.01585561204597224
22230.0,382.0293606649001,206.66137500000002,0.01592500920864738
22230.0,382.0293606649001,206.82675000000003,0.015993681739577353
22230.0,382.0293606649001,206.99212500000004,0.01606161902883938
22230.0,382.0293606649001,207.15750000000003,0.016128810696601516
22230.0,382.0293606649001,207.32287500000004,0.016195246591689617
22230.0,382.0293606649001,207.48825000000002,0.016260916790144034
22230.0,382.0293606649001,207.65362500000003,0.016325811608927977
22230.0,382.0293606649001,207.81900000000005,0.01638992160938479
22230.0,382.0293606649001,207.98437500000003,0.016453237561193216
22230.0,382.0293606649001,208.14975000000004,0.016515750527708525
22230.0,382.0293606649001,208.31512500000002,0.016577451772979212
22230.0,382.0293606649001,208.48050000000003,0.016638332705570184
22230.0,382.0293606649001,208.64587500000005,0.016698385018281768
22230.0,382.0293606649001,208.81125000000003,0.016757613077148372
22230.0,382.0293606649001,208.97662500000004,0.016816017813149155
22230.0,382.0293606649001,209.14200000000002,0.016873591004169564
22230.0,382.0293606649001,209.30737500000004,0.016930324644175397
22230.0,382.0293606649001,209.47275000000002,0.0169862109416918
22230.0,382.0293606649001,209.63812500000003,0.01704124233675659
22230.0,382.0293606649001,209.80350000000004,0.017095411531953382
22230.0,382.0293606649001,209.96887500000003,0.01714871150264052
22230.0,382.0293606649001,210.13425000000004,0.017201145467746752
22230.0,382.0293606649001,210.29962500000002,0.01725271285362533
22230.0,382.0293606649001,210.46500000000003,0.01730340675983682
22230.0,382.0293606649001,210.63037500000004,0.017353220493441242
22230.0,382.0293606649001,210.79575000000003,0.01740214764397902
22230.0,382.0293606649001,210.96112500000004,0.017450184075969318
22230.0,382.0293606649001,211.12650000000002,0.017497324636283992
22230.0,382.0293606649001,211.29187500000003,0.01754356586714635
22230.0,382.0293606649001,211.45725000000004,0.017588917794001638
22230.0,382.0293606649001,211.62262500000003,0.01763337750902845
22230.0,382.0293606649001,211.78800000000004,0.01767694040064213
22230.0,382.0293606649001,211.95337500000002,0.017719601038194324
22230.0,382.0293606649001,212.11875000000003,0.01776135414081633
22230.0,382.0293606649001,212.28412500000005,0.017802205211746372
22230.0,382.0293606649001,212.44950000000003,0.017842155870858706
22230.0,382.0293606649001,212.61487500000004,0.017881200882759893
22230.0,382.0293606649001,212.78025000000002,0.017919335256568344
22230.0,382.0293606649001,212.94562500000004,0.017956554165867365
22230.0,382.0293606649001,213.11100000000005,0.017992852956218008
22230.0,382.0293606649001,213.27637500000003,0.01802822716475826
22230.0,382.0293606649001,213.44175000000004,0.018062672518597663
22230.0,382.0293606649001,213.60712500000002,0.01809618493317774
22230.0,382.0293606649001,213.77250000000004,0.018128760510652618
22230.0,382.0293606649001,213.93787500000002,0.018160395538260023
22230.0,382.0293606649001,214.10325000000003,0.01819108648668454
22230.0,382.0293606649001,214.26862500000004,0.01822083006629845
22230.0,382.0293606649001,214.43400000000003,0.01824963069593879
22230.0,382.0293606649001,214.59937500000004,0.018277490487969464
22230.0,382.0293606649001,214.76475000000002,0.018304406332246233
22230.0,382.0293606649001,214.93012500000003,0.01833038135835923
22230.0,382.0293606649001,215.09550000000004,0.018355421451624408
22230.0,382.0293606649001,215.26087500000003,0.018379523745102502
22230.0,382.0293606649001,215.42625000000004,0.018402685472757915
22230.0,382.0293606649001,215.59162500000002,0.018424904046392465
22230.0,382.0293606649001,215.75700000000003,0.01844617714454617
22230.0,382.0293606649001,215.92237500000005,0.018466504124897462
22230.0,382.0293606649001,216.08775000000003,0.018485883650769926
22230.0,382.0293606649001,216.25312500000004,0.018504313766193818
22230.0,382.0293606649001,216.41850000000002,0.018521792683855356
22230.0,382.0293606649001,216.58387500000003,0.01853832140536962
22230.0,382.0293606649001,216.74925000000005,0.018553912610697384
22230.0,382.0293606649001,216.91462500000003,0.018568576210052007
22230.0,382.0293606649001,217.08000000000004,0.018582310933359044
22230.0,382.0293606649001,217.24537500000002,0.018595119076742907
22230.0,382.0293606649001,217.41075000000004,0.018607002510225432
22230.0,382.0293606649001,217.57612500000005,0.018617959935381175
22230.0,382.0293606649001,217.74150000000003,0.018627990028760068
22230.0,382.0293606649001,217.90687500000004,0.01863709163040989
22230.0,382.0293606649001,218.07225000000003,0.018645265511846015
22230.0,382.0293606649001,218.23762500000004,0.018652518444348006
22230.0,382.0293606649001,218.40300000000002,0.018658850407401194
22230.0,382.0293606649001,218.56837500000003,0.018664260628975773
22230.0,382.0293606649001,218.73375000000004,0.01866874849515617
22230.0,382.0293606649001,218.89912500000003,0.018672313548452286
22230.0,382.0293606649001,219.06450000000004,0.018674955486124654
22230.0,382.0293606649001,219.22987500000002,0.018676674158527015
22230.0,382.0293606649001,219.39525000000003,0.018677469567422524
22230.0,382.0293606649001,219.56062500000004,0.01867734186432959
22230.0,382.0293606649001,219.72600000000003,0.018676291348858082
22230.0,382.0293606649001,219.89137500000004,0.0186743184670605
22230.0,382.0293606649001,220.05675000000002,0.018671423809766566
22230.0,382.0293606649001,220.22212500000003,0.018667608135898142
22230.0,382.0293606649001,220.38750000000005,0.01866287238198644
22230.0,382.0293606649001,220.55287500000003,0.01865721873420664
22230.0,382.0293606649001,220.71825000000004,0.01865064891960766
22230.0,382.0293606649001,220.88362500000002,0.01864316424674777
22230.0,382.0293606649001,221.04900000000004,0.01863477127244044
22230.0,382.0293606649001,221.21437500000005,0.018625474651577312
22230.0,382.0293606649001,221.37975000000003,0.018615275815337968
22230.0,382.0293606649001,221.54512500000004,0.01860417632821167
22230.0,382.0293606649001,221.71050000000002,0.01859217788638751
22230.0,382.0293606649001,221.87587500000004,0.018579282316121777
22230.0,382.0293606649001,222.04125000000005,0.018565492412823764
22230.0,382.0293606649001,222.20662500000003,0.018550818554519812
22230.0,382.0293606649001,222.37200000000004,0.018535264854740767
22230.0,382.0293606649001,222.53737500000003,0.018518833380683077
22230.0,382.0293606649001,222.70275000000004,0.018501526327763695
22230.0,382.0293606649001,222.86812500000002,0.018483350008355773
22230.0,382.0293606649001,223.03350000000003,0.01846431029694778
22230.0,382.0293606649001,223.19887500000004,0.018444410025535138
22230.0,382.0293606649001,223.36425000000003,0.018423652095276206
22230.0,382.0293606649001,223.52962500000004,0.018402041524748305
22230.0,382.0293606649001,223.69500000000002,0.018379582033400208
22230.0,382.0293606649001,223.86037500000003,0.018356276344294244
22230.0,382.0293606649001,224.02575000000004,0.018332127296801115
22230.0,382.0293606649001,224.19112500000003,0.01830713784789672
22230.0,382.0293606649001,224.35650000000004,0.018281311093888104
22230.0,382.0293606649001,224.52187500000002,0.01825465072630118
22230.0,382.0293606649001,224.68725000000003,0.018227160893492845
22230.0,382.0293606649001,224.85262500000005,0.01819884497244894
22230.0,382.0293606649001,225.01800000000003,0.018169706431475422
22230.0,382.0293606649001,225.18337500000004,0.018139748844710004
22230.0,382.0293606649001,225.34875000000002,0.01810897589059661
22230.0,382.0293606649001,225.51412500000004,0.01807739135034874
22230.0,382.0293606649001,225.67950000000005,0.01804499911763612
22230.0,382.0293606649001,225.84487500000003,0.01801180320435189
22230.0,382.0293606649001,226.01025000000004,0.017977807691743973
22230.0,382.0293606649001,226.17562500000003,0.017943016756119822
22230.0,382.0293606649001,226.34100000000004,0.017907434669019718
22230.0,382.0293606649001,226.50637500000005,0.017871065795727607
22230.0,382.0293606649001,226.67175000000003,0.01783391459379716
22230.0,382.0293606649001,226.83712500000004,0.017795985611562155
22230.0,382.0293606649001,227.00250000000003,0.017757283489045803
22230.0,382.0293606649001,227.16787500000004,0.01771781726486824
22230.0,382.0293606649001,227.33325000000005,0.017677595536225103
22230.0,382.0293606649001,227.49862500000003,0.0176366229934512
22230.0,382.0293606649001,227.66400000000004,0.017594904874036952
22230.0,382.0293606649001,227.82937500000003,0.017552446691012698
22230.0,382.0293606649001,227.99475000000004,0.017509253364085785
22230.0,382.0293606649001,228.16012500000002,0.017465329889468074
22230.0,382.0293606649001,228.32550000000003,0.017420681344114296
22230.0,382.0293606649001,228.49087500000005,0.01737531288430972
22230.0,382.0293606649001,228.65625000000003,0.017329229744260283
22230.0,382.0293606649001,228.82162500000004,0.017282437234689238
22230.0,382.0293606649001,228.98700000000002,0.01723494098698073
22230.0,382.0293606649001,229.15237500000003,0.017186746775349215
22230.0,382.0293606649001,229.31775000000005,0.01713786011926236
22230.0,382.0293606649001,229.48312500000003,0.017088286607845626
22230.0,382.0293606649001,229.64850000000004,0.017038032242613386
22230.0,382.0293606649001,229.81387500000002,0.01698710337037891
22230.0,382.0293606649001,229.97925000000004,0.01693550577263263
22230.0,382.0293606649001,230.14462500000005,0.01688324528274609
22230.0,382.0293606649001,230.31000000000003,0.01683032790930495
22230.0,382.0293606649001,230.47537500000004,0.01677675994662709
22230.0,382.0293606649001,230.64075000000003,0.01672254742927913
22230.0,382.0293606649001,230.80612500000004,0.01666769642961828
22230.0,382.0293606649001,230.97150000000005,0.016612213097184192
22230.0,382.0293606649001,231.13687500000003,0.01655610362912265
22230.0,382.0293606649001,231.30225000000004,0.016499374271665094
22230.0,382.0293606649001,231.46762500000003,0.01644203215606101
22230.0,382.0293606649001,231.63300000000004,0.01638408820910623
22230.0,382.0293606649001,231.79837500000005,0.016325549399915876
22230.0,382.0293606649001,231.96375000000003,0.016266422027159
22230.0,382.0293606649001,232.12912500000004,0.01620671245098601
22230.0,382.0293606649001,232.29450000000003,0.01614642709515014
22230.0,382.0293606649001,232.45987500000004,0.0160855724138437
22230.0,382.0293606649001,232.62525000000002,0.016024154909587984
22230.0,382.0293606649001,232.79062500000003,0.015962181132933698
22230.0,382.0293606649001,232.95600000000005,0.01589965768125094
22230.0,382.0293606649001,233.12137500000003,0.015836591197513572
22230.0,382.0293606649001,233.28675000000004,0.01577298836909976
22230.0,382.0293606649001,233.45212500000002,0.01570885592659322
22230.0,382.0293606649001,233.61750000000004,0.015644200642603186
22230.0,382.0293606649001,233.78287500000005,0.01557902933058228
22230.0,382.0293606649001,233.94825000000003,0.015513348843660861
22230.0,382.0293606649001,234.11362500000004,0.01544716607348492
22230.0,382.0293606649001,234.27900000000002,0.015380487949067061
22230.0,382.0293606649001,234.44437500000004,0.015313321541862886
22230.0,382.0293606649001,234.60975000000005,0.015245674124260169
22230.0,382.0293606649001,234.77512500000003,0.015177552734565442
22230.0,382.0293606649001,234.94050000000004,0.015108965899005546
22230.0,382.0293606649001,235.10587500000003,0.015039923896887351
22230.0,382.0293606649001,235.27125000000004,0.01497043383117234
22230.0,382.0293606649001,235.43662500000005,0.014900502716002661
22230.0,382.0293606649001,235.60200000000003,0.014830137596018943
22230.0,382.0293606649001,235.76737500000004,0.014759345545269299
22230.0,382.0293606649001,235.93275000000003,0.014688133666129075
22230.0,382.0293606649001,236.09812500000004,0.01461650908822371
22230.0,382.0293606649001,236.26350000000005,0.014544478967370834
22230.0,382.0293606649001,236.42887500000003,0.01447205048451684
22230.0,382.0293606649001,236.59425000000005,0.01439923084469448
22230.0,382.0293606649001,236.75962500000003,0.014326027275982067
22230.0,382.0293606649001,236.92500000000004,0.014252447028469818
22230.0,382.0293606649001,237.09037500000002,0.014178497935997156
22230.0,382.0293606649001,237.25575000000003,0.01410419035318144
22230.0,382.0293606649001,237.42112500000005,0.014029531949989469
22230.0,382.0293606649001,237.58650000000003,0.013954529934890504
22230.0,382.0293606649001,237.75187500000004,0.013879191535095446
22230.0,382.0293606649001,237.91725000000002,0.01380352489599848
22230.0,382.0293606649001,238.08262500000004,0.013727538310771416
22230.0,382.0293606649001,238.24800000000005,0.013651239000735407
22230.0,382.0293606649001,238.41337500000003,0.01357463420092752
22230.0,382.0293606649001,238.57875000000004,0.013497731161092515
22230.0,382.0293606649001,238.74412500000003,0.013420537144725558
22230.0,382.0293606649001,238.90950000000004,0.013343059428124268
22230.0,382.0293606649001,239.07487500000005,0.013265305299449158
22230.0,382.0293606649001,239.24025000000003,0.01318728210174041
22230.0,382.0293606649001,239.40562500000004,0.013108997354463414
22230.0,382.0293606649001,239.57100000000003,0.013030458410143506
22230.0,382.0293606649001,239.73637500000004,0.012951672590774637
22230.0,382.0293606649001,239.90175000000005,0.012872647221680971
22230.0,382.0293606649001,240.06712500000003,0.012793389634708881
22230.0,382.0293606649001,240.23250000000004,0.01271390716734
22230.0,382.0293606649001,240.39787500000003,0.012634207161818534
22230.0,382.0293606649001,240.56325000000004,0.012554296964286131
22230.0,382.0293606649001,240.72862500000005,0.012474183923930779
22230.0,382.0293606649001,240.89400000000003,0.012393875392127484
22230.0,382.0293606649001,241.05937500000005,0.012313378721611212
22230.0,382.0293606649001,241.22475000000003,0.012232701265635183
22230.0,382.0293606649001,241.39012500000004,0.012151850377153573
22230.0,382.0293606649001,241.55550000000002,0.012070833408004194
22230.0,382.0293606649001,241.72087500000004,0.011989657708103906
22230.0,382.0293606649001,241.88625000000005,0.011908330624647074
22230.0,382.0293606649001,242.05162500000003,0.011826859501318641
22230.0,382.0293606649001,242.21700000000004,0.011745251677512688
22230.0,382.0293606649001,242.38237500000002,0.011663514487553695
22230.0,382.0293606649001,242.54775000000004,0.011581655259937911
22230.0,382.0293606649001,242.71312500000005,0.011499681316571324
22230.0,382.0293606649001,242.87850000000003,0.011417599972023441
22230.0,382.0293606649001,243.04387500000004,0.011335418570122723
22230.0,382.0293606649001,243.20925000000003,0.011253144565030519
22230.0,382.0293606649001,243.37462500000004,0.011170785256611795
22230.0,382.0293606649001,243.54000000000005,0.011088347916338193
22230.0,382.0293606649001,243.70537500000003,0.011005839804815905
22230.0,382.0293606649001,243.87075000000004,0.01092326817108779
22230.0,382.0293606649001,244.03612500000003,0.010840640251934614
22230.0,382.0293606649001,244.20150000000004,0.010757963271192803
22230.0,382.0293606649001,244.36687500000005,0.010675244439078906
22230.0,382.0293606649001,244.53225000000003,0.010592490951513284
22230.0,382.0293606649001,244.69762500000004,0.01050970998946324
22230.0,382.0293606649001,244.86300000000003,0.010426908718612963
22230.0,382.0293606649001,245.02837500000004,0.010344094295405287
22230.0,382.0293606649001,245.19375000000005,0.010261273854864273
22230.0,382.0293606649001,245.35912500000003,0.010178454511380568
22230.0,382.0293606649001,245.52450000000005,0.010095643423781974
22230.0,382.0293606649001,245.68987500000003,0.010012847778804944
22230.0,382.0293606649001,245.85525000000004,0.009930074631258423
22230.0,382.0293606649001,246.02062500000002,0.009847331013785246
22230.0,382.0293606649001,246.18600000000004,0.009764623938557664
22230.0,382.0293606649001,246.35137500000005,0.009681960419912396
22230.0,382.0293606649001,246.51675000000003,0.00959934748311606
22230.0,382.0293606649001,246.68212500000004,0.00951679207544989
22230.0,382.0293606649001,246.84750000000003,0.009434301118808821
22230.0,382.0293606649001,247.01287500000004,0.009351881511804421
22230.0,382.0293606649001,247.17825000000005,0.009269540129221555
22230.0,382.0293606649001,247.34362500000003,0.009187283821476096
22230.0,382.0293606649001,247.50900000000004,0.00910511941416674
22230.0,382.0293606649001,247.67437500000003,0.009023053714379748
22230.0,382.0293606649001,247.83975000000004,0.008941093500487817
22230.0,382.0293606649001,248.00512500000005,0.008859245519868875
22230.0,382.0293606649001,248.17050000000003,0.00877751649294332
22230.0,382.0293606649001,248.33587500000004,0.008695913112672527
22230.0,382.0293606649001,248.50125000000003,0.008614442044072546
22230.0,382.0293606649001,248.66662500000004,0.008533109923729744
22230.0,382.0293606649001,248.83200000000005,0.008451923359324218
22230.0,382.0293606649001,248.99737500000003,0.0083708889291635
22230.0,382.0293606649001,249.16275000000005,0.008290013181719392
22230.0,382.0293606649001,249.32812500000003,0.008209302635174014
22230.0,382.0293606649001,249.49350000000004,0.008128763776972164
22230.0,382.0293606649001,249.65887500000005,0.008048403063380843
22230.0,382.0293606649001,249.82425000000003,0.007968226919055304
22230.0,382.0293606649001,249.98962500000005,0.007888241736612867
22230.0,382.0293606649001,250.15500000000003,0.007808453876213249
22230.0,382.0293606649001,250.32037500000004,0.007728869665143152
22230.0,382.0293606649001,250.48575000000002,0.0076494953974136064
22230.0,382.0293606649001,250.65112500000004,0.007570337333357699
22230.0,382.0293606649001,250.81650000000005,0.007491401699238647
22230.0,382.0293606649001,250.98187500000003,0.007412694686863037
22230.0,382.0293606649001,251.14725000000004,0.007334222453202891
22230.0,382.0293606649001,251.31262500000003,0.007255991120020295
22230.0,382.0293606649001,251.47800000000004,0.007178006773502639
22230.0,382.0293606649001,251.64337500000005,0.007100275463926712
22230.0,382.0293606649001,251.80875000000003,0.007022803209010073
22230.0,382.0293606649001,251.97412500000004,0.0069455959886446
22230.0,382.0293606649001,252.13950000000003,0.006868659742982602
22230.0,382.0293606649001,252.30487500000004,0.006792000374869214
22230.0,382.0293606649001,252.47025000000005,0.006715623749514991
22230.0,382.0293606649001,252.63562500000003,0.006639535694175178
22230.0,382.0293606649001,252.80100000000004,0.006563741997831871
22230.0,382.0293606649001,252.96637500000003,0.006488248410888003
22230.0,382.0293606649001,253.13175000000004,0.006413060644862202
22230.0,382.0293606649001,253.29712500000005,0.006338184372093733
22230.0,382.0293606649001,253.46250000000003,0.006263625225451194
22230.0,382.0293606649001,253.62787500000005,0.006189388798047954
22230.0,382.0293606649001,253.79325000000003,0.00611548064296379
22230.0,382.0293606649001,253.95862500000004,0.006041906272972175
22230.0,382.0293606649001,254.12400000000005,0.005968671160275392
22230.0,382.0293606649001,254.28937500000004,0.0058957807362413
22230.0,382.0293606649001,254.45475000000005,0.0058232403911509575
22230.0,382.0293606649001,254.62012500000003,0.0057510554739489805
22230.0,382.0293606649001,254.78550000000004,0.0056792312920003075
22230.0,382.0293606649001,254.95087500000002,0.00560777311085347
22230.0,382.0293606649001,255.11625000000004,0.005536686154009049
22230.0,382.0293606649001,255.28162500000005,0.00546597560269344
22230.0,382.0293606649001,255.44700000000003,0.00539564659563964
22230.0,382.0293606649001,255.61237500000004,0.005325704228871656
22230.0,382.0293606649001,255.77775000000003,0.005256153555496455
22230.0,382.0293606649001,255.94312500000004,0.005186999585500194
22230.0,382.0293606649001,256.10850000000005,0.005118247285551113
22230.0,382.0293606649001,256.27387500000003,0.005049901578805407
22230.0,382.0293606649001,256.43925,0.004981967347828523
22230.0,382.0293606649001,256.604625,0.004914449431187252
22230.0,382.0293606649001,256.77000000000004,0.004847352620222939
22230.0,382.0293606649001,256.935375,0.004780681662052943
22230.0,382.0293606649001,257.10075,0.004714441259405554
22230.0,382.0293606649001,257.26612500000005,0.004648636070459534
22230.0,382.0293606649001,257.4315,0.004583270708687827
22230.0,382.0293606649001,257.596875,0.00451834974270935
22230.0,382.0293606649001,257.76225000000005,0.004453877696201824
22230.0,382.0293606649001,257.92762500000003,0.004389859050176333
22230.0,382.0293606649001,258.093,0.004326298239086256
22230.0,382.0293606649001,258.258375,0.004263199650595584
22230.0,382.0293606649001,258.42375000000004,0.0042005676268423095
22230.0,382.0293606649001,258.589125,0.0041384064643172165
22230.0,382.0293606649001,258.7545,0.004076720413749919
22230.0,382.0293606649001,258.91987500000005,0.00401551367999799
22230.0,382.0293606649001,259.08525000000003,0.00395479042194229
22230.0,382.0293606649001,259.250625,0.003894554752385709
22230.0,382.0293606649001,259.416,0.0038348107379580685
22230.0,382.0293606649001,259.58137500000004,0.0037755623990243857
22230.0,382.0293606649001,259.74675,0.003716813709598477
22230.0,382.0293606649001,259.912125,0.0036585685972617852
22230.0,382.0293606649001,260.07750000000004,0.0036008309430854953
22230.0,382.0293606649001,260.242875,0.003543604581557876
22230.0,382.0293606649001,260.40825,0.003486893300516337
22230.0,382.0293606649001,260.57362500000005,0.003430700841083527
22230.0,382.0293606649001,260.73900000000003,0.0033750308976080137
22230.0,382.0293606649001,260.904375,0.003319887117609886
22230.0,382.0293606649001,261.06975,0.0032652731017293935
22230.0,382.0293606649001,261.23512500000004,0.0032111924036812406
22230.0,382.0293606649001,261.4005,0.003157648530213006
22230.0,382.0293606649001,261.565875,0.003104644941066586
22230.0,382.0293606649001,261.73125,0.00305218504894528
22230.0,382.0293606649001,261.89662500000003,0.0030002722194842624
22230.0,382.0293606649001,262.062,0.0029489097712259303
22230.0,382.0293606649001,262.227375,0.0028981009755976984
22230.0,382.0293606649001,262.39275000000004,0.002847849056896264
22230.0,382.0293606649001,262.558125,0.0027981571922738786
22230.0,382.0293606649001,262.7235,0.002749028512111469
22230.0,382.0293606649001,262.888875,0.0027004661011357013
22230.0,382.0293606649001,263.05425,0.002652472995198824
22230.0,382.0293606649001,263.219625,0.0026050521827285277
22230.0,382.0293606649001,263.385,0.002558206605003683
22230.0,382.0293606649001,263.55037500000003,0.0025119391561646974
22230.0,382.0293606649001,263.71575,0.0024662526832283788
22230.0,382.0293606649001,263.881125,0.002421149986104705
22230.0,382.0293606649001,264.04650000000004,0.002376633817618845
22230.0,382.0293606649001,264.211875,0.002332706883536543
22230.0,382.0293606649001,264.37725,0.0022893718425921203
22230.0,382.0293606649001,264.542625,0.0022466313065215952
22230.0,382.0293606649001,264.708,0.002204487840097976
22230.0,382.0293606649001,264.873375,0.002162943961170963
22230.0,382.0293606649001,265.03875,0.0021220021407097702
22230.0,382.0293606649001,265.20412500000003,0.0020816648028492467
22230.0,382.0293606649001,265.3695,0.0020419343249397097
22230.0,382.0293606649001,265.534875,0.0020028130380006573
22230.0,382.0293606649001,265.70025000000004,0.001964303228191659
22230.0,382.0293606649001,265.865625,0.0019264071331398943
22230.0,382.0293606649001,266.031,0.001889126944777946
22230.0,382.0293606649001,266.196375,0.0018524648078055233
22230.0,382.0293606649001,266.36175000000003,0.001816422819919509
22230.0,382.0293606649001,266.527125,0.0017810030324762463
22230.0,382.0293606649001,266.6925,0.0017462074505658878
22230.0,382.0293606649001,266.85787500000004,0.0017120380330918853
22230.0,382.0293606649001,267.02325,0.0016784966929535843
22230.0,382.0293606649001,267.188625,0.0016455852975519453
22230.0,382.0293606649001,267.354,0.0016133056678088995
22230.0,382.0293606649001,267.519375,0.0015816595786922283
22230.0,382.0293606649001,267.68475,0.0015506487594216648
22230.0,382.0293606649001,267.850125,0.0015202748935659058
22230.0,382.0293606649001,268.01550000000003,0.001490539619141432
22230.0,382.0293606649001,268.180875,0.0014614445287146074
22230.0,382.0293606649001,268.34625,0.0014329911695070427
22230.0,382.0293606649001,268.51162500000004,0.0014051810435026756
22230.0,382.0293606649001,268.677,0.0013780156075582843
22230.0,382.0293606649001,268.842375,0.0013514962735167704
22230.0,382.0293606649001,269.00775,0.0013256244083223493
22230.0,382.0293606649001,269.173125,0.0013004013341392636
22230.0,382.0293606649001,269.3385,0.0012758283284722844
22230.0,382.0293606649001,269.503875,0.0012519066242905122
22230.0,382.0293606649001,269.66925000000003,0.0012286374101529835
22230.0,382.0293606649001,269.834625,0.00120602183033708
22230.0,382.0293606649001,270.0,0.001184060984969553
49080.0,376.2267079770294,5.4,0.0
49080.0,376.2267079770294,5.565375,0.0
49080.0,376.2267079770294,5.7307500000000005,0.0
49080.0,376.2267079770294,5.8961250000000005,0.0
49080.0,376.2267079770294,6.0615000000000006,0.0
49080.0,376.2267079770294,6.226875000000001,0.0
49080.0,376.2267079770294,6.392250000000001,0.0
49080.0,376.2267079770294,6.557625000000001,0.0
49080.0,376.2267079770294,6.723000000000001,0.0
49080.0,376.2267079770294,6.888375000000001,0.0
49080.0,376.2267079770294,7.053750000000001,0.0
49080.0,376.2267079770294,7.219125000000001,0.0
49080.0,376.2267079770294,7.384500000000001,0.0
49080.0,376.2267079770294,7.549875,0.0
49080.0,376.2267079770294,7.715250000000001,0.0
49080.0,376.2267079770294,7.880625,0.0
49080.0,376.2267079770294,8.046000000000001,0.0
49080.0,376.2267079770294,8.211375,0.0
49080.0,376.2267079770294,8.376750000000001,0.0
49080.0,376.2267079770294,8.542125,0.0
49080.0,376.2267079770294,8.707500000000001,0.0
49080.0,376.2267079770294,8.872875,0.0
49080.0,376.2267079770294,9.038250000000001,0.0
49080.0,376.2267079770294,9.203625,0.0
49080.0,376.2267079770294,9.369,0.0
49080.0,376.2267079770294,9.534375,0.0
49080.0,376.2267079770294,9.699750000000002,0.0
49080.0,376.2267079770294,9.865125,0.0
49080.0,376.2267079770294,10.0305,0.0
49080.0,376.2267079770294,10.195875000000001,0.0
49080.0,376.2267079770294,10.361250000000002,0.0
49080.0,376.2267079770294,10.526625000000001,0.0
49080.0,376.2267079770294,10.692,0.0
49080.0,376.2267079770294,10.857375000000001,0.0
49080.0,376.2267079770294,11.022750000000002,0.0
49080.0,376.2267079770294,11.188125000000001,0.0
49080.0,376.2267079770294,11.3535,0.0
49080.0,376.2267079770294,11.518875000000001,0.0
49080.0,376.2267079770294,11.684250000000002,0.0
49080.0,376.2267079770294,11.849625000000001,0.0
49080.0,376.2267079770294,12.015,0.0
49080.0,376.2267079770294,12.180375000000002,0.0
49080.0,376.2267079770294,12.345750000000002,0.0
49080.0,376.2267079770294,12.511125000000002,0.0
49080.0,376.2267079770294,12.6765,0.0
49080.0,376.2267079770294,12.841875000000002,0.0
49080.0,376.2267079770294,13.007250000000003,0.0
49080.0,376.2267079770294,13.172625000000002,0.0
49080.0,376.2267079770294,13.338000000000001,0.0
49080.0,376.2267079770294,13.503375000000002,0.0
49080.0,376.2267079770294,13.668750000000001,0.0
49080.0,376.2267079770294,13.834125000000002,0.0
49080.0,376.2267079770294,13.999500000000001,0.0
49080.0,376.2267079770294,14.164875000000002,0.0
49080.0,376.2267079770294,14.330250000000001,0.0
49080.0,376.2267079770294,14.495625000000002,0.0
49080.0,376.2267079770294,14.661000000000001,0.0
49080.0,376.2267079770294,14.826375000000002,0.0
49080.0,376.2267079770294,14.991750000000001,0.0
49080.0,376.2267079770294,15.157125000000002,0.0
49080.0,376.2267079770294,15.322500000000002,0.0
49080.0,376.2267079770294,15.487875000000003,0.0
49080.0,376.2267079770294,15.653250000000002,0.0
49080.0,376.2267079770294,15.818625000000003,0.0
49080.0,376.2267079770294,15.984000000000002,0.0
49080.0,376.2267079770294,16.149375,0.0
49080.0,376.2267079770294,16.314750000000004,0.0
49080.0,376.2267079770294,16.480125,0.0
49080.0,376.2267079770294,16.645500000000002,0.0
49080.0,376.2267079770294,16.810875000000003,0.0
49080.0,376.2267079770294,16.97625,0.0
49080.0,376.2267079770294,17.141625,0.0
49080.0,376.2267079770294,17.307000000000002,0.0
49080.0,376.2267079770294,17.472375,0.0
49080.0,376.2267079770294,17.637750000000004,0.0
49080.0,376.2267079770294,17.803125,0.0
49080.0,376.2267079770294,17.968500000000002,0.0
49080.0,376.2267079770294,18.133875000000003,0.0
49080.0,376.2267079770294,18.29925,0.0
49080.0,376.2267079770294,18.464625,0.0
49080.0,376.2267079770294,18.630000000000003,0.0
49080.0,376.2267079770294,18.795375,0.0
49080.0,376.2267079770294,18.960750000000004,0.0
49080.0,376.2267079770294,19.126125000000002,0.0
49080.0,376.2267079770294,19.291500000000003,0.0
49080.0,376.2267079770294,19.456875000000004,0.0
49080.0,376.2267079770294,19.62225,0.0
49080.0,376.2267079770294,19.787625000000002,0.0
49080.0,376.2267079770294,19.953000000000003,0.0
49080.0,376.2267079770294,20.118375,0.0
49080.0,376.2267079770294,20.283750000000005,0.0
49080.0,376.2267079770294,20.449125000000002,0.0
49080.0,376.2267079770294,20.614500000000003,0.0
49080.0,376.2267079770294,20.779875000000004,0.0
49080.0,376.2267079770294,20.94525,0.0
49080.0,376.2267079770294,21.110625000000002,0.0
49080.0,376.2267079770294,21.276000000000003,0.0
49080.0,376.2267079770294,21.441375,0.0
49080.0,376.2267079770294,21.606750000000005,0.0
49080.0,376.2267079770294,21.772125000000003,0.0
49080.0,376.2267079770294,21.9375,0.0
49080.0,376.2267079770294,22.102875000000004,0.0
49080.0,376.2267079770294,22.268250000000002,0.0
49080.0,376.2267079770294,22.433625,0.0
49080.0,376.2267079770294,22.599000000000004,0.0
49080.0,376.2267079770294,22.764375,0.0
49080.0,376.2267079770294,22.929750000000006,0.0
49080.0,376.2267079770294,23.095125000000003,0.0
49080.0,376.2267079770294,23.2605,0.0
49080.0,376.2267079770294,23.425875000000005,0.0
49080.0,376.2267079770294,23.591250000000002,0.0
49080.0,376.2267079770294,23.756625,0.0
49080.0,376.2267079770294,23.922000000000004,0.0
49080.0,376.2267079770294,24.087375,0.0
49080.0,376.2267079770294,24.252750000000006,0.0
49080.0,376.2267079770294,24.418125000000003,0.0
49080.0,376.2267079770294,24.5835,0.0
49080.0,376.2267079770294,24.748875000000005,0.0
49080.0,376.2267079770294,24.914250000000003,0.0
49080.0,376.2267079770294,25.079625,0.0
49080.0,376.2267079770294,25.245000000000005,0.0
49080.0,376.2267079770294,25.410375000000002,0.0
49080.0,376.2267079770294,25.575750000000006,0.0
49080.0,376.2267079770294,25.741125000000004,0.0
49080.0,376.2267079770294,25.9065,0.0
49080.0,376.2267079770294,26.071875000000006,0.0
49080.0,376.2267079770294,26.237250000000003,0.0
49080.0,376.2267079770294,26.402625,0.0
49080.0,376.2267079770294,26.568000000000005,0.0
49080.0,376.2267079770294,26.733375000000002,0.0
49080.0,376.2267079770294,26.89875,0.0
49080.0,376.2267079770294,27.064125000000004,0.0
49080.0,376.2267079770294,27.2295,0.0
49080.0,376.2267079770294,27.394875000000006,0.0
49080.0,376.2267079770294,27.560250000000003,0.0
49080.0,376.2267079770294,27.725625,0.0
49080.0,376.2267079770294,27.891000000000005,0.0
49080.0,376.2267079770294,28.056375000000003,0.0
49080.0,376.2267079770294,28.22175,0.0
49080.0,376.2267079770294,28.387125000000005,0.0
49080.0,376.2267079770294,28.552500000000002,0.0
49080.0,376.2267079770294,28.717875000000006,0.0
49080.0,376.2267079770294,28.883250000000004,0.0
49080.0,376.2267079770294,29.048625,0.0
49080.0,376.2267079770294,29.214000000000006,0.0
49080.0,376.2267079770294,29.379375000000003,0.0
49080.0,376.2267079770294,29.54475,0.0
49080.0,376.2267079770294,29.710125000000005,0.0
49080.0,376.2267079770294,29.875500000000002,0.0
49080.0,376.2267079770294,30.040875000000007,0.0
49080.0,376.2267079770294,30.206250000000004,0.0
49080.0,376.2267079770294,30.371625,0.0
49080.0,376.2267079770294,30.537000000000006,0.0
49080.0,376.2267079770294,30.702375000000004,0.0
49080.0,376.2267079770294,30.86775,0.0
49080.0,376.2267079770294,31.033125000000005,0.0
49080.0,376.2267079770294,31.198500000000003,0.0
49080.0,376.2267079770294,31.363875000000007,0.0
49080.0,376.2267079770294,31.529250000000005,0.0
49080.0,376.2267079770294,31.694625000000002,0.0
49080.0,376.2267079770294,31.860000000000007,0.0
49080.0,376.2267079770294,32.025375000000004,0.0
49080.0,376.2267079770294,32.19075,0.0
49080.0,376.2267079770294,32.356125000000006,0.0
49080.0,376.2267079770294,32.5215,0.0
49080.0,376.2267079770294,32.686875,0.0
49080.0,376.2267079770294,32.852250000000005,0.0
49080.0,376.2267079770294,33.017625,0.0
49080.0,376.2267079770294,33.18300000000001,0.0
49080.0,376.2267079770294,33.348375000000004,0.0
49080.0,376.2267079770294,33.51375,0.0
49080.0,376.2267079770294,33.679125000000006,0.0
49080.0,376.2267079770294,33.844500000000004,0.0
49080.0,376.2267079770294,34.009875,0.0
49080.0,376.2267079770294,34.175250000000005,0.0
49080.0,376.2267079770294,34.340625,0.0
49080.0,376.2267079770294,34.50600000000001,0.0
49080.0,376.2267079770294,34.671375000000005,0.0
49080.0,376.2267079770294,34.83675,0.0
49080.0,376.2267079770294,35.00212500000001,0.0
49080.0,376.2267079770294,35.167500000000004,0.0
49080.0,376.2267079770294,35.332875,0.0
49080.0,376.2267079770294,35.498250000000006,0.0
49080.0,376.2267079770294,35.663625,0.0
49080.0,376.2267079770294,35.82900000000001,0.0
49080.0,376.2267079770294,35.994375000000005,0.0
49080.0,376.2267079770294,36.15975,0.0
49080.0,376.2267079770294,36.32512500000001,0.0
49080.0,376.2267079770294,36.490500000000004,0.0
49080.0,376.2267079770294,36.655875,0.0
49080.0,376.2267079770294,36.821250000000006,0.0
49080.0,376.2267079770294,36.986625000000004,0.0
49080.0,376.2267079770294,37.152,0.0
49080.0,376.2267079770294,37.317375000000006,0.0
49080.0,376.2267079770294,37.48275,0.0
49080.0,376.2267079770294,37.648125,0.0
49080.0,376.2267079770294,37.813500000000005,0.0
49080.0,376.2267079770294,37.978875,0.0
49080.0,376.2267079770294,38.14425,0.0
49080.0,376.2267079770294,38.309625000000004,0.0
49080.0,376.2267079770294,38.475,0.0
49080.0,376.2267079770294,38.640375000000006,0.0
49080.0,376.2267079770294,38.80575,0.0
49080.0,376.2267079770294,38.971125,0.0
49080.0,376.2267079770294,39.136500000000005,0.0
49080.0,376.2267079770294,39.301875,0.0
49080.0,376.2267079770294,39.46725,0.0
49080.0,376.2267079770294,39.632625000000004,0.0
49080.0,376.2267079770294,39.798,0.0
49080.0,376.2267079770294,39.963375000000006,0.0
49080.0,376.2267079770294,40.128750000000004,0.0
49080.0,376.2267079770294,40.294125,0.0
49080.0,376.2267079770294,40.459500000000006,0.0
49080.0,376.2267079770294,40.624875,0.0
49080.0,376.2267079770294,40.79025,0.0
49080.0,376.2267079770294,40.955625000000005,0.0
49080.0,376.2267079770294,41.121,0.0
49080.0,376.2267079770294,41.28637500000001,0.0
49080.0,376.2267079770294,41.451750000000004,0.0
49080.0,376.2267079770294,41.617125,0.0
49080.0,376.2267079770294,41.782500000000006,0.0
49080.0,376.2267079770294,41.947875,0.0
49080.0,376.2267079770294,42.11325,0.0
49080.0,376.2267079770294,42.278625000000005,0.0
49080.0,376.2267079770294,42.444,0.0
49080.0,376.2267079770294,42.609375,0.0
49080.0,376.2267079770294,42.774750000000004,0.0
49080.0,376.2267079770294,42.940125,0.0
49080.0,376.2267079770294,43.105500000000006,0.0
49080.0,376.2267079770294,43.270875000000004,0.0
49080.0,376.2267079770294,43.43625,0.0
49080.0,376.2267079770294,43.601625000000006,0.0
49080.0,376.2267079770294,43.767,0.0
49080.0,376.2267079770294,43.932375,0.0
49080.0,376.2267079770294,44.097750000000005,0.0
49080.0,376.2267079770294,44.263125,0.0
49080.0,376.2267079770294,44.42850000000001,0.0
49080.0,376.2267079770294,44.593875000000004,0.0
49080.0,376.2267079770294,44.75925,0.0
49080.0,376.2267079770294,44.924625000000006,0.0
49080.0,376.2267079770294,45.09,0.0
49080.0,376.2267079770294,45.255375,0.0
49080.0,376.2267079770294,45.420750000000005,0.0
49080.0,376.2267079770294,45.586125,0.0
49080.0,376.2267079770294,45.75150000000001,0.0
49080.0,376.2267079770294,45.916875000000005,0.0
49080.0,376.2267079770294,46.08225,0.0
49080.0,376.2267079770294,46.247625000000006,0.0
49080.0,376.2267079770294,46.413000000000004,0.0
49080.0,376.2267079770294,46.578375,0.0
49080.0,376.2267079770294,46.743750000000006,0.0
49080.0,376.2267079770294,46.909125,0.0
49080.0,376.2267079770294,47.07450000000001,0.0
49080.0,376.2267079770294,47.239875000000005,0.0
49080.0,376.2267079770294,47.40525,0.0
49080.0,376.2267079770294,47.57062500000001,0.0
49080.0,376.2267079770294,47.736000000000004,0.0
49080.0,376.2267079770294,47.901375,0.0
49080.0,376.2267079770294,48.066750000000006,0.0
49080.0,376.2267079770294,48.232125,0.0
49080.0,376.2267079770294,48.3975,0.0
49080.0,376.2267079770294,48.562875000000005,0.0
49080.0,376.2267079770294,48.72825,0.0
49080.0,376.2267079770294,48.89362500000001,0.0
49080.0,376.2267079770294,49.059000000000005,0.0
49080.0,376.2267079770294,49.224375,0.0
49080.0,376.2267079770294,49.38975000000001,0.0
49080.0,376.2267079770294,49.555125000000004,0.0
49080.0,376.2267079770294,49.7205,0.0
49080.0,376.2267079770294,49.885875000000006,0.0
49080.0,376.2267079770294,50.05125,0.0
49080.0,376.2267079770294,50.21662500000001,0.0
49080.0,376.2267079770294,50.382000000000005,0.0
49080.0,376.2267079770294,50.547375,0.0
49080.0,376.2267079770294,50.71275000000001,0.0
49080.0,376.2267079770294,50.878125000000004,0.0
49080.0,376.2267079770294,51.0435,0.0
49080.0,376.2267079770294,51.208875000000006,0.0
49080.0,376.2267079770294,51.37425,0.0
49080.0,376.2267079770294,51.53962500000001,0.0
49080.0,376.2267079770294,51.705000000000005,0.0
49080.0,376.2267079770294,51.870375,0.0
49080.0,376.2267079770294,52.03575000000001,0.0
49080.0,376.2267079770294,52.201125000000005,0.0
49080.0,376.2267079770294,52.3665,0.0
49080.0,376.2267079770294,52.53187500000001,0.0
49080.0,376.2267079770294,52.697250000000004,0.0
49080.0,376.2267079770294,52.86262500000001,0.0
49080.0,376.2267079770294,53.028000000000006,0.0
49080.0,376.2267079770294,53.193375,0.0
49080.0,376.2267079770294,53.35875000000001,0.0
49080.0,376.2267079770294,53.524125000000005,0.0
49080.0,376.2267079770294,53.6895,0.0
49080.0,376.2267079770294,53.85487500000001,0.0
49080.0,376.2267079770294,54.020250000000004,0.0
49080.0,376.2267079770294,54.185625,0.0
49080.0,376.2267079770294,54.351000000000006,0.0
49080.0,376.2267079770294,54.516375000000004,0.0
49080.0,376.2267079770294,54.68175000000001,0.0
49080.0,376.2267079770294,54.847125000000005,0.0
49080.0,376.2267079770294,55.0125,0.0
49080.0,376.2267079770294,55.17787500000001,0.0
49080.0,376.2267079770294,55.343250000000005,0.0
49080.0,376.2267079770294,55.508625,0.0
49080.0,376.2267079770294,55.67400000000001,0.0
49080.0,376.2267079770294,55.839375000000004,0.0
49080.0,376.2267079770294,56.00475000000001,0.0
49080.0,376.2267079770294,56.170125000000006,0.0
49080.0,376.2267079770294,56.3355,0.0
49080.0,376.2267079770294,56.50087500000001,0.0
49080.0,376.2267079770294,56.666250000000005,0.0
49080.0,376.2267079770294,56.831625,0.0
49080.0,376.2267079770294,56.99700000000001,0.0
49080.0,376.2267079770294,57.162375000000004,0.0
49080.0,376.2267079770294,57.32775000000001,0.0
49080.0,376.2267079770294,57.493125000000006,0.0
49080.0,376.2267079770294,57.658500000000004,0.0
49080.0,376.2267079770294,57.82387500000001,0.0
49080.0,376.2267079770294,57.989250000000006,0.0
49080.0,376.2267079770294,58.154625,0.0
49080.0,376.2267079770294,58.32000000000001,0.0
49080.0,376.2267079770294,58.485375000000005,0.0
49080.0,376.2267079770294,58.65075,0.0
49080.0,376.2267079770294,58.81612500000001,0.0
49080.0,376.2267079770294,58.981500000000004,0.0
49080.0,376.2267079770294,59.14687500000001,0.0
49080.0,376.2267079770294,59.312250000000006,0.0
49080.0,376.2267079770294,59.477625,0.0
49080.0,376.2267079770294,59.64300000000001,0.0
49080.0,376.2267079770294,59.808375000000005,0.0
49080.0,376.2267079770294,59.97375,0.0
49080.0,376.2267079770294,60.13912500000001,0.0
49080.0,376.2267079770294,60.304500000000004,0.0
49080.0,376.2267079770294,60.46987500000001,0.0
49080.0,376.2267079770294,60.635250000000006,0.0
49080.0,376.2267079770294,60.800625000000004,0.0
49080.0,376.2267079770294,60.96600000000001,0.0
49080.0,376.2267079770294,61.131375000000006,0.0
49080.0,376.2267079770294,61.29675,0.0
49080.0,376.2267079770294,61.46212500000001,0.0
49080.0,376.2267079770294,61.627500000000005,0.0
49080.0,376.2267079770294,61.79287500000001,0.0
49080.0,376.2267079770294,61.95825000000001,0.0
49080.0,376.2267079770294,62.123625000000004,0.0
49080.0,376.2267079770294,62.28900000000001,0.0
49080.0,376.2267079770294,62.454375000000006,0.0
49080.0,376.2267079770294,62.61975,0.0
49080.0,376.2267079770294,62.78512500000001,0.0
49080.0,376.2267079770294,62.950500000000005,0.0
49080.0,376.2267079770294,63.11587500000001,0.0
49080.0,376.2267079770294,63.28125000000001,0.0
49080.0,376.2267079770294,63.446625000000004,0.0
49080.0,376.2267079770294,63.61200000000001,0.0
49080.0,376.2267079770294,63.777375000000006,0.0
49080.0,376.2267079770294,63.942750000000004,0.0
49080.0,376.2267079770294,64.10812500000002,0.0
49080.0,376.2267079770294,64.27350000000001,0.0
49080.0,376.2267079770294,64.43887500000001,0.0
49080.0,376.2267079770294,64.60425000000001,0.0
49080.0,376.2267079770294,64.769625,0.0
49080.0,376.2267079770294,64.93500000000002,0.0
49080.0,376.2267079770294,65.10037500000001,0.0
49080.0,376.2267079770294,65.26575000000001,0.0
49080.0,376.2267079770294,65.43112500000001,0.0
49080.0,376.2267079770294,65.5965,0.0
49080.0,376.2267079770294,65.761875,0.0
49080.0,376.2267079770294,65.92725000000002,0.0
49080.0,376.2267079770294,66.09262500000001,0.0
49080.0,376.2267079770294,66.25800000000001,0.0
49080.0,376.2267079770294,66.42337500000001,0.0
49080.0,376.2267079770294,66.58875,0.0
49080.0,376.2267079770294,66.75412500000002,0.0
49080.0,376.2267079770294,66.91950000000001,0.0
49080.0,376.2267079770294,67.08487500000001,0.0
49080.0,376.2267079770294,67.25025000000001,0.0
49080.0,376.2267079770294,67.415625,0.0
49080.0,376.2267079770294,67.58100000000002,0.0
49080.0,376.2267079770294,67.74637500000001,0.0
49080.0,376.2267079770294,67.91175000000001,0.0
49080.0,376.2267079770294,68.07712500000001,0.0
49080.0,376.2267079770294,68.2425,0.0
49080.0,376.2267079770294,68.407875,0.0
49080.0,376.2267079770294,68.57325000000002,0.0
49080.0,376.2267079770294,68.73862500000001,0.0
49080.0,376.2267079770294,68.90400000000001,0.0
49080.0,376.2267079770294,69.06937500000001,0.0
49080.0,376.2267079770294,69.23475,0.0
49080.0,376.2267079770294,69.40012500000002,0.0
49080.0,376.2267079770294,69.56550000000001,0.0
49080.0,376.2267079770294,69.73087500000001,0.0
49080.0,376.2267079770294,69.89625000000001,0.0
49080.0,376.2267079770294,70.06162500000002,0.0
49080.0,376.2267079770294,70.22700000000002,0.0
49080.0,376.2267079770294,70.39237500000002,0.0
49080.0,376.2267079770294,70.55775000000001,0.0
49080.0,376.2267079770294,70.72312500000001,0.0
49080.0,376.2267079770294,70.88850000000001,0.0
49080.0,376.2267079770294,71.05387500000002,0.0
49080.0,376.2267079770294,71.21925000000002,0.0
49080.0,376.2267079770294,71.38462500000001,0.0
49080.0,376.2267079770294,71.55000000000001,0.0
49080.0,376.2267079770294,71.71537500000001,0.0
49080.0,376.2267079770294,71.88075000000002,0.0
49080.0,376.2267079770294,72.04612500000002,0.0
49080.0,376.2267079770294,72.21150000000002,0.0
49080.0,376.2267079770294,72.37687500000001,0.0
49080.0,376.2267079770294,72.54225000000001,0.0
49080.0,376.2267079770294,72.70762500000002,0.0
49080.0,376.2267079770294,72.87300000000002,0.0
49080.0,376.2267079770294,73.03837500000002,0.0
49080.0,376.2267079770294,73.20375000000001,0.0
49080.0,376.2267079770294,73.36912500000001,0.0
49080.0,376.2267079770294,73.53450000000001,0.0
49080.0,376.2267079770294,73.69987500000002,0.0
49080.0,376.2267079770294,73.86525000000002,0.0
49080.0,376.2267079770294,74.03062500000001,0.0
49080.0,376.2267079770294,74.19600000000001,0.0
49080.0,376.2267079770294,74.36137500000001,0.0
49080.0,376.2267079770294,74.52675000000002,0.0
49080.0,376.2267079770294,74.69212500000002,0.0
49080.0,376.2267079770294,74.85750000000002,0.0
49080.0,376.2267079770294,75.02287500000001,0.0
49080.0,376.2267079770294,75.18825000000001,0.0
49080.0,376.2267079770294,75.35362500000001,0.0
49080.0,376.2267079770294,75.51900000000002,0.0
49080.0,376.2267079770294,75.68437500000002,0.0
49080.0,376.2267079770294,75.84975000000001,0.0
49080.0,376.2267079770294,76.01512500000001,0.0
49080.0,376.2267079770294,76.18050000000001,0.0
49080.0,376.2267079770294,76.34587500000002,0.0
49080.0,376.2267079770294,76.51125000000002,0.0
49080.0,376.2267079770294,76.67662500000002,0.0
49080.0,376.2267079770294,76.84200000000001,0.0
49080.0,376.2267079770294,77.00737500000001,0.0
49080.0,376.2267079770294,77.17275000000002,0.0
49080.0,376.2267079770294,77.33812500000002,0.0
49080.0,376.2267079770294,77.50350000000002,0.0
49080.0,376.2267079770294,77.66887500000001,0.0
49080.0,376.2267079770294,77.83425000000001,0.0
49080.0,376.2267079770294,77.99962500000001,0.0
49080.0,376.2267079770294,78.16500000000002,0.0
49080.0,376.2267079770294,78.33037500000002,0.0
49080.0,376.2267079770294,78.49575000000002,0.0
49080.0,376.2267079770294,78.66112500000001,0.0
49080.0,376.2267079770294,78.82650000000001,0.0
49080.0,376.2267079770294,78.99187500000002,0.0
49080.0,376.2267079770294,79.15725000000002,0.0
49080.0,376.2267079770294,79.32262500000002,0.0
49080.0,376.2267079770294,79.48800000000001,0.0
49080.0,376.2267079770294,79.65337500000001,0.0
49080.0,376.2267079770294,79.81875000000001,0.0
49080.0,376.2267079770294,79.98412500000002,0.0
49080.0,376.2267079770294,80.14950000000002,0.0
49080.0,376.2267079770294,80.31487500000001,0.0
49080.0,376.2267079770294,80.48025000000001,0.0
49080.0,376.2267079770294,80.64562500000001,0.0
49080.0,376.2267079770294,80.81100000000002,0.0
49080.0,376.2267079770294,80.97637500000002,0.0
49080.0,376.2267079770294,81.14175000000002,0.0
49080.0,376.2267079770294,81.30712500000001,0.0
49080.0,376.2267079770294,81.47250000000001,0.0
49080.0,376.2267079770294,81.63787500000002,0.0
49080.0,376.2267079770294,81.80325000000002,0.0
49080.0,376.2267079770294,81.96862500000002,0.0
49080.0,376.2267079770294,82.13400000000001,0.0
49080.0,376.2267079770294,82.29937500000001,0.0
49080.0,376.2267079770294,82.46475000000001,0.0
49080.0,376.2267079770294,82.63012500000002,0.0
49080.0,376.2267079770294,82.79550000000002,0.0
49080.0,376.2267079770294,82.96087500000002,0.0
49080.0,376.2267079770294,83.12625000000001,0.0
49080.0,376.2267079770294,83.29162500000001,0.0
49080.0,376.2267079770294,83.45700000000002,0.0
49080.0,376.2267079770294,83.62237500000002,0.0
49080.0,376.2267079770294,83.78775000000002,0.0
49080.0,376.2267079770294,83.95312500000001,0.0
49080.0,376.2267079770294,84.11850000000001,0.0
49080.0,376.2267079770294,84.28387500000002,0.0
49080.0,376.2267079770294,84.44925000000002,0.0
49080.0,376.2267079770294,84.61462500000002,0.0
49080.0,376.2267079770294,84.78000000000002,0.0
49080.0,376.2267079770294,84.94537500000001,0.0
49080.0,376.2267079770294,85.11075000000001,0.0
49080.0,376.2267079770294,85.27612500000002,0.0
49080.0,376.2267079770294,85.44150000000002,0.0
49080.0,376.2267079770294,85.60687500000002,0.0
49080.0,376.2267079770294,85.77225000000001,0.0
49080.0,376.2267079770294,85.93762500000001,0.0
49080.0,376.2267079770294,86.10300000000002,0.0
49080.0,376.2267079770294,86.26837500000002,0.0
49080.0,376.2267079770294,86.43375000000002,0.0
49080.0,376.2267079770294,86.59912500000002,0.0
49080.0,376.2267079770294,86.76450000000001,0.0
49080.0,376.2267079770294,86.92987500000001,0.0
49080.0,376.2267079770294,87.09525000000002,0.0
49080.0,376.2267079770294,87.26062500000002,0.0
49080.0,376.2267079770294,87.42600000000002,0.0
49080.0,376.2267079770294,87.59137500000001,0.0
49080.0,376.2267079770294,87.75675000000001,0.0
49080.0,376.2267079770294,87.92212500000002,0.0
49080.0,376.2267079770294,88.08750000000002,0.0
49080.0,376.2267079770294,88.25287500000002,0.0
49080.0,376.2267079770294,88.41825000000001,0.0
49080.0,376.2267079770294,88.58362500000001,0.0
49080.0,376.2267079770294,88.74900000000002,0.0
49080.0,376.2267079770294,88.91437500000002,0.0
49080.0,376.2267079770294,89.07975000000002,0.0
49080.0,376.2267079770294,89.24512500000002,0.0
49080.0,376.2267079770294,89.41050000000001,0.0
49080.0,376.2267079770294,89.57587500000001,0.0
49080.0,376.2267079770294,89.74125000000002,0.0
49080.0,376.2267079770294,89.90662500000002,0.0
49080.0,376.2267079770294,90.07200000000002,0.0
49080.0,376.2267079770294,90.23737500000001,0.0
49080.0,376.2267079770294,90.40275000000001,0.0
49080.0,376.2267079770294,90.56812500000002,0.0
49080.0,376.2267079770294,90.73350000000002,0.0
49080.0,376.2267079770294,90.89887500000002,0.0
49080.0,376.2267079770294,91.06425000000002,0.0
49080.0,376.2267079770294,91.22962500000001,0.0
49080.0,376.2267079770294,91.39500000000001,0.0
49080.0,376.2267079770294,91.56037500000002,0.0
49080.0,376.2267079770294,91.72575000000002,0.0
49080.0,376.2267079770294,91.89112500000002,0.0
49080.0,376.2267079770294,92.05650000000001,0.0
49080.0,376.2267079770294,92.22187500000001,0.0
49080.0,376.2267079770294,92.38725000000002,0.0
49080.0,376.2267079770294,92.55262500000002,0.0
49080.0,376.2267079770294,92.71800000000002,0.0
49080.0,376.2267079770294,92.88337500000002,0.0
49080.0,376.2267079770294,93.04875000000001,0.0
49080.0,376.2267079770294,93.21412500000002,0.0
49080.0,376.2267079770294,93.37950000000002,0.0
49080.0,376.2267079770294,93.54487500000002,0.0
49080.0,376.2267079770294,93.71025000000002,0.0
49080.0,376.2267079770294,93.87562500000001,0.0
49080.0,376.2267079770294,94.04100000000001,0.0
49080.0,376.2267079770294,94.20637500000002,0.0
49080.0,376.2267079770294,94.37175000000002,0.0
49080.0,376.2267079770294,94.53712500000002,0.0
49080.0,376.2267079770294,94.70250000000001,0.0
49080.0,376.2267079770294,94.86787500000001,0.0
49080.0,376.2267079770294,95.03325000000002,0.0
49080.0,376.2267079770294,95.19862500000002,0.0
49080.0,376.2267079770294,95.36400000000002,0.0
49080.0,376.2267079770294,95.52937500000002,0.0
49080.0,376.2267079770294,95.69475000000001,0.0
49080.0,376.2267079770294,95.86012500000001,0.0
49080.0,376.2267079770294,96.02550000000002,0.0
49080.0,376.2267079770294,96.19087500000002,0.0
49080.0,376.2267079770294,96.35625000000002,0.0
49080.0,376.2267079770294,96.52162500000001,0.0
49080.0,376.2267079770294,96.68700000000001,0.0
49080.0,376.2267079770294,96.85237500000002,0.0
49080.0,376.2267079770294,97.01775000000002,0.0
49080.0,376.2267079770294,97.18312500000002,0.0
49080.0,376.2267079770294,97.34850000000002,0.0
49080.0,376.2267079770294,97.51387500000001,0.0
49080.0,376.2267079770294,97.67925000000002,0.0
49080.0,376.2267079770294,97.84462500000002,0.0
49080.0,376.2267079770294,98.01000000000002,0.0
49080.0,376.2267079770294,98.17537500000002,0.0
49080.0,376.2267079770294,98.34075000000001,0.0
49080.0,376.2267079770294,98.50612500000001,0.0
49080.0,376.2267079770294,98.67150000000002,0.0
49080.0,376.2267079770294,98.83687500000002,0.0
49080.0,376.2267079770294,99.00225000000002,0.0
49080.0,376.2267079770294,99.16762500000002,0.0
49080.0,376.2267079770294,99.33300000000001,0.0
49080.0,376.2267079770294,99.49837500000002,0.0
49080.0,376.2267079770294,99.66375000000002,0.0
49080.0,376.2267079770294,99.82912500000002,0.0
49080.0,376.2267079770294,99.99450000000002,0.0
49080.0,376.2267079770294,100.15987500000001,0.0
49080.0,376.2267079770294,100.32525000000003,0.0
49080.0,376.2267079770294,100.49062500000002,0.0
49080.0,376.2267079770294,100.65600000000002,0.0
49080.0,376.2267079770294,100.82137500000002,0.0
49080.0,376.2267079770294,100.98675000000001,0.0
49080.0,376.2267079770294,101.15212500000001,0.0
49080.0,376.2267079770294,101.31750000000002,0.0
49080.0,376.2267079770294,101.48287500000002,0.0
49080.0,376.2267079770294,101.64825000000002,0.0
49080.0,376.2267079770294,101.81362500000002,0.0
49080.0,376.2267079770294,101.97900000000001,0.0
49080.0,376.2267079770294,102.14437500000003,0.0
49080.0,376.2267079770294,102.30975000000002,0.0
49080.0,376.2267079770294,102.47512500000002,0.0
49080.0,376.2267079770294,102.64050000000002,0.0
49080.0,376.2267079770294,102.80587500000001,0.0
49080.0,376.2267079770294,102.97125000000001,0.0
49080.0,376.2267079770294,103.13662500000002,0.0
49080.0,376.2267079770294,103.30200000000002,0.0
49080.0,376.2267079770294,103.46737500000002,0.0
49080.0,376.2267079770294,103.63275000000002,0.0
49080.0,376.2267079770294,103.79812500000001,0.0
49080.0,376.2267079770294,103.96350000000002,0.0
49080.0,376.2267079770294,104.12887500000002,0.0
49080.0,376.2267079770294,104.29425000000002,0.0
49080.0,376.2267079770294,104.45962500000002,0.0
49080.0,376.2267079770294,104.62500000000001,0.0
49080.0,376.2267079770294,104.79037500000003,0.0
49080.0,376.2267079770294,104.95575000000002,0.0
49080.0,376.2267079770294,105.12112500000002,0.0
49080.0,376.2267079770294,105.28650000000002,0.0
49080.0,376.2267079770294,105.45187500000002,0.0
49080.0,376.2267079770294,105.61725000000001,0.0
49080.0,376.2267079770294,105.78262500000002,0.0
49080.0,376.2267079770294,105.94800000000002,0.0
49080.0,376.2267079770294,106.11337500000002,0.0
49080.0,376.2267079770294,106.27875000000002,0.0
49080.0,376.2267079770294,106.44412500000001,0.0
49080.0,376.2267079770294,106.60950000000003,0.0
49080.0,376.2267079770294,106.77487500000002,0.0
49080.0,376.2267079770294,106.94025000000002,0.0
49080.0,376.2267079770294,107.10562500000002,0.0
49080.0,376.2267079770294,107.27100000000002,0.0
49080.0,376.2267079770294,107.43637500000001,0.0
49080.0,376.2267079770294,107.60175000000002,0.0
49080.0,376.2267079770294,107.76712500000002,0.0
49080.0,376.2267079770294,107.93250000000002,0.0
49080.0,376.2267079770294,108.09787500000002,0.0
49080.0,376.2267079770294,108.26325000000001,0.0
49080.0,376.2267079770294,108.42862500000003,0.0
49080.0,376.2267079770294,108.59400000000002,0.0
49080.0,376.2267079770294,108.75937500000002,0.0
49080.0,376.2267079770294,108.92475000000002,0.0
49080.0,376.2267079770294,109.09012500000001,0.0
49080.0,376.2267079770294,109.25550000000003,0.0
49080.0,376.2267079770294,109.42087500000002,0.0
49080.0,376.2267079770294,109.58625000000002,0.0
49080.0,376.2267079770294,109.75162500000002,0.0
49080.0,376.2267079770294,109.91700000000002,0.0
49080.0,376.2267079770294,110.08237500000001,0.0
49080.0,376.2267079770294,110.24775000000002,0.0
49080.0,376.2267079770294,110.41312500000002,0.0
49080.0,376.2267079770294,110.57850000000002,0.0
49080.0,376.2267079770294,110.74387500000002,0.0
49080.0,376.2267079770294,110.90925000000001,0.0
49080.0,376.2267079770294,111.07462500000003,0.0
49080.0,376.2267079770294,111.24000000000002,0.0
49080.0,376.2267079770294,111.40537500000002,0.0
49080.0,376.2267079770294,111.57075000000002,0.0
49080.0,376.2267079770294,111.73612500000002,0.0
49080.0,376.2267079770294,111.90150000000001,0.0
49080.0,376.2267079770294,112.06687500000002,0.0
49080.0,376.2267079770294,112.23225000000002,0.0
49080.0,376.2267079770294,112.39762500000002,0.0
49080.0,376.2267079770294,112.56300000000002,0.0
49080.0,376.2267079770294,112.72837500000001,0.0
49080.0,376.2267079770294,112.89375000000003,0.0
49080.0,376.2267079770294,113.05912500000002,0.0
49080.0,376.2267079770294,113.22450000000002,0.0
49080.0,376.2267079770294,113.38987500000002,0.0
49080.0,376.2267079770294,113.55525000000002,0.0
49080.0,376.2267079770294,113.72062500000003,0.0
49080.0,376.2267079770294,113.88600000000002,0.0
49080.0,376.2267079770294,114.05137500000002,0.0
49080.0,376.2267079770294,114.21675000000002,0.0
49080.0,376.2267079770294,114.38212500000002,0.0
49080.0,376.2267079770294,114.54750000000001,0.0
49080.0,376.2267079770294,114.71287500000003,0.0
49080.0,376.2267079770294,114.87825000000002,0.0
49080.0,376.2267079770294,115.04362500000002,0.0
49080.0,376.2267079770294,115.20900000000002,0.0
49080.0,376.2267079770294,115.37437500000001,0.0
49080.0,376.2267079770294,115.53975000000003,0.0
49080.0,376.2267079770294,115.70512500000002,0.0
49080.0,376.2267079770294,115.87050000000002,0.0
49080.0,376.2267079770294,116.03587500000002,0.0
49080.0,376.2267079770294,116.20125000000002,0.0
49080.0,376.2267079770294,116.36662500000003,0.0
49080.0,376.2267079770294,116.53200000000002,0.0
49080.0,376.2267079770294,116.69737500000002,0.0
49080.0,376.2267079770294,116.86275000000002,0.0
49080.0,376.2267079770294,117.02812500000002,0.0
49080.0,376.2267079770294,117.19350000000001,0.0
49080.0,376.2267079770294,117.35887500000003,0.0
49080.0,376.2267079770294,117.52425000000002,0.0
49080.0,376.2267079770294,117.68962500000002,0.0
49080.0,376.2267079770294,117.85500000000002,0.0
49080.0,376.2267079770294,118.02037500000002,0.0
49080.0,376.2267079770294,118.18575000000003,0.0
49080.0,376.2267079770294,118.35112500000002,0.0
49080.0,376.2267079770294,118.51650000000002,0.0
49080.0,376.2267079770294,118.68187500000002,0.0
49080.0,376.2267079770294,118.84725000000002,0.0
49080.0,376.2267079770294,119.01262500000001,0.0
49080.0,376.2267079770294,119.17800000000003,0.0
49080.0,376.2267079770294,119.34337500000002,0.0
49080.0,376.2267079770294,119.50875000000002,0.0
49080.0,376.2267079770294,119.67412500000002,0.0
49080.0,376.2267079770294,119.83950000000002,0.0
49080.0,376.2267079770294,120.00487500000003,0.0
49080.0,376.2267079770294,120.17025000000002,0.0
49080.0,376.2267079770294,120.33562500000002,0.0
49080.0,376.2267079770294,120.50100000000002,0.0
49080.0,376.2267079770294,120.66637500000002,0.0
49080.0,376.2267079770294,120.83175000000003,0.0
49080.0,376.2267079770294,120.99712500000003,0.0
49080.0,376.2267079770294,121.16250000000002,0.0
49080.0,376.2267079770294,121.32787500000002,0.0
49080.0,376.2267079770294,121.49325000000002,0.0
49080.0,376.2267079770294,121.65862500000001,0.0
49080.0,376.2267079770294,121.82400000000003,0.0
49080.0,376.2267079770294,121.98937500000002,0.0
49080.0,376.2267079770294,122.15475000000002,0.0
49080.0,376.2267079770294,122.32012500000002,0.0
49080.0,376.2267079770294,122.48550000000002,0.0
49080.0,376.2267079770294,122.65087500000003,0.0
49080.0,376.2267079770294,122.81625000000003,0.0
49080.0,376.2267079770294,122.98162500000002,0.0
49080.0,376.2267079770294,123.14700000000002,0.0
49080.0,376.2267079770294,123.31237500000002,0.0
49080.0,376.2267079770294,123.47775000000001,0.0
49080.0,376.2267079770294,123.64312500000003,0.0
49080.0,376.2267079770294,123.80850000000002,0.0
49080.0,376.2267079770294,123.97387500000002,0.0
49080.0,376.2267079770294,124.13925000000002,0.0
49080.0,376.2267079770294,124.30462500000002,0.0
49080.0,376.2267079770294,124.47000000000003,0.0
49080.0,376.2267079770294,124.63537500000002,0.0
49080.0,376.2267079770294,124.80075000000002,0.0
49080.0,376.2267079770294,124.96612500000002,0.0
49080.0,376.2267079770294,125.13150000000002,0.0
49080.0,376.2267079770294,125.29687500000003,0.0
49080.0,376.2267079770294,125.46225000000003,0.0
49080.0,376.2267079770294,125.62762500000002,0.0
49080.0,376.2267079770294,125.79300000000002,0.0
49080.0,376.2267079770294,125.95837500000002,0.0
49080.0,376.2267079770294,126.12375000000002,0.0
49080.0,376.2267079770294,126.28912500000003,0.0
49080.0,376.2267079770294,126.45450000000002,0.0
49080.0,376.2267079770294,126.61987500000002,0.0
49080.0,376.2267079770294,126.78525000000002,0.0
49080.0,376.2267079770294,126.95062500000002,0.0
49080.0,376.2267079770294,127.11600000000003,0.0
49080.0,376.2267079770294,127.28137500000003,0.0
49080.0,376.2267079770294,127.44675000000002,0.0
49080.0,376.2267079770294,127.61212500000002,0.0
49080.0,376.2267079770294,127.77750000000002,0.0
49080.0,376.2267079770294,127.94287500000002,0.0
49080.0,376.2267079770294,128.10825000000003,0.0
49080.0,376.2267079770294,128.273625,0.0
49080.0,376.2267079770294,128.43900000000002,0.0
49080.0,376.2267079770294,128.604375,0.0
49080.0,376.2267079770294,128.76975000000002,0.0
49080.0,376.2267079770294,128.93512500000003,0.0
49080.0,376.2267079770294,129.1005,0.0
49080.0,376.2267079770294,129.26587500000002,0.0
49080.0,376.2267079770294,129.43125,0.0
49080.0,376.2267079770294,129.59662500000002,0.0
49080.0,376.2267079770294,129.76200000000003,0.0
49080.0,376.2267079770294,129.927375,0.0
49080.0,376.2267079770294,130.09275000000002,0.0
49080.0,376.2267079770294,130.258125,0.0
49080.0,376.2267079770294,130.42350000000002,0.0
49080.0,376.2267079770294,130.588875,0.0
49080.0,376.2267079770294,130.75425,0.0
49080.0,376.2267079770294,130.91962500000002,0.0
49080.0,376.2267079770294,131.085,0.0
49080.0,376.2267079770294,131.25037500000002,0.0
49080.0,376.2267079770294,131.41575,0.0
49080.0,376.2267079770294,131.58112500000001,0.0
49080.0,376.2267079770294,131.74650000000003,0.0
49080.0,376.2267079770294,131.911875,0.0
49080.0,376.2267079770294,132.07725000000002,0.0
49080.0,376.2267079770294,132.242625,0.0
49080.0,376.2267079770294,132.40800000000002,0.0
49080.0,376.2267079770294,132.57337500000003,0.0
49080.0,376.2267079770294,132.73875,0.0
49080.0,376.2267079770294,132.90412500000002,0.0
49080.0,376.2267079770294,133.0695,0.0
49080.0,376.2267079770294,133.23487500000002,0.0
49080.0,376.2267079770294,133.40025000000003,0.0
49080.0,376.2267079770294,133.565625,0.0
49080.0,376.2267079770294,133.73100000000002,0.0
49080.0,376.2267079770294,133.89637500000003,0.0
49080.0,376.2267079770294,134.06175000000002,0.0
49080.0,376.2267079770294,134.22712500000003,0.0
49080.0,376.2267079770294,134.3925,0.0
49080.0,376.2267079770294,134.55787500000002,0.0
49080.0,376.2267079770294,134.72325000000004,0.0
49080.0,376.2267079770294,134.88862500000002,0.0
49080.0,376.2267079770294,135.05400000000003,0.0
49080.0,376.2267079770294,135.219375,0.0
49080.0,376.2267079770294,135.38475000000003,0.0
49080.0,376.2267079770294,135.55012500000004,0.0
49080.0,376.2267079770294,135.71550000000002,0.0
49080.0,376.2267079770294,135.88087500000003,0.0
49080.0,376.2267079770294,136.04625000000001,0.0
49080.0,376.2267079770294,136.21162500000003,0.0
49080.0,376.2267079770294,136.377,0.0
49080.0,376.2267079770294,136.54237500000002,0.0
49080.0,376.2267079770294,136.70775000000003,0.0
49080.0,376.2267079770294,136.87312500000002,0.0
49080.0,376.2267079770294,137.03850000000003,0.0
49080.0,376.2267079770294,137.203875,0.0
49080.0,376.2267079770294,137.36925000000002,0.0
49080.0,376.2267079770294,137.53462500000003,0.0
49080.0,376.2267079770294,137.70000000000002,0.0
49080.0,376.2267079770294,137.86537500000003,0.0
49080.0,376.2267079770294,138.03075,0.0
49080.0,376.2267079770294,138.19612500000002,0.0
49080.0,376.2267079770294,138.36150000000004,0.0
49080.0,376.2267079770294,138.52687500000002,0.0
49080.0,376.2267079770294,138.69225000000003,0.0
49080.0,376.2267079770294,138.857625,0.0
49080.0,376.2267079770294,139.02300000000002,0.0
49080.0,376.2267079770294,139.18837500000004,0.0
49080.0,376.2267079770294,139.35375000000002,0.0
49080.0,376.2267079770294,139.51912500000003,0.0
49080.0,376.2267079770294,139.6845,0.0
49080.0,376.2267079770294,139.84987500000003,0.0
49080.0,376.2267079770294,140.01525000000004,0.0
49080.0,376.2267079770294,140.18062500000002,0.0
49080.0,376.2267079770294,140.34600000000003,0.0
49080.0,376.2267079770294,140.51137500000002,0.0
49080.0,376.2267079770294,140.67675000000003,0.0
49080.0,376.2267079770294,140.842125,0.0
49080.0,376.2267079770294,141.00750000000002,0.0
49080.0,376.2267079770294,141.17287500000003,0.0
49080.0,376.2267079770294,141.33825000000002,0.0
49080.0,376.2267079770294,141.50362500000003,0.0
49080.0,376.2267079770294,141.669,0.0
49080.0,376.2267079770294,141.83437500000002,0.0
49080.0,376.2267079770294,141.99975000000003,0.0
49080.0,376.2267079770294,142.16512500000002,0.0
49080.0,376.2267079770294,142.33050000000003,0.0
49080.0,376.2267079770294,142.495875,0.0
49080.0,376.2267079770294,142.66125000000002,0.0
49080.0,376.2267079770294,142.82662500000004,0.0
49080.0,376.2267079770294,142.99200000000002,0.0
49080.0,376.2267079770294,143.15737500000003,0.0
49080.0,376.2267079770294,143.32275,0.0
49080.0,376.2267079770294,143.48812500000003,0.0
49080.0,376.2267079770294,143.65350000000004,0.0
49080.0,376.2267079770294,143.81887500000002,0.0
49080.0,376.2267079770294,143.98425000000003,0.0
49080.0,376.2267079770294,144.14962500000001,0.0
49080.0,376.2267079770294,144.31500000000003,0.0
49080.0,376.2267079770294,144.48037500000004,0.0
49080.0,376.2267079770294,144.64575000000002,0.0
49080.0,376.2267079770294,144.81112500000003,0.0
49080.0,376.2267079770294,144.97650000000002,0.0
49080.0,376.2267079770294,145.14187500000003,0.0
49080.0,376.2267079770294,145.30725,0.0
49080.0,376.2267079770294,145.47262500000002,0.0
49080.0,376.2267079770294,145.63800000000003,0.0
49080.0,376.2267079770294,145.80337500000002,0.0
49080.0,376.2267079770294,145.96875000000003,0.0
49080.0,376.2267079770294,146.134125,0.0
49080.0,376.2267079770294,146.29950000000002,0.0
49080.0,376.2267079770294,146.46487500000003,0.0
49080.0,376.2267079770294,146.63025000000002,0.0
49080.0,376.2267079770294,146.79562500000003,0.0
49080.0,376.2267079770294,146.961,0.0
49080.0,376.2267079770294,147.12637500000002,0.0
49080.0,376.2267079770294,147.29175000000004,0.0
49080.0,376.2267079770294,147.45712500000002,0.0
49080.0,376.2267079770294,147.62250000000003,0.0
49080.0,376.2267079770294,147.787875,0.0
49080.0,376.2267079770294,147.95325000000003,0.0
49080.0,376.2267079770294,148.11862500000004,0.0
49080.0,376.2267079770294,148.28400000000002,0.0
49080.0,376.2267079770294,148.44937500000003,0.0
49080.0,376.2267079770294,148.61475000000002,0.0
49080.0,376.2267079770294,148.78012500000003,0.0
49080.0,376.2267079770294,148.94550000000004,0.0
49080.0,376.2267079770294,149.11087500000002,0.0
49080.0,376.2267079770294,149.27625000000003,0.0
49080.0,376.2267079770294,149.44162500000002,0.0
49080.0,376.2267079770294,149.60700000000003,0.0
49080.0,376.2267079770294,149.772375,0.0
49080.0,376.2267079770294,149.93775000000002,0.0
49080.0,376.2267079770294,150.10312500000003,0.0
49080.0,376.2267079770294,150.26850000000002,0.0
49080.0,376.2267079770294,150.43387500000003,0.0
49080.0,376.2267079770294,150.59925,0.0
49080.0,376.2267079770294,150.76462500000002,0.0
49080.0,376.2267079770294,150.93000000000004,0.0
49080.0,376.2267079770294,151.09537500000002,8.748827323401082e-09
49080.0,376.2267079770294,151.26075000000003,4.270163231854811e-08
49080.0,376.2267079770294,151.426125,1.3442369954894747e-07
49080.0,376.2267079770294,151.59150000000002,2.924401579313587e-07
49080.0,376.2267079770294,151.75687500000004,5.161821156625433e-07
49080.0,376.2267079770294,151.92225000000002,8.050762506215511e-07
49080.0,376.2267079770294,152.08762500000003,1.1737255319521593e-06
49080.0,376.2267079770294,152.25300000000001,1.6491154056753596e-06
49080.0,376.2267079770294,152.41837500000003,2.230876309726207e-06
49080.0,376.2267079770294,152.58375000000004,2.9180370018313956e-06
49080.0,376.2267079770294,152.74912500000002,3.7096198161760345e-06
49080.0,376.2267079770294,152.91450000000003,4.6046408795231924e-06
49080.0,376.2267079770294,153.07987500000002,5.602110319785748e-06
49080.0,376.2267079770294,153.24525000000003,6.703986419405461e-06
49080.0,376.2267079770294,153.41062500000004,7.939855502637691e-06
49080.0,376.2267079770294,153.57600000000002,9.316494796775364e-06
49080.0,376.2267079770294,153.74137500000003,1.0832509969391864e-05
49080.0,376.2267079770294,153.90675000000002,1.248649946829475e-05
49080.0,376.2267079770294,154.07212500000003,1.4277054803192941e-05
49080.0,376.2267079770294,154.2375,1.620276082250898e-05
49080.0,376.2267079770294,154.40287500000002,1.826219598986518e-05
49080.0,376.2267079770294,154.56825000000003,2.04539326572444e-05
49080.0,376.2267079770294,154.73362500000002,2.2776537336197476e-05
49080.0,376.2267079770294,154.89900000000003,2.5228882326431115e-05
49080.0,376.2267079770294,155.064375,2.7833477139698387e-05
49080.0,376.2267079770294,155.22975000000002,3.060360067476663e-05
49080.0,376.2267079770294,155.39512500000004,3.3537416053336044e-05
49080.0,376.2267079770294,155.56050000000002,3.6633080145363944e-05
49080.0,376.2267079770294,155.72587500000003,3.988874389818663e-05
49080.0,376.2267079770294,155.89125,4.330255266323438e-05
49080.0,376.2267079770294,156.05662500000003,4.6872646518894445e-05
49080.0,376.2267079770294,156.22200000000004,5.059716058661793e-05
49080.0,376.2267079770294,156.38737500000002,5.447422944065319e-05
49080.0,376.2267079770294,156.55275000000003,5.851292090117151e-05
49080.0,376.2267079770294,156.71812500000001,6.27245549199411e-05
49080.0,376.2267079770294,156.88350000000003,6.71378216521964e-05
49080.0,376.2267079770294,157.04887500000004,7.175961069140734e-05
49080.0,376.2267079770294,157.21425000000002,7.661313378850708e-05
49080.0,376.2267079770294,157.37962500000003,8.17047124377442e-05
49080.0,376.2267079770294,157.54500000000002,8.703724220745787e-05
49080.0,376.2267079770294,157.71037500000003,9.263819228959392e-05
49080.0,376.2267079770294,157.87575000000004,9.850881373614291e-05
49080.0,376.2267079770294,158.04112500000002,0.000104645868349277
49080.0,376.2267079770294,158.20650000000003,0.00011104611109226988
49080.0,376.2267079770294,158.37187500000002,0.00011770629060954792
49080.0,376.2267079770294,158.53725000000003,0.0001246231497425857
49080.0,376.2267079770294,158.70262500000004,0.00013179342603897176
49080.0,376.2267079770294,158.86800000000002,0.00013921910155237076
49080.0,376.2267079770294,159.03337500000004,0.0001469258668947684
49080.0,376.2267079770294,159.19875000000002,0.00015491456027409947
49080.0,376.2267079770294,159.36412500000003,0.00016318152737103184
49080.0,376.2267079770294,159.5295,0.00017172356040177656
49080.0,376.2267079770294,159.69487500000002,0.00018055807245848131
49080.0,376.2267079770294,159.86025000000004,0.00018969264124895784
49080.0,376.2267079770294,160.02562500000002,0.0001991232260263738
49080.0,376.2267079770294,160.19100000000003,0.00020884578334163763
49080.0,376.2267079770294,160.356375,0.0002188562676189197
49080.0,376.2267079770294,160.52175000000003,0.00022915063172509835
49080.0,376.2267079770294,160.68712500000004,0.0002397293282136968
49080.0,376.2267079770294,160.85250000000002,0.00025061544374818873
49080.0,376.2267079770294,161.01787500000003,0.0002618091647408462
49080.0,376.2267079770294,161.18325000000002,0.0002733060706502158
49080.0,376.2267079770294,161.34862500000003,0.0002851017410924031
49080.0,376.2267079770294,161.51400000000004,0.000297191756432696
49080.0,376.2267079770294,161.67937500000002,0.000309571698368718
49080.0,376.2267079770294,161.84475000000003,0.0003222371505067063
49080.0,376.2267079770294,162.01012500000002,0.0003351836989260601
49080.0,376.2267079770294,162.17550000000003,0.0003484069327438121
49080.0,376.2267079770294,162.34087500000004,0.0003619031661813608
49080.0,376.2267079770294,162.50625000000002,0.0003757126769594872
49080.0,376.2267079770294,162.67162500000003,0.00038986359441021886
49080.0,376.2267079770294,162.83700000000002,0.0004044126541948652
49080.0,376.2267079770294,163.00237500000003,0.00041937701416892164
49080.0,376.2267079770294,163.16775000000004,0.0004347745703525021
49080.0,376.2267079770294,163.33312500000002,0.0004506007814822357
49080.0,376.2267079770294,163.49850000000004,0.0004668502417492585
49080.0,376.2267079770294,163.66387500000002,0.0004835676297320151
49080.0,376.2267079770294,163.82925000000003,0.0005007755457001361
49080.0,376.2267079770294,163.994625,0.0005184668967191613
49080.0,376.2267079770294,164.16000000000003,0.0005366345929872008
49080.0,376.2267079770294,164.32537500000004,0.0005552715487167411
49080.0,376.2267079770294,164.49075000000002,0.0005743706830211574
49080.0,376.2267079770294,164.65612500000003,0.0005939249207850045
49080.0,376.2267079770294,164.82150000000001,0.0006139271935112292
49080.0,376.2267079770294,164.98687500000003,0.0006343798745249017
49080.0,376.2267079770294,165.15225000000004,0.0006553337262453223
49080.0,376.2267079770294,165.31762500000002,0.0006767908876370774
49080.0,376.2267079770294,165.48300000000003,0.0006987493581039127
49080.0,376.2267079770294,165.64837500000002,0.0007212352989444924
49080.0,376.2267079770294,165.81375000000003,0.0007442799966550864
49080.0,376.2267079770294,165.97912500000004,0.0007679165615552116
49080.0,376.2267079770294,166.14450000000002,0.0007921579116695305
49080.0,376.2267079770294,166.30987500000003,0.0008169947215115852
49080.0,376.2267079770294,166.47525000000002,0.0008424176771348533
49080.0,376.2267079770294,166.64062500000003,0.0008684174772072527
49080.0,376.2267079770294,166.80600000000004,0.0008949972565147058
49080.0,376.2267079770294,166.97137500000002,0.0009221997972469349
49080.0,376.2267079770294,167.13675000000003,0.0009500718288863605
49080.0,376.2267079770294,167.30212500000002,0.0009786095032439748
49080.0,376.2267079770294,167.46750000000003,0.001007802248410181
49080.0,376.2267079770294,167.63287500000004,0.001037639509053534
49080.0,376.2267079770294,167.79825000000002,0.0010681107475761587
49080.0,376.2267079770294,167.96362500000004,0.0010992054452605927
49080.0,376.2267079770294,168.12900000000002,0.001130913103392864
49080.0,376.2267079770294,168.29437500000003,0.0011632343672480913
49080.0,376.2267079770294,168.45975,0.0011961973766254554
49080.0,376.2267079770294,168.62512500000003,0.0012297962688484786
49080.0,376.2267079770294,168.79050000000004,0.0012640480210205697
49080.0,376.2267079770294,168.95587500000002,0.0012989620894258752
49080.0,376.2267079770294,169.12125000000003,0.001334530339604078
49080.0,376.2267079770294,169.28662500000002,0.0013707447690926523
49080.0,376.2267079770294,169.45200000000003,0.001407611113681167
49080.0,376.2267079770294,169.61737500000004,0.0014451662403385597
49080.0,376.2267079770294,169.78275000000002,0.0014834034564294488
49080.0,376.2267079770294,169.94812500000003,0.001522310435161187
49080.0,376.2267079770294,170.11350000000002,0.0015618749780424244
49080.0,376.2267079770294,170.27887500000003,0.0016020917381584213
49080.0,376.2267079770294,170.44425000000004,0.001642984660958667
49080.0,376.2267079770294,170.60962500000002,0.0016845564107846682
49080.0,376.2267079770294,170.77500000000003,0.0017267941930419312
49080.0,376.2267079770294,170.94037500000002,0.001769685251840741
49080.0,376.2267079770294,171.10575000000003,0.0018132168711644144
49080.0,376.2267079770294,171.27112500000004,0.001857376376003408
49080.0,376.2267079770294,171.43650000000002,0.0019021511334809124
49080.0,376.2267079770294,171.60187500000004,0.0019475285539583735
49080.0,376.2267079770294,171.76725000000002,0.0019934984346378355
49080.0,376.2267079770294,171.93262500000003,0.0020400648830051177
49080.0,376.2267079770294,172.09800000000004,0.0020872339702995473
49080.0,376.2267079770294,172.26337500000002,0.0021350065266524066
49080.0,376.2267079770294,172.42875000000004,0.0021833946583159217
49080.0,376.2267079770294,172.59412500000002,0.002232442244294741
49080.0,376.2267079770294,172.75950000000003,0.002282147265164359
49080.0,376.2267079770294,172.92487500000001,0.002332543471944797
49080.0,376.2267079770294,173.09025000000003,0.0023836549116904087
49080.0,376.2267079770294,173.25562500000004,0.0024354708820008624
49080.0,376.2267079770294,173.42100000000002,0.0024879765396472187
49080.0,376.2267079770294,173.58637500000003,0.0025411570995605513
49080.0,376.2267079770294,173.75175000000002,0.002595007227391699
49080.0,376.2267079770294,173.91712500000003,0.0026495531018688066
49080.0,376.2267079770294,174.08250000000004,0.0027047894666915274
49080.0,376.2267079770294,174.24787500000002,0.0027607014226125786
49080.0,376.2267079770294,174.41325000000003,0.0028172738342148746
49080.0,376.2267079770294,174.57862500000002,0.002874491630698991
49080.0,376.2267079770294,174.74400000000003,0.002932339806990963
49080.0,376.2267079770294,174.90937500000004,0.0029908048196731173
49080.0,376.2267079770294,175.07475000000002,0.003049884444558839
49080.0,376.2267079770294,175.24012500000003,0.003109566691495124
49080.0,376.2267079770294,175.40550000000002,0.0031698503405662992
49080.0,376.2267079770294,175.57087500000003,0.0032307626482838965
49080.0,376.2267079770294,175.73625000000004,0.003292315688296408
49080.0,376.2267079770294,175.90162500000002,0.003354528361009444
49080.0,376.2267079770294,176.06700000000004,0.003417406530653067
49080.0,376.2267079770294,176.23237500000002,0.0034809536819791764
49080.0,376.2267079770294,176.39775000000003,0.00354515387003153
49080.0,376.2267079770294,176.56312500000004,0.00360999293932224
49080.0,376.2267079770294,176.72850000000003,0.003675461313189654
49080.0,376.2267079770294,176.89387500000004,0.003741544033277233
49080.0,376.2267079770294,177.05925000000002,0.0038082247263611082
49080.0,376.2267079770294,177.22462500000003,0.0038754871058440184
49080.0,376.2267079770294,177.39000000000001,0.003943314972767886
49080.0,376.2267079770294,177.55537500000003,0.004011693703785113
49080.0,376.2267079770294,177.72075000000004,0.004080638622182515
49080.0,376.2267079770294,177.88612500000002,0.004150161365120218
49080.0,376.2267079770294,178.05150000000003,0.004220247912357245
49080.0,376.2267079770294,178.21687500000002,0.0042908816990996
49080.0,376.2267079770294,178.38225000000003,0.00436204625579061
49080.0,376.2267079770294,178.54762500000004,0.004433725209024517
49080.0,376.2267079770294,178.71300000000002,0.004505902282456352
49080.0,376.2267079770294,178.87837500000003,0.004578561297679969
49080.0,376.2267079770294,179.04375000000002,0.0046516913218796925
49080.0,376.2267079770294,179.20912500000003,0.004725288014143939
49080.0,376.2267079770294,179.37450000000004,0.004799354166276977
49080.0,376.2267079770294,179.53987500000002,0.004873917349216777
49080.0,376.2267079770294,179.70525000000004,0.004948978622579082
49080.0,376.2267079770294,179.87062500000002,0.00502452380972171
49080.0,376.2267079770294,180.03600000000003,0.005100539672933378
49080.0,376.2267079770294,180.20137500000004,0.00517701561085198
49080.0,376.2267079770294,180.36675000000002,0.005253941889949408
49080.0,376.2267079770294,180.53212500000004,0.005331320871400834
49080.0,376.2267079770294,180.69750000000002,0.005409156808533268
49080.0,376.2267079770294,180.86287500000003,0.00548743260951854
49080.0,376.2267079770294,181.02825000000004,0.005566131283966072
49080.0,376.2267079770294,181.19362500000003,0.00564523595814964
49080.0,376.2267079770294,181.35900000000004,0.0057247298756998135
49080.0,376.2267079770294,181.52437500000002,0.005804596446844945
49080.0,376.2267079770294,181.68975000000003,0.005884820962623606
49080.0,376.2267079770294,181.85512500000002,0.0059653879160049715
49080.0,376.2267079770294,182.02050000000003,0.006046286161827764
49080.0,376.2267079770294,182.18587500000004,0.006127506329291765
49080.0,376.2267079770294,182.35125000000002,0.00620903316584345
49080.0,376.2267079770294,182.51662500000003,0.006290861084751511
49080.0,376.2267079770294,182.68200000000002,0.006372976694953418
49080.0,376.2267079770294,182.84737500000003,0.006455363840665739
49080.0,376.2267079770294,183.01275000000004,0.0065380064924413644
49080.0,376.2267079770294,183.17812500000002,0.006620907443621472
49080.0,376.2267079770294,183.34350000000003,0.006704094440504864
49080.0,376.2267079770294,183.50887500000002,0.006787568399065927
49080.0,376.2267079770294,183.67425000000003,0.006871320167710376
49080.0,376.2267079770294,183.83962500000004,0.00695533895576177
49080.0,376.2267079770294,184.00500000000002,0.007039634330039406
49080.0,376.2267079770294,184.17037500000004,0.007124192824495261
49080.0,376.2267079770294,184.33575000000002,0.007208997668550239
49080.0,376.2267079770294,184.50112500000003,0.007294032221071266
49080.0,376.2267079770294,184.66650000000004,0.0073792815416566255
49080.0,376.2267079770294,184.83187500000003,0.007464730168498818
49080.0,376.2267079770294,184.99725000000004,0.007550361812981773
49080.0,376.2267079770294,185.16262500000002,0.007636160327140265
49080.0,376.2267079770294,185.32800000000003,0.0077221097040170595
49080.0,376.2267079770294,185.49337500000004,0.007808197056098593
49080.0,376.2267079770294,185.65875000000003,0.007894415457086983
49080.0,376.2267079770294,185.82412500000004,0.007980749779420567
49080.0,376.2267079770294,185.98950000000002,0.008067184401204757
49080.0,376.2267079770294,186.15487500000003,0.008153703810400021
49080.0,376.2267079770294,186.32025000000002,0.008240292639094178
49080.0,376.2267079770294,186.48562500000003,0.008326935663731019
49080.0,376.2267079770294,186.65100000000004,0.0084136178052978
49080.0,376.2267079770294,186.81637500000002,0.008500324129525373
49080.0,376.2267079770294,186.98175000000003,0.00858704444065356
49080.0,376.2267079770294,187.14712500000002,0.008673786937135022
49080.0,376.2267079770294,187.31250000000003,0.008760547685874162
49080.0,376.2267079770294,187.47787500000004,0.008847328553020378
49080.0,376.2267079770294,187.64325000000002,0.008934119685517952
49080.0,376.2267079770294,187.80862500000003,0.009020927687719558
49080.0,376.2267079770294,187.97400000000002,0.009107744501158315
49080.0,376.2267079770294,188.13937500000003,0.009194558596643901
49080.0,376.2267079770294,188.30475000000004,0.009281363880073787
49080.0,376.2267079770294,188.47012500000002,0.009368145759883382
49080.0,376.2267079770294,188.63550000000004,0.009454889342237467
49080.0,376.2267079770294,188.80087500000002,0.009541579887838051
49080.0,376.2267079770294,188.96625000000003,0.009628202811978053
49080.0,376.2267079770294,189.13162500000004,0.00971474368452655
49080.0,376.2267079770294,189.29700000000003,0.009801188229938909
49080.0,376.2267079770294,189.46237500000004,0.009887522327222167
49080.0,376.2267079770294,189.62775000000002,0.009973732009890934
49080.0,376.2267079770294,189.79312500000003,0.010059803465924572
49080.0,376.2267079770294,189.95850000000004,0.010145723037673885
49080.0,376.2267079770294,190.12387500000003,0.010231478737369085
49080.0,376.2267079770294,190.28925000000004,0.01031706453347855
49080.0,376.2267079770294,190.45462500000002,0.010402468084837854
49080.0,376.2267079770294,190.62000000000003,0.010487676167629988
49080.0,376.2267079770294,190.78537500000002,0.01057268751373027
49080.0,376.2267079770294,190.95075000000003,0.010657502756621837
49080.0,376.2267079770294,191.11612500000004,0.010742108716036765
49080.0,376.2267079770294,191.28150000000002,0.010826492951293828
49080.0,376.2267079770294,191.44687500000003,0.01091065971512254
49080.0,376.2267079770294,191.61225000000002,0.010994607253565351
49080.0,376.2267079770294,191.77762500000003,0.011078325048370403
49080.0,376.2267079770294,191.94300000000004,0.011161812503365634
49080.0,376.2267079770294,192.10837500000002,0.011245074229333827
49080.0,376.2267079770294,192.27375000000004,0.011328098629939784
49080.0,376.2267079770294,192.43912500000002,0.011410873488377625
49080.0,376.2267079770294,192.60450000000003,0.01149338597689456
49080.0,376.2267079770294,192.76987500000004,0.011575623429902936
49080.0,376.2267079770294,192.93525000000002,0.011657573343700548
49080.0,376.2267079770294,193.10062500000004,0.011739223376149535
49080.0,376.2267079770294,193.26600000000002,0.011820561349755185
49080.0,376.2267079770294,193.43137500000003,0.011901575275791974
49080.0,376.2267079770294,193.59675000000004,0.011982253322748172
49080.0,376.2267079770294,193.76212500000003,0.012062583872966747
49080.0,376.2267079770294,193.92750000000004,0.012142555442271552
49080.0,376.2267079770294,194.09287500000002,0.012222157064356372
49080.0,376.2267079770294,194.25825000000003,0.012301391678049674
49080.0,376.2267079770294,194.42362500000004,0.012380254884044444
49080.0,376.2267079770294,194.58900000000003,0.012458735384265012
49080.0,376.2267079770294,194.75437500000004,0.012536822041348941
49080.0,376.2267079770294,194.91975000000002,0.012614503878339844
49080.0,376.2267079770294,195.08512500000003,0.012691770121979255
49080.0,376.2267079770294,195.25050000000005,0.012768611298017454
49080.0,376.2267079770294,195.41587500000003,0.012845028930811804
49080.0,376.2267079770294,195.58125000000004,0.012921015649365793
49080.0,376.2267079770294,195.74662500000002,0.012996560979854653
49080.0,376.2267079770294,195.91200000000003,0.01307165464323658
49080.0,376.2267079770294,196.07737500000002,0.013146288433028386
49080.0,376.2267079770294,196.24275000000003,0.01322045343250729
49080.0,376.2267079770294,196.40812500000004,0.013294145733024496
49080.0,376.2267079770294,196.57350000000002,0.013367369057708663
49080.0,376.2267079770294,196.73887500000004,0.013440114829061675
49080.0,376.2267079770294,196.90425000000002,0.0135123739351734
49080.0,376.2267079770294,197.06962500000003,0.013584138402570214
49080.0,376.2267079770294,197.23500000000004,0.013655412528973636
49080.0,376.2267079770294,197.40037500000003,0.013726189831403477
49080.0,376.2267079770294,197.56575000000004,0.013796460827038863
49080.0,376.2267079770294,197.73112500000002,0.013866216228228987
49080.0,376.2267079770294,197.89650000000003,0.013935446860925587
49080.0,376.2267079770294,198.06187500000004,0.014004143703342423
49080.0,376.2267079770294,198.22725000000003,0.014072297890503701
49080.0,376.2267079770294,198.39262500000004,0.014139900713583863
49080.0,376.2267079770294,198.55800000000002,0.014206943619256788
49080.0,376.2267079770294,198.72337500000003,0.014273418209021305
49080.0,376.2267079770294,198.88875000000004,0.014339317182408525
49080.0,376.2267079770294,199.05412500000003,0.014404642422948368
49080.0,376.2267079770294,199.21950000000004,0.01446938846531687
49080.0,376.2267079770294,199.38487500000002,0.014533551885319167
49080.0,376.2267079770294,199.55025000000003,0.014597135946218991
49080.0,376.2267079770294,199.71562500000005,0.014660133112766116
49080.0,376.2267079770294,199.88100000000003,0.014722535483582063
49080.0,376.2267079770294,200.04637500000004,0.01478433531354899
49080.0,376.2267079770294,200.21175000000002,0.014845525905701635
49080.0,376.2267079770294,200.37712500000004,0.014906101440065794
49080.0,376.2267079770294,200.54250000000002,0.01496605462024575
49080.0,376.2267079770294,200.70787500000003,0.0150253783765033
49080.0,376.2267079770294,200.87325000000004,0.015084075175253932
49080.0,376.2267079770294,201.03862500000002,0.015142154200637647
49080.0,376.2267079770294,201.20400000000004,0.015199613652360555
49080.0,376.2267079770294,201.36937500000002,0.015256451173204654
49080.0,376.2267079770294,201.53475000000003,0.015312662990852426
49080.0,376.2267079770294,201.70012500000004,0.015368242330766883
49080.0,376.2267079770294,201.86550000000003,0.015423182309179894
49080.0,376.2267079770294,202.03087500000004,0.01547747758300226
49080.0,376.2267079770294,202.19625000000002,0.015531130219010151
49080.0,376.2267079770294,202.36162500000003,0.015584135114874767
49080.0,376.2267079770294,202.52700000000004,0.015636485761649953
49080.0,376.2267079770294,202.69237500000003,0.015688175800057557
49080.0,376.2267079770294,202.85775000000004,0.015739199019860626
49080.0,376.2267079770294,203.02312500000002,0.015789549358986542
49080.0,376.2267079770294,203.18850000000003,0.015839220902673284
49080.0,376.2267079770294,203.35387500000004,0.01588820788259231
49080.0,376.2267079770294,203.51925000000003,0.015936504675972935
49080.0,376.2267079770294,203.68462500000004,0.015984105804713527
49080.0,376.2267079770294,203.85000000000002,0.016031005939717475
49080.0,376.2267079770294,204.01537500000003,0.0160772001018491
49080.0,376.2267079770294,204.18075000000005,0.016122684769613958
49080.0,376.2267079770294,204.34612500000003,0.01616745535925314
49080.0,376.2267079770294,204.51150000000004,0.016211511520364215
49080.0,376.2267079770294,204.67687500000002,0.016254854137616837
49080.0,376.2267079770294,204.84225000000004,0.016297478496624482
49080.0,376.2267079770294,205.00762500000002,0.01633938000220146
49080.0,376.2267079770294,205.17300000000003,0.016380554197896368
49080.0,376.2267079770294,205.33837500000004,0.01642099702279525
49080.0,376.2267079770294,205.50375000000003,0.01646071274204015
49080.0,376.2267079770294,205.66912500000004,0.016499701217849945
49080.0,376.2267079770294,205.83450000000002,0.016537958299773198
49080.0,376.2267079770294,205.99987500000003,0.016575482533977635
49080.0,376.2267079770294,206.16525000000004,0.016612276417517686
49080.0,376.2267079770294,206.33062500000003,0.016648336706718083
49080.0,376.2267079770294,206.49600000000004,0.016683660919278653
49080.0,376.2267079770294,206.66137500000002,0.016718248703799014
49080.0,376.2267079770294,206.82675000000003,0.016752096793616778
49080.0,376.2267079770294,206.99212500000004,0.016785201675302352
49080.0,376.2267079770294,207.15750000000003,0.016817559968589288
49080.0,376.2267079770294,207.32287500000004,0.016849168508501062
49080.0,376.2267079770294,207.48825000000002,0.016880025372502157
49080.0,376.2267079770294,207.65362500000003,0.016910128016086688
49080.0,376.2267079770294,207.81900000000005,0.016939473541657438
49080.0,376.2267079770294,207.98437500000003,0.01696805917920137
49080.0,376.2267079770294,208.14975000000004,0.01699588228529057
49080.0,376.2267079770294,208.31512500000002,0.017022940342103072
49080.0,376.2267079770294,208.48050000000003,0.017049230975375362
49080.0,376.2267079770294,208.64587500000005,0.017074751940376588
49080.0,376.2267079770294,208.81125000000003,0.01709950108955224
49080.0,376.2267079770294,208.97662500000004,0.01712347639683511
49080.0,376.2267079770294,209.14200000000002,0.017146675956791427
49080.0,376.2267079770294,209.30737500000004,0.017169097983608026
49080.0,376.2267079770294,209.47275000000002,0.017190740953994026
49080.0,376.2267079770294,209.63812500000003,0.01721160988035632
49080.0,376.2267079770294,209.80350000000004,0.01723170673819783
49080.0,376.2267079770294,209.96887500000003,0.01725103035916377
49080.0,376.2267079770294,210.13425000000004,0.017269580392475215
49080.0,376.2267079770294,210.29962500000002,0.017287355591886662
49080.0,376.2267079770294,210.46500000000003,0.01730435475212779
49080.0,376.2267079770294,210.63037500000004,0.01732057678166127
49080.0,376.2267079770294,210.79575000000003,0.017336020701668793
49080.0,376.2267079770294,210.96112500000004,0.017350685645065894
49080.0,376.2267079770294,211.12650000000002,0.017364571217019658
49080.0,376.2267079770294,211.29187500000003,0.01737767711052894
49080.0,376.2267079770294,211.45725000000004,0.017390002773775674
49080.0,376.2267079770294,211.62262500000003,0.01740154823070681
49080.0,376.2267079770294,211.78800000000004,0.01741231400049419
49080.0,376.2267079770294,211.95337500000002,0.017422299842568854
49080.0,376.2267079770294,212.11875000000003,0.017431505669098218
49080.0,376.2267079770294,212.28412500000005,0.017439931917541274
49080.0,376.2267079770294,212.44950000000003,0.017447578724973854
49080.0,376.2267079770294,212.61487500000004,0.017454446232539455
49080.0,376.2267079770294,212.78025000000002,0.01746053470403269
49080.0,376.2267079770294,212.94562500000004,0.017465844487249672
49080.0,376.2267079770294,213.11100000000005,0.01747037729960034
49080.0,376.2267079770294,213.27637500000003,0.01747413993626301
49080.0,376.2267079770294,213.44175000000004,0.01747713372056637
49080.0,376.2267079770294,213.60712500000002,0.017479359208646118
49080.0,376.2267079770294,213.77250000000004,0.017480817073066254
49080.0,376.2267079770294,213.93787500000002,0.017481508076790723
49080.0,376.2267079770294,214.10325000000003,0.01748143306263872
49080.0,376.2267079770294,214.26862500000004,0.017480592967208518
49080.0,376.2267079770294,214.43400000000003,0.017478988819868757
49080.0,376.2267079770294,214.59937500000004,0.017476621741760866
49080.0,376.2267079770294,214.76475000000002,0.017473492944789122
49080.0,376.2267079770294,214.93012500000003,0.017469603730627944
49080.0,376.2267079770294,215.09550000000004,0.017464955489716653
49080.0,376.2267079770294,215.26087500000003,0.017459549700264542
49080.0,376.2267079770294,215.42625000000004,0.01745338792940222
49080.0,376.2267079770294,215.59162500000002,0.017446472150764537
49080.0,376.2267079770294,215.75700000000003,0.01743880432353134
49080.0,376.2267079770294,215.92237500000005,0.01743038855641853
49080.0,376.2267079770294,216.08775000000003,0.017421231423124107
49080.0,376.2267079770294,216.25312500000004,0.017411334887939087
49080.0,376.2267079770294,216.41850000000002,0.01740070085039684
49080.0,376.2267079770294,216.58387500000003,0.01738933129159972
49080.0,376.2267079770294,216.74925000000005,0.01737722827325009
49080.0,376.2267079770294,216.91462500000003,0.01736439393665608
49080.0,376.2267079770294,217.08000000000004,0.017350830501759788
49080.0,376.2267079770294,217.24537500000002,0.01733654026615883
49080.0,376.2267079770294,217.41075000000004,0.017321525604132693
49080.0,376.2267079770294,217.57612500000005,0.017305789059971263
49080.0,376.2267079770294,217.74150000000003,0.017289337317547285
49080.0,376.2267079770294,217.90687500000004,0.017272175101111717
49080.0,376.2267079770294,218.07225000000003,0.017254304938551717
49080.0,376.2267079770294,218.23762500000004,0.017235729864780103
49080.0,376.2267079770294,218.40300000000002,0.017216454901764936
49080.0,376.2267079770294,218.56837500000003,0.01719648308889939
49080.0,376.2267079770294,218.73375000000004,0.017175817171855904
49080.0,376.2267079770294,218.89912500000003,0.01715445996660684
49080.0,376.2267079770294,219.06450000000004,0.017132414358474183
49080.0,376.2267079770294,219.22987500000002,0.017109683301171286
49080.0,376.2267079770294,219.39525000000003,0.01708626994026848
49080.0,376.2267079770294,219.56062500000004,0.017062177670058742
49080.0,376.2267079770294,219.72600000000003,0.017037409667870387
49080.0,376.2267079770294,219.89137500000004,0.017011969145823126
49080.0,376.2267079770294,220.05675000000002,0.016985859375487404
49080.0,376.2267079770294,220.22212500000003,0.016959083691299275
49080.0,376.2267079770294,220.38750000000005,0.016931645489621165
49080.0,376.2267079770294,220.55287500000003,0.01690354822783069
49080.0,376.2267079770294,220.71825000000004,0.016874795423387785
49080.0,376.2267079770294,220.88362500000002,0.016845390652924716
49080.0,376.2267079770294,221.04900000000004,0.016815337551329117
49080.0,376.2267079770294,221.21437500000005,0.016784639810835496
49080.0,376.2267079770294,221.37975000000003,0.016753301180118543
49080.0,376.2267079770294,221.54512500000004,0.0167213254633941
49080.0,376.2267079770294,221.71050000000002,0.016688716519513293
49080.0,376.2267079770294,221.87587500000004,0.01665547826107844
49080.0,376.2267079770294,222.04125000000005,0.01662161465354341
49080.0,376.2267079770294,222.20662500000003,0.016587129714333605
49080.0,376.2267079770294,222.37200000000004,0.01655202757802406
49080.0,376.2267079770294,222.53737500000003,0.016516312638506614
49080.0,376.2267079770294,222.70275000000004,0.016479989086773752
49080.0,376.2267079770294,222.86812500000002,0.016443061130960505
49080.0,376.2267079770294,223.03350000000003,0.016405533026893803
49080.0,376.2267079770294,223.19887500000004,0.016367409077225097
49080.0,376.2267079770294,223.36425000000003,0.01632869363057997
49080.0,376.2267079770294,223.52962500000004,0.016289391080696273
49080.0,376.2267079770294,223.69500000000002,0.01624950586558098
49080.0,376.2267079770294,223.86037500000003,0.016209042468923237
49080.0,376.2267079770294,224.02575000000004,0.016168005427946292
49080.0,376.2267079770294,224.19112500000003,0.01612639931056056
49080.0,376.2267079770294,224.35650000000004,0.016084228903935186
49080.0,376.2267079770294,224.52187500000002,0.016041499001719795
49080.0,376.2267079770294,224.68725000000003,0.01599821428185563
49080.0,376.2267079770294,224.85262500000005,0.015954379461295777
49080.0,376.2267079770294,225.01800000000003,0.01590999938575344
49080.0,376.2267079770294,225.18337500000004,0.01586507891195209
49080.0,376.2267079770294,225.34875000000002,0.01581962286336997
49080.0,376.2267079770294,225.51412500000004,0.015773636098830892
49080.0,376.2267079770294,225.67950000000005,0.015727123511710277
49080.0,376.2267079770294,225.84487500000003,0.015680090029138068
49080.0,376.2267079770294,226.01025000000004,0.015632540616364852
49080.0,376.2267079770294,226.17562500000003,0.015584480278240638
49080.0,376.2267079770294,226.34100000000004,0.015535914038702473
49080.0,376.2267079770294,226.50637500000005,0.015486846951730636
49080.0,376.2267079770294,226.67175000000003,0.015437284101177666
49080.0,376.2267079770294,226.83712500000004,0.015387230600003798
49080.0,376.2267079770294,227.00250000000003,0.015336691589520736
49080.0,376.2267079770294,227.16787500000004,0.015285672238634591
49080.0,376.2267079770294,227.33325000000005,0.015234177743099092
49080.0,376.2267079770294,227.49862500000003,0.015182213324771043
49080.0,376.2267079770294,227.66400000000004,0.0151297842308672
49080.0,376.2267079770294,227.82937500000003,0.015076895733233162
49080.0,376.2267079770294,227.99475000000004,0.015023553127612563
49080.0,376.2267079770294,228.16012500000002,0.014969761732919038
49080.0,376.2267079770294,228.32550000000003,0.014915526890521055
49080.0,376.2267079770294,228.49087500000005,0.014860853963521936
49080.0,376.2267079770294,228.65625000000003,0.014805748336051344
49080.0,376.2267079770294,228.82162500000004,0.014750215412560788
49080.0,376.2267079770294,228.98700000000002,0.014694260617119162
49080.0,376.2267079770294,229.15237500000003,0.014637889395731452
49080.0,376.2267079770294,229.31775000000005,0.01458110721889254
49080.0,376.2267079770294,229.48312500000003,0.014523919565771435
49080.0,376.2267079770294,229.64850000000004,0.014466331931718346
49080.0,376.2267079770294,229.81387500000002,0.014408349828279397
49080.0,376.2267079770294,229.97925000000004,0.014349978782522487
49080.0,376.2267079770294,230.14462500000005,0.014291224336374302
49080.0,376.2267079770294,230.31000000000003,0.014232092045956378
49080.0,376.2267079770294,230.47537500000004,0.01417258748093047
49080.0,376.2267079770294,230.64075000000003,0.014112716223847204
49080.0,376.2267079770294,230.80612500000004,0.014052483869502587
49080.0,376.2267079770294,230.97150000000005,0.013991896024290712
49080.0,376.2267079770294,231.13687500000003,0.013930958305574595
49080.0,376.2267079770294,231.30225000000004,0.013869676341050833
49080.0,376.2267079770294,231.46762500000003,0.013808055768126654
49080.0,376.2267079770294,231.63300000000004,0.013746102233295785
49080.0,376.2267079770294,231.79837500000005,0.01368382139152425
49080.0,376.2267079770294,231.96375000000003,0.013621218905640093
49080.0,376.2267079770294,232.12912500000004,0.013558300445725825
49080.0,376.2267079770294,232.29450000000003,0.013495071688518693
49080.0,376.2267079770294,232.45987500000004,0.013431538316813683
49080.0,376.2267079770294,232.62525000000002,0.0133677060190375
49080.0,376.2267079770294,232.79062500000003,0.013303580496363881
49080.0,376.2267079770294,232.95600000000005,0.01323916745049932
49080.0,376.2267079770294,233.12137500000003,0.013174472582343222
49080.0,376.2267079770294,233.28675000000004,0.013109501595953145
49080.0,376.2267079770294,233.45212500000002,0.01304426019797544
49080.0,376.2267079770294,233.61750000000004,0.012978754097089621
49080.0,376.2267079770294,233.78287500000005,0.012912989006393975
49080.0,376.2267079770294,233.94825000000003,0.012846970643505953
49080.0,376.2267079770294,234.11362500000004,0.01278070471990047
49080.0,376.2267079770294,234.27900000000002,0.012714196946636476
49080.0,376.2267079770294,234.44437500000004,0.012647453034075827
49080.0,376.2267079770294,234.60975000000005,0.012580478691354958
49080.0,376.2267079770294,234.77512500000003,0.012513279625855427
49080.0,376.2267079770294,234.94050000000004,0.012445861542686015
49080.0,376.2267079770294,235.10587500000003,0.012378230144166157
49080.0,376.2267079770294,235.27125000000004,0.012310391129313094
49080.0,376.2267079770294,235.43662500000005,0.012242350193337494
49080.0,376.2267079770294,235.60200000000003,0.012174113027141656
49080.0,376.2267079770294,235.76737500000004,0.012105685316824282
49080.0,376.2267079770294,235.93275000000003,0.012037072743187075
49080.0,376.2267079770294,236.09812500000004,0.011968280981250167
49080.0,376.2267079770294,236.26350000000005,0.011899315699769873
49080.0,376.2267079770294,236.42887500000003,0.01183018256076208
49080.0,376.2267079770294,236.59425000000005,0.011760887219031195
49080.0,376.2267079770294,236.75962500000003,0.011691435321701481
49080.0,376.2267079770294,236.92500000000004,0.011621832507758077
49080.0,376.2267079770294,237.09037500000002,0.011552084407586805
49080.0,376.2267079770294,237.25575000000003,0.011482196642523708
49080.0,376.2267079770294,237.42112500000005,0.011412174827250607
49080.0,376.2267079770294,237.58650000000003,0.011342024568444154
49080.0,376.2267079770294,237.75187500000004,0.011271751457512899
49080.0,376.2267079770294,237.91725000000002,0.011201361074972776
49080.0,376.2267079770294,238.08262500000004,0.011130858990101394
49080.0,376.2267079770294,238.24800000000005,0.011060250760518224
49080.0,376.2267079770294,238.41337500000003,0.010989541931761541
49080.0,376.2267079770294,238.57875000000004,0.010918738036878584
49080.0,376.2267079770294,238.74412500000003,0.010847844596012811
49080.0,376.2267079770294,238.90950000000004,0.010776867116001789
49080.0,376.2267079770294,239.07487500000005,0.010705811089977512
49080.0,376.2267079770294,239.24025000000003,0.010634681996969824
49080.0,376.2267079770294,239.40562500000004,0.01056348530169061
49080.0,376.2267079770294,239.57100000000003,0.010492226459386326
49080.0,376.2267079770294,239.73637500000004,0.010420910909124134
49080.0,376.2267079770294,239.90175000000005,0.010349544073813308
49080.0,376.2267079770294,240.06712500000003,0.010278131355983891
49080.0,376.2267079770294,240.23250000000004,0.010206678141656813
49080.0,376.2267079770294,240.39787500000003,0.01013518980012432
49080.0,376.2267079770294,240.56325000000004,0.010063671685019262
49080.0,376.2267079770294,240.72862500000005,0.009992129132781384
49080.0,376.2267079770294,240.89400000000003,0.009920567460296008
49080.0,376.2267079770294,241.05937500000005,0.009848991966308288
49080.0,376.2267079770294,241.22475000000003,0.009777407931088212
49080.0,376.2267079770294,241.39012500000004,0.009705820616094334
49080.0,376.2267079770294,241.55550000000002,0.009634235263643522
49080.0,376.2267079770294,241.72087500000004,0.009562657096583573
49080.0,376.2267079770294,241.88625000000005,0.009491091317972513
49080.0,376.2267079770294,242.05162500000003,0.009419543110760334
49080.0,376.2267079770294,242.21700000000004,0.009348017637475711
49080.0,376.2267079770294,242.38237500000002,0.009276520039916683
49080.0,376.2267079770294,242.54775000000004,0.009205055438847863
49080.0,376.2267079770294,242.71312500000005,0.009133628933699633
49080.0,376.2267079770294,242.87850000000003,0.009062245602271176
49080.0,376.2267079770294,243.04387500000004,0.008990910500441391
49080.0,376.2267079770294,243.20925000000003,0.008919628661879684
49080.0,376.2267079770294,243.37462500000004,0.008848405097764888
49080.0,376.2267079770294,243.54000000000005,0.00877724479650586
49080.0,376.2267079770294,243.70537500000003,0.008706152723467357
49080.0,376.2267079770294,243.87075000000004,0.008635133820699666
49080.0,376.2267079770294,244.03612500000003,0.008564193006673514
49080.0,376.2267079770294,244.20150000000004,0.008493335176017852
49080.0,376.2267079770294,244.36687500000005,0.008422565199262608
49080.0,376.2267079770294,244.53225000000003,0.008351887922584962
49080.0,376.2267079770294,244.69762500000004,0.00828130816756115
49080.0,376.2267079770294,244.86300000000003,0.008210830730919756
49080.0,376.2267079770294,245.02837500000004,0.008140460384302647
49080.0,376.2267079770294,245.19375000000005,0.008070201874026715
49080.0,376.2267079770294,245.35912500000003,0.00800005992085097
49080.0,376.2267079770294,245.52450000000005,0.007930039219748677
49080.0,376.2267079770294,245.68987500000003,0.00786014443968135
49080.0,376.2267079770294,245.85525000000004,0.0077903802233790015
49080.0,376.2267079770294,246.02062500000002,0.007720751189418242
49080.0,376.2267079770294,246.18600000000004,0.007651261930596631
49080.0,376.2267079770294,246.35137500000005,0.007581917009545451
49080.0,376.2267079770294,246.51675000000003,0.007512720961796336
49080.0,376.2267079770294,246.68212500000004,0.00744367829560675
49080.0,376.2267079770294,246.84750000000003,0.007374793491759955
49080.0,376.2267079770294,247.01287500000004,0.007306071003374392
49080.0,376.2267079770294,247.17825000000005,0.00723751525571236
49080.0,376.2267079770294,247.34362500000003,0.007169130645993425
49080.0,376.2267079770294,247.50900000000004,0.007100921543214368
49080.0,376.2267079770294,247.67437500000003,0.007032892287969566
49080.0,376.2267079770294,247.83975000000004,0.006965047192275915
49080.0,376.2267079770294,248.00512500000005,0.006897390539403187
49080.0,376.2267079770294,248.17050000000003,0.006829926583705956
49080.0,376.2267079770294,248.33587500000004,0.006762659550459991
49080.0,376.2267079770294,248.50125000000003,0.006695593635702803
49080.0,376.2267079770294,248.66662500000004,0.006628733006077343
49080.0,376.2267079770294,248.83200000000005,0.006562081798678818
49080.0,376.2267079770294,248.99737500000003,0.006495644120906644
49080.0,376.2267079770294,249.16275000000005,0.006429424050317364
49080.0,376.2267079770294,249.32812500000003,0.006363425634483993
49080.0,376.2267079770294,249.49350000000004,0.006297652890857425
49080.0,376.2267079770294,249.65887500000005,0.006232109806630687
49080.0,376.2267079770294,249.82425000000003,0.006166800338607935
49080.0,376.2267079770294,249.98962500000005,0.006101728413076429
49080.0,376.2267079770294,250.15500000000003,0.006036897925681826
49080.0,376.2267079770294,250.32037500000004,0.005972312741307049
49080.0,376.2267079770294,250.48575000000002,0.005907976693954363
49080.0,376.2267079770294,250.65112500000004,0.0058438935866306115
49080.0,376.2267079770294,250.81650000000005,0.005780067191236813
49080.0,376.2267079770294,250.98187500000003,0.005716501248460078
49080.0,376.2267079770294,251.14725000000004,0.005653199467667887
49080.0,376.2267079770294,251.31262500000003,0.005590165526809007
49080.0,376.2267079770294,251.47800000000004,0.005527403072313385
49080.0,376.2267079770294,251.64337500000005,0.005464915718999164
49080.0,376.2267079770294,251.80875000000003,0.005402707051159775
49080.0,376.2267079770294,251.97412500000004,0.0053407806225541895
49080.0,376.2267079770294,252.13950000000003,0.005279139952602938
49080.0,376.2267079770294,252.30487500000004,0.005217788528686527
49080.0,376.2267079770294,252.47025000000005,0.005156729806147964
49080.0,376.2267079770294,252.63562500000003,0.005095967208216985
49080.0,376.2267079770294,252.80100000000004,0.005035504125936582
49080.0,376.2267079770294,252.96637500000003,0.004975343918093942
49080.0,376.2267079770294,253.13175000000004,0.004915489911153189
49080.0,376.2267079770294,253.29712500000005,0.004855945399191422
49080.0,376.2267079770294,253.46250000000003,0.004796713643838938
49080.0,376.2267079770294,253.62787500000005,0.004737797874220091
49080.0,376.2267079770294,253.79325000000003,0.00467920128689912
49080.0,376.2267079770294,253.95862500000004,0.004620927045827484
49080.0,376.2267079770294,254.12400000000005,0.0045629782822957975
49080.0,376.2267079770294,254.28937500000004,0.004505358094886861
49080.0,376.2267079770294,254.45475000000005,0.004448069549431725
49080.0,376.2267079770294,254.62012500000003,0.004391115678970457
49080.0,376.2267079770294,254.78550000000004,0.004334499483712957
49080.0,376.2267079770294,254.95087500000002,0.004278223931004577
49080.0,376.2267079770294,255.11625000000004,0.004222291955294091
49080.0,376.2267079770294,255.28162500000005,0.004166706458103417
49080.0,376.2267079770294,255.44700000000003,0.004111470308001294
49080.0,376.2267079770294,255.61237500000004,0.0040565863405788395
49080.0,376.2267079770294,255.77775000000003,0.004002057358428065
49080.0,376.2267079770294,255.94312500000004,0.003947886131123339
49080.0,376.2267079770294,256.10850000000005,0.0038940753952046467
49080.0,376.2267079770294,256.27387500000003,0.003840627854164187
49080.0,376.2267079770294,256.43925,0.0037875461791160095
49080.0,376.2267079770294,256.604625,0.003734833009272359
49080.0,376.2267079770294,256.77000000000004,0.003682490948957704
49080.0,376.2267079770294,256.935375,0.003630522569308666
49080.0,376.2267079770294,257.10075,0.0035789304083854007
49080.0,376.2267079770294,257.26612500000005,0.0035277169711726503
49080.0,376.2267079770294,257.4315,0.00347688472958355
49080.0,376.2267079770294,257.596875,0.0034264361224654004
49080.0,376.2267079770294,257.76225000000005,0.0033763735556095304
49080.0,376.2267079770294,257.92762500000003,0.0033266994017609277
49080.0,376.2267079770294,258.093,0.003277416000632766
49080.0,376.2267079770294,258.258375,0.0032285256589214056
49080.0,376.2267079770294,258.42375000000004,0.0031800306503246005
49080.0,376.2267079770294,258.589125,0.003131933215562081
49080.0,376.2267079770294,258.7545,0.0030842355623975424
49080.0,376.2267079770294,258.91987500000005,0.003036939865664033
49080.0,376.2267079770294,259.08525000000003,0.002990048267290503
49080.0,376.2267079770294,259.250625,0.002943562876331313
49080.0,376.2267079770294,259.416,0.002897485769213902
49080.0,376.2267079770294,259.58137500000004,0.0028518189909072173
49080.0,376.2267079770294,259.74675,0.002806564552296346
49080.0,376.2267079770294,259.912125,0.002761724431206872
49080.0,376.2267079770294,260.07750000000004,0.002717300572768888
49080.0,376.2267079770294,260.242875,0.0026732948894594415
49080.0,376.2267079770294,260.40825,0.002629709261150527
49080.0,376.2267079770294,260.57362500000005,0.002586545535720769
49080.0,376.2267079770294,260.73900000000003,0.0025438055283287784
49080.0,376.2267079770294,260.904375,0.0025014910212666926
49080.0,376.2267079770294,261.06975,0.0024596037644136004
49080.0,376.2267079770294,261.23512500000004,0.0024181454752897694
49080.0,376.2267079770294,261.4005,0.0023771178391118427
49080.0,376.2267079770294,261.565875,0.002336522508851308
49080.0,376.2267079770294,261.73125,0.002296361105293131
49080.0,376.2267079770294,261.89662500000003,0.0022566352170981835
49080.0,376.2267079770294,262.062,0.002217346400866017
49080.0,376.2267079770294,262.227375,0.0021784961811997954
49080.0,376.2267079770294,262.39275000000004,0.0021400860507739565
49080.0,376.2267079770294,262.558125,0.002102117470401973
49080.0,376.2267079770294,262.7235,0.002064591869107314
49080.0,376.2267079770294,262.888875,0.002027510644195688
49080.0,376.2267079770294,263.05425,0.001990875161328503
49080.0,376.2267079770294,263.219625,0.0019546867545989677
49080.0,376.2267079770294,263.385,0.001918946726608956
49080.0,376.2267079770294,263.55037500000003,0.0018836563485480763
49080.0,376.2267079770294,263.71575,0.0018488168602742616
49080.0,376.2267079770294,263.881125,0.0018144294703958791
49080.0,376.2267079770294,264.04650000000004,0.0017804953563553532
49080.0,376.2267079770294,264.211875,0.0017470156645149678
49080.0,376.2267079770294,264.37725,0.0017139915102431437
49080.0,376.2267079770294,264.542625,0.0016814239780031778
49080.0,376.2267079770294,264.708,0.001649314121443473
49080.0,376.2267079770294,264.873375,0.0016176629634884082
49080.0,376.2267079770294,265.03875,0.001586471496431643
49080.0,376.2267079770294,265.20412500000003,0.0015557406820305322
49080.0,376.2267079770294,265.3695,0.0015254714516017625
49080.0,376.2267079770294,265.534875,0.0014956647061185688
49080.0,376.2267079770294,265.70025000000004,0.0014663213163096818
49080.0,376.2267079770294,265.865625,0.0014374421227591181
49080.0,376.2267079770294,266.031,0.0014090279360076624
49080.0,376.2267079770294,266.196375,0.00138107953665557
49080.0,376.2267079770294,266.36175000000003,0.0013535976754666605
49080.0,376.2267079770294,266.527125,0.0013265830734737654
49080.0,376.2267079770294,266.6925,0.0013000364220853789
49080.0,376.2267079770294,266.85787500000004,0.0012739583831934283
49080.0,376.2267079770294,267.02325,0.0012483495892828815
49080.0,376.2267079770294,267.188625,0.001223210643541658
49080.0,376.2267079770294,267.354,0.0011985421199727164
49080.0,376.2267079770294,267.519375,0.0011743445635067234
49080.0,376.2267079770294,267.68475,0.0011506184901161872
49080.0,376.2267079770294,267.850125,0.0011273643869304081
49080.0,376.2267079770294,268.01550000000003,0.0011045827123521371
49080.0,376.2267079770294,268.180875,0.001082273896174952
49080.0,376.2267079770294,268.34625,0.0010604383397016647
49080.0,376.2267079770294,268.51162500000004,0.0010390764158642613
49080.0,376.2267079770294,268.677,0.0010181884693445252
49080.0,376.2267079770294,268.842375,0.0009977748166958293
49080.0,376.2267079770294,269.00775,0.0009778357464660878
49080.0,376.2267079770294,269.173125,0.0009583715193214981
49080.0,376.2267079770294,269.3385,0.0009393823681715395
49080.0,376.2267079770294,269.503875,0.0009208684982948765
49080.0,376.2267079770294,269.66925000000003,0.0009028300874660762
49080.0,376.2267079770294,269.834625,0.0008852672860834305
49080.0,376.2267079770294,270.0,0.000868180217297909
83810.0,371.5386277733363,5.4,0.0
83810.0,371.5386277733363,5.565375,0.0
83810.0,371.5386277733363,5.7307500000000005,0.0
83810.0,371.5386277733363,5.8961250000000005,0.0
83810.0,371.5386277733363,6.0615000000000006,0.0
83810.0,371.5386277733363,6.226875000000001,0.0
83810.0,371.5386277733363,6.392250000000001,0.0
83810.0,371.5386277733363,6.557625000000001,0.0
83810.0,371.5386277733363,6.723000000000001,0.0
83810.0,371.5386277733363,6.888375000000001,0.0
83810.0,371.5386277733363,7.053750000000001,0.0
83810.0,371.5386277733363,7.219125000000001,0.0
83810.0,371.5386277733363,7.384500000000001,0.0
83810.0,371.5386277733363,7.549875,0.0
83810.0,371.5386277733363,7.715250000000001,0.0
83810.0,371.5386277733363,7.880625,0.0
83810.0,371.5386277733363,8.046000000000001,0.0
83810.0,371.5386277733363,8.211375,0.0
83810.0,371.5386277733363,8.376750000000001,0.0
83810.0,371.5386277733363,8.542125,0.0
83810.0,371.5386277733363,8.707500000000001,0.0
83810.0,371.5386277733363,8.872875,0.0
83810.0,371.5386277733363,9.038250000000001,0.0
83810.0,371.5386277733363,9.203625,0.0
83810.0,371.5386277733363,9.369,0.0
83810.0,371.5386277733363,9.534375,0.0
83810.0,371.5386277733363,9.699750000000002,0.0
83810.0,371.5386277733363,9.865125,0.0
83810.0,371.5386277733363,10.0305,0.0
83810.0,371.5386277733363,10.195875000000001,0.0
83810.0,371.5386277733363,10.361250000000002,0.0
83810.0,371.5386277733363,10.526625000000001,0.0
83810.0,371.5386277733363,10.692,0.0
83810.0,371.5386277733363,10.857375000000001,0.0
83810.0,371.5386277733363,11.022750000000002,0.0
83810.0,371.5386277733363,11.188125000000001,0.0
83810.0,371.5386277733363,11.3535,0.0
83810.0,371.5386277733363,11.518875000000001,0.0
83810.0,371.5386277733363,11.684250000000002,0.0
83810.0,371.5386277733363,11.849625000000001,0.0
83810.0,371.5386277733363,12.015,0.0
83810.0,371.5386277733363,12.180375000000002,0.0
83810.0,371.5386277733363,12.345750000000002,0.0
83810.0,371.5386277733363,12.511125000000002,0.0
83810.0,371.5386277733363,12.6765,0.0
83810.0,371.5386277733363,12.841875000000002,0.0
83810.0,371.5386277733363,13.007250000000003,0.0
83810.0,371.5386277733363,13.172625000000002,0.0
83810.0,371.5386277733363,13.338000000000001,0.0
83810.0,371.5386277733363,13.503375000000002,0.0
83810.0,371.5386277733363,13.668750000000001,0.0
83810.0,371.5386277733363,13.834125000000002,0.0
83810.0,371.5386277733363,13.999500000000001,0.0
83810.0,371.5386277733363,14.164875000000002,0.0
83810.0,371.5386277733363,14.330250000000001,0.0
83810.0,371.5386277733363,14.495625000000002,0.0
83810.0,371.5386277733363,14.661000000000001,0.0
83810.0,371.5386277733363,14.826375000000002,0.0
83810.0,371.5386277733363,14.991750000000001,0.0
83810.0,371.5386277733363,15.157125000000002,0.0
83810.0,371.5386277733363,15.322500000000002,0.0
83810.0,371.5386277733363,15.487875000000003,0.0
83810.0,371.5386277733363,15.653250000000002,0.0
83810.0,371.5386277733363,15.818625000000003,0.0
83810.0,371.5386277733363,15.984000000000002,0.0
83810.0,371.5386277733363,16.149375,0.0
83810.0,371.5386277733363,16.314750000000004,0.0
83810.0,371.5386277733363,16.480125,0.0
83810.0,371.5386277733363,16.645500000000002,0.0
83810.0,371.5386277733363,16.810875000000003,0.0
83810.0,371.5386277733363,16.97625,0.0
83810.0,371.5386277733363,17.141625,0.0
83810.0,371.5386277733363,17.307000000000002,0.0
83810.0,371.5386277733363,17.472375,0.0
83810.0,371.5386277733363,17.637750000000004,0.0
83810.0,371.5386277733363,17.803125,0.0
83810.0,371.5386277733363,17.968500000000002,0.0
83810.0,371.5386277733363,18.133875000000003,0.0
83810.0,371.5386277733363,18.29925,0.0
83810.0,371.5386277733363,18.464625,0.0
83810.0,371.5386277733363,18.630000000000003,0.0
83810.0,371.5386277733363,18.795375,0.0
83810.0,371.5386277733363,18.960750000000004,0.0
83810.0,371.5386277733363,19.126125000000002,0.0
83810.0,371.5386277733363,19.291500000000003,0.0
83810.0,371.5386277733363,19.456875000000004,0.0
83810.0,371.5386277733363,19.62225,0.0
83810.0,371.5386277733363,19.787625000000002,0.0
83810.0,371.5386277733363,19.953000000000003,0.0
83810.0,371.5386277733363,20.118375,0.0
83810.0,371.5386277733363,20.283750000000005,0.0
83810.0,371.5386277733363,20.449125000000002,0.0
83810.0,371.5386277733363,20.614500000000003,0.0
83810.0,371.5386277733363,20.779875000000004,0.0
83810.0,371.5386277733363,20.94525,0.0
83810.0,371.5386277733363,21.110625000000002,0.0
83810.0,371.5386277733363,21.276000000000003,0.0
83810.0,371.5386277733363,21.441375,0.0
83810.0,371.5386277733363,21.606750000000005,0.0
83810.0,371.5386277733363,21.772125000000003,0.0
83810.0,371.5386277733363,21.9375,0.0
83810.0,371.5386277733363,22.102875000000004,0.0
83810.0,371.5386277733363,22.268250000000002,0.0
83810.0,371.5386277733363,22.433625,0.0
83810.0,371.5386277733363,22.599000000000004,0.0
83810.0,371.5386277733363,22.764375,0.0
83810.0,371.5386277733363,22.929750000000006,0.0
83810.0,371.5386277733363,23.095125000000003,0.0
83810.0,371.5386277733363,23.2605,0.0
83810.0,371.5386277733363,23.425875000000005,0.0
83810.0,371.5386277733363,23.591250000000002,0.0
83810.0,371.5386277733363,23.756625,0.0
83810.0,371.5386277733363,23.922000000000004,0.0
83810.0,371.5386277733363,24.087375,0.0
83810.0,371.5386277733363,24.252750000000006,0.0
83810.0,371.5386277733363,24.418125000000003,0.0
83810.0,371.5386277733363,24.5835,0.0
83810.0,371.5386277733363,24.748875000000005,0.0
83810.0,371.5386277733363,24.914250000000003,0.0
83810.0,371.5386277733363,25.079625,0.0
83810.0,371.5386277733363,25.245000000000005,0.0
83810.0,371.5386277733363,25.410375000000002,0.0
83810.0,371.5386277733363,25.575750000000006,0.0
83810.0,371.5386277733363,25.741125000000004,0.0
83810.0,371.5386277733363,25.9065,0.0
83810.0,371.5386277733363,26.071875000000006,0.0
83810.0,371.5386277733363,26.237250000000003,0.0
83810.0,371.5386277733363,26.402625,0.0
83810.0,371.5386277733363,26.568000000000005,0.0
83810.0,371.5386277733363,26.733375000000002,0.0
83810.0,371.5386277733363,26.89875,0.0
83810.0,371.5386277733363,27.064125000000004,0.0
83810.0,371.5386277733363,27.2295,0.0
83810.0,371.5386277733363,27.394875000000006,0.0
83810.0,371.5386277733363,27.560250000000003,0.0
83810.0,371.5386277733363,27.725625,0.0
83810.0,371.5386277733363,27.891000000000005,0.0
83810.0,371.5386277733363,28.056375000000003,0.0
83810.0,371.5386277733363,28.22175,0.0
83810.0,371.5386277733363,28.387125000000005,0.0
83810.0,371.5386277733363,28.552500000000002,0.0
83810.0,371.5386277733363,28.717875000000006,0.0
83810.0,371.5386277733363,28.883250000000004,0.0
83810.0,371.5386277733363,29.048625,0.0
83810.0,371.5386277733363,29.214000000000006,0.0
83810.0,371.5386277733363,29.379375000000003,0.0
83810.0,371.5386277733363,29.54475,0.0
83810.0,371.5386277733363,29.710125000000005,0.0
83810.0,371.5386277733363,29.875500000000002,0.0
83810.0,371.5386277733363,30.040875000000007,0.0
83810.0,371.5386277733363,30.206250000000004,0.0
83810.0,371.5386277733363,30.371625,0.0
83810.0,371.5386277733363,30.537000000000006,0.0
83810.0,371.5386277733363,30.702375000000004,0.0
83810.0,371.5386277733363,30.86775,0.0
83810.0,371.5386277733363,31.033125000000005,0.0
83810.0,371.5386277733363,31.198500000000003,0.0
83810.0,371.5386277733363,31.363875000000007,0.0
83810.0,371.5386277733363,31.529250000000005,0.0
83810.0,371.5386277733363,31.694625000000002,0.0
83810.0,371.5386277733363,31.860000000000007,0.0
83810.0,371.5386277733363,32.025375000000004,0.0
83810.0,371.5386277733363,32.19075,0.0
83810.0,371.5386277733363,32.356125000000006,0.0
83810.0,371.5386277733363,32.5215,0.0
83810.0,371.5386277733363,32.686875,0.0
83810.0,371.5386277733363,32.852250000000005,0.0
83810.0,371.5386277733363,33.017625,0.0
83810.0,371.5386277733363,33.18300000000001,0.0
83810.0,371.5386277733363,33.348375000000004,0.0
83810.0,371.5386277733363,33.51375,0.0
83810.0,371.5386277733363,33.679125000000006,0.0
83810.0,371.5386277733363,33.844500000000004,0.0
83810.0,371.5386277733363,34.009875,0.0
83810.0,371.5386277733363,34.175250000000005,0.0
83810.0,371.5386277733363,34.340625,0.0
83810.0,371.5386277733363,34.50600000000001,0.0
83810.0,371.5386277733363,34.671375000000005,0.0
83810.0,371.5386277733363,34.83675,0.0
83810.0,371.5386277733363,35.00212500000001,0.0
83810.0,371.5386277733363,35.167500000000004,0.0
83810.0,371.5386277733363,35.332875,0.0
83810.0,371.5386277733363,35.498250000000006,0.0
83810.0,371.5386277733363,35.663625,0.0
83810.0,371.5386277733363,35.82900000000001,0.0
83810.0,371.5386277733363,35.994375000000005,0.0
83810.0,371.5386277733363,36.15975,0.0
83810.0,371.5386277733363,36.32512500000001,0.0
83810.0,371.5386277733363,36.490500000000004,0.0
83810.0,371.5386277733363,36.655875,0.0
83810.0,371.5386277733363,36.821250000000006,0.0
83810.0,371.5386277733363,36.986625000000004,0.0
83810.0,371.5386277733363,37.152,0.0
83810.0,371.5386277733363,37.317375000000006,0.0
83810.0,371.5386277733363,37.48275,0.0
83810.0,371.5386277733363,37.648125,0.0
83810.0,371.5386277733363,37.813500000000005,0.0
83810.0,371.5386277733363,37.978875,0.0
83810.0,371.5386277733363,38.14425,0.0
83810.0,371.5386277733363,38.309625000000004,0.0
83810.0,371.5386277733363,38.475,0.0
83810.0,371.5386277733363,38.640375000000006,0.0
83810.0,371.5386277733363,38.80575,0.0
83810.0,371.5386277733363,38.971125,0.0
83810.0,371.5386277733363,39.136500000000005,0.0
83810.0,371.5386277733363,39.301875,0.0
83810.0,371.5386277733363,39.46725,0.0
83810.0,371.5386277733363,39.632625000000004,0.0
83810.0,371.5386277733363,39.798,0.0
83810.0,371.5386277733363,39.963375000000006,0.0
83810.0,371.5386277733363,40.128750000000004,0.0
83810.0,371.5386277733363,40.294125,0.0
83810.0,371.5386277733363,40.459500000000006,0.0
83810.0,371.5386277733363,40.624875,0.0
83810.0,371.5386277733363,40.79025,0.0
83810.0,371.5386277733363,40.955625000000005,0.0
83810.0,371.5386277733363,41.121,0.0
83810.0,371.5386277733363,41.28637500000001,0.0
83810.0,371.5386277733363,41.451750000000004,0.0
83810.0,371.5386277733363,41.617125,0.0
83810.0,371.5386277733363,41.782500000000006,0.0
83810.0,371.5386277733363,41.947875,0.0
83810.0,371.5386277733363,42.11325,0.0
83810.0,371.5386277733363,42.278625000000005,0.0
83810.0,371.5386277733363,42.444,0.0
83810.0,371.5386277733363,42.609375,0.0
83810.0,371.5386277733363,42.774750000000004,0.0
83810.0,371.5386277733363,42.940125,0.0
83810.0,371.5386277733363,43.105500000000006,0.0
83810.0,371.5386277733363,43.270875000000004,0.0
83810.0,371.5386277733363,43.43625,0.0
83810.0,371.5386277733363,43.601625000000006,0.0
83810.0,371.5386277733363,43.767,0.0
83810.0,371.5386277733363,43.932375,0.0
83810.0,371.5386277733363,44.097750000000005,0.0
83810.0,371.5386277733363,44.263125,0.0
83810.0,371.5386277733363,44.42850000000001,0.0
83810.0,371.5386277733363,44.593875000000004,0.0
83810.0,371.5386277733363,44.75925,0.0
83810.0,371.5386277733363,44.924625000000006,0.0
83810.0,371.5386277733363,45.09,0.0
83810.0,371.5386277733363,45.255375,0.0
83810.0,371.5386277733363,45.420750000000005,0.0
83810.0,371.5386277733363,45.586125,0.0
83810.0,371.5386277733363,45.75150000000001,0.0
83810.0,371.5386277733363,45.916875000000005,0.0
83810.0,371.5386277733363,46.08225,0.0
83810.0,371.5386277733363,46.247625000000006,0.0
83810.0,371.5386277733363,46.413000000000004,0.0
83810.0,371.5386277733363,46.578375,0.0
83810.0,371.5386277733363,46.743750000000006,0.0
83810.0,371.5386277733363,46.909125,0.0
83810.0,371.5386277733363,47.07450000000001,0.0
83810.0,371.5386277733363,47.239875000000005,0.0
83810.0,371.5386277733363,47.40525,0.0
83810.0,371.5386277733363,47.57062500000001,0.0
83810.0,371.5386277733363,47.736000000000004,0.0
83810.0,371.5386277733363,47.901375,0.0
83810.0,371.5386277733363,48.066750000000006,0.0
83810.0,371.5386277733363,48.232125,0.0
83810.0,371.5386277733363,48.3975,0.0
83810.0,371.5386277733363,48.562875000000005,0.0
83810.0,371.5386277733363,48.72825,0.0
83810.0,371.5386277733363,48.89362500000001,0.0
83810.0,371.5386277733363,49.059000000000005,0.0
83810.0,371.5386277733363,49.224375,0.0
83810.0,371.5386277733363,49.38975000000001,0.0
83810.0,371.5386277733363,49.555125000000004,0.0
83810.0,371.5386277733363,49.7205,0.0
83810.0,371.5386277733363,49.885875000000006,0.0
83810.0,371.5386277733363,50.05125,0.0
83810.0,371.5386277733363,50.21662500000001,0.0
83810.0,371.5386277733363,50.382000000000005,0.0
83810.0,371.5386277733363,50.547375,0.0
83810.0,371.5386277733363,50.71275000000001,0.0
83810.0,371.5386277733363,50.878125000000004,0.0
83810.0,371.5386277733363,51.0435,0.0
83810.0,371.5386277733363,51.208875000000006,0.0
83810.0,371.5386277733363,51.37425,0.0
83810.0,371.5386277733363,51.53962500000001,0.0
83810.0,371.5386277733363,51.705000000000005,0.0
83810.0,371.5386277733363,51.870375,0.0
83810.0,371.5386277733363,52.03575000000001,0.0
83810.0,371.5386277733363,52.201125000000005,0.0
83810.0,371.5386277733363,52.3665,0.0
83810.0,371.5386277733363,52.53187500000001,0.0
83810.0,371.5386277733363,52.697250000000004,0.0
83810.0,371.5386277733363,52.86262500000001,0.0
83810.0,371.5386277733363,53.028000000000006,0.0
83810.0,371.5386277733363,53.193375,0.0
83810.0,371.5386277733363,53.35875000000001,0.0
83810.0,371.5386277733363,53.524125000000005,0.0
83810.0,371.5386277733363,53.6895,0.0
83810.0,371.5386277733363,53.85487500000001,0.0
83810.0,371.5386277733363,54.020250000000004,0.0
83810.0,371.5386277733363,54.185625,0.0
83810.0,371.5386277733363,54.351000000000006,0.0
83810.0,371.5386277733363,54.516375000000004,0.0
83810.0,371.5386277733363,54.68175000000001,0.0
83810.0,371.5386277733363,54.847125000000005,0.0
83810.0,371.5386277733363,55.0125,0.0
83810.0,371.5386277733363,55.17787500000001,0.0
83810.0,371.5386277733363,55.343250000000005,0.0
83810.0,371.5386277733363,55.508625,0.0
83810.0,371.5386277733363,55.67400000000001,0.0
83810.0,371.5386277733363,55.839375000000004,0.0
83810.0,371.5386277733363,56.00475000000001,0.0
83810.0,371.5386277733363,56.170125000000006,0.0
83810.0,371.5386277733363,56.3355,0.0
83810.0,371.5386277733363,56.50087500000001,0.0
83810.0,371.5386277733363,56.666250000000005,0.0
83810.0,371.5386277733363,56.831625,0.0
83810.0,371.5386277733363,56.99700000000001,0.0
83810.0,371.5386277733363,57.162375000000004,0.0
83810.0,371.5386277733363,57.32775000000001,0.0
83810.0,371.5386277733363,57.493125000000006,0.0
83810.0,371.5386277733363,57.658500000000004,0.0
83810.0,371.5386277733363,57.82387500000001,0.0
83810.0,371.5386277733363,57.989250000000006,0.0
83810.0,371.5386277733363,58.154625,0.0
83810.0,371.5386277733363,58.32000000000001,0.0
83810.0,371.5386277733363,58.485375000000005,0.0
83810.0,371.5386277733363,58.65075,0.0
83810.0,371.5386277733363,58.81612500000001,0.0
83810.0,371.5386277733363,58.981500000000004,0.0
83810.0,371.5386277733363,59.14687500000001,0.0
83810.0,371.5386277733363,59.312250000000006,0.0
83810.0,371.5386277733363,59.477625,0.0
83810.0,371.5386277733363,59.64300000000001,0.0
83810.0,371.5386277733363,59.808375000000005,0.0
83810.0,371.5386277733363,59.97375,0.0
83810.0,371.5386277733363,60.13912500000001,0.0
83810.0,371.5386277733363,60.304500000000004,0.0
83810.0,371.5386277733363,60.46987500000001,0.0
83810.0,371.5386277733363,60.635250000000006,0.0
83810.0,371.5386277733363,60.800625000000004,0.0
83810.0,371.5386277733363,60.96600000000001,0.0
83810.0,371.5386277733363,61.131375000000006,0.0
83810.0,371.5386277733363,61.29675,0.0
83810.0,371.5386277733363,61.46212500000001,0.0
83810.0,371.5386277733363,61.627500000000005,0.0
83810.0,371.5386277733363,61.79287500000001,0.0
83810.0,371.5386277733363,61.95825000000001,0.0
83810.0,371.5386277733363,62.123625000000004,0.0
83810.0,371.5386277733363,62.28900000000001,0.0
83810.0,371.5386277733363,62.454375000000006,0.0
83810.0,371.5386277733363,62.61975,0.0
83810.0,371.5386277733363,62.78512500000001,0.0
83810.0,371.5386277733363,62.950500000000005,0.0
83810.0,371.5386277733363,63.11587500000001,0.0
83810.0,371.5386277733363,63.28125000000001,0.0
83810.0,371.5386277733363,63.446625000000004,0.0
83810.0,371.5386277733363,63.61200000000001,0.0
83810.0,371.5386277733363,63.777375000000006,0.0
83810.0,371.5386277733363,63.942750000000004,0.0
83810.0,371.5386277733363,64.10812500000002,0.0
83810.0,371.5386277733363,64.27350000000001,0.0
83810.0,371.5386277733363,64.43887500000001,0.0
83810.0,371.5386277733363,64.60425000000001,0.0
83810.0,371.5386277733363,64.769625,0.0
83810.0,371.5386277733363,64.93500000000002,0.0
83810.0,371.5386277733363,65.10037500000001,0.0
83810.0,371.5386277733363,65.26575000000001,0.0
83810.0,371.5386277733363,65.43112500000001,0.0
83810.0,371.5386277733363,65.5965,0.0
83810.0,371.5386277733363,65.761875,0.0
83810.0,371.5386277733363,65.92725000000002,0.0
83810.0,371.5386277733363,66.09262500000001,0.0
83810.0,371.5386277733363,66.25800000000001,0.0
83810.0,371.5386277733363,66.42337500000001,0.0
83810.0,371.5386277733363,66.58875,0.0
83810.0,371.5386277733363,66.75412500000002,0.0
83810.0,371.5386277733363,66.91950000000001,0.0
83810.0,371.5386277733363,67.08487500000001,0.0
83810.0,371.5386277733363,67.25025000000001,0.0
83810.0,371.5386277733363,67.415625,0.0
83810.0,371.5386277733363,67.58100000000002,0.0
83810.0,371.5386277733363,67.74637500000001,0.0
83810.0,371.5386277733363,67.91175000000001,0.0
83810.0,371.5386277733363,68.07712500000001,0.0
83810.0,371.5386277733363,68.2425,0.0
83810.0,371.5386277733363,68.407875,0.0
83810.0,371.5386277733363,68.57325000000002,0.0
83810.0,371.5386277733363,68.73862500000001,0.0
83810.0,371.5386277733363,68.90400000000001,0.0
83810.0,371.5386277733363,69.06937500000001,0.0
83810.0,371.5386277733363,69.23475,0.0
83810.0,371.5386277733363,69.40012500000002,0.0
83810.0,371.5386277733363,69.56550000000001,0.0
83810.0,371.5386277733363,69.73087500000001,0.0
83810.0,371.5386277733363,69.89625000000001,0.0
83810.0,371.5386277733363,70.06162500000002,0.0
83810.0,371.5386277733363,70.22700000000002,0.0
83810.0,371.5386277733363,70.39237500000002,0.0
83810.0,371.5386277733363,70.55775000000001,0.0
83810.0,371.5386277733363,70.72312500000001,0.0
83810.0,371.5386277733363,70.88850000000001,0.0
83810.0,371.5386277733363,71.05387500000002,0.0
83810.0,371.5386277733363,71.21925000000002,0.0
83810.0,371.5386277733363,71.38462500000001,0.0
83810.0,371.5386277733363,71.55000000000001,0.0
83810.0,371.5386277733363,71.71537500000001,0.0
83810.0,371.5386277733363,71.88075000000002,0.0
83810.0,371.5386277733363,72.04612500000002,0.0
83810.0,371.5386277733363,72.21150000000002,0.0
83810.0,371.5386277733363,72.37687500000001,0.0
83810.0,371.5386277733363,72.54225000000001,0.0
83810.0,371.5386277733363,72.70762500000002,0.0
83810.0,371.5386277733363,72.87300000000002,0.0
83810.0,371.5386277733363,73.03837500000002,0.0
83810.0,371.5386277733363,73.20375000000001,0.0
83810.0,371.5386277733363,73.36912500000001,0.0
83810.0,371.5386277733363,73.53450000000001,0.0
83810.0,371.5386277733363,73.69987500000002,0.0
83810.0,371.5386277733363,73.86525000000002,0.0
83810.0,371.5386277733363,74.03062500000001,0.0
83810.0,371.5386277733363,74.19600000000001,0.0
83810.0,371.5386277733363,74.36137500000001,0.0
83810.0,371.5386277733363,74.52675000000002,0.0
83810.0,371.5386277733363,74.69212500000002,0.0
83810.0,371.5386277733363,74.85750000000002,0.0
83810.0,371.5386277733363,75.02287500000001,0.0
83810.0,371.5386277733363,75.18825000000001,0.0
83810.0,371.5386277733363,75.35362500000001,0.0
83810.0,371.5386277733363,75.51900000000002,0.0
83810.0,371.5386277733363,75.68437500000002,0.0
83810.0,371.5386277733363,75.84975000000001,0.0
83810.0,371.5386277733363,76.01512500000001,0.0
83810.0,371.5386277733363,76.18050000000001,0.0
83810.0,371.5386277733363,76.34587500000002,0.0
83810.0,371.5386277733363,76.51125000000002,0.0
83810.0,371.5386277733363,76.67662500000002,0.0
83810.0,371.5386277733363,76.84200000000001,0.0
83810.0,371.5386277733363,77.00737500000001,0.0
83810.0,371.5386277733363,77.17275000000002,0.0
83810.0,371.5386277733363,77.33812500000002,0.0
83810.0,371.5386277733363,77.50350000000002,0.0
83810.0,371.5386277733363,77.66887500000001,0.0
83810.0,371.5386277733363,77.83425000000001,0.0
83810.0,371.5386277733363,77.99962500000001,0.0
83810.0,371.5386277733363,78.16500000000002,0.0
83810.0,371.5386277733363,78.33037500000002,0.0
83810.0,371.5386277733363,78.49575000000002,0.0
83810.0,371.5386277733363,78.66112500000001,0.0
83810.0,371.5386277733363,78.82650000000001,0.0
83810.0,371.5386277733363,78.99187500000002,0.0
83810.0,371.5386277733363,79.15725000000002,0.0
83810.0,371.5386277733363,79.32262500000002,0.0
83810.0,371.5386277733363,79.48800000000001,0.0
83810.0,371.5386277733363,79.65337500000001,0.0
83810.0,371.5386277733363,79.81875000000001,0.0
83810.0,371.5386277733363,79.98412500000002,0.0
83810.0,371.5386277733363,80.14950000000002,0.0
83810.0,371.5386277733363,80.31487500000001,0.0
83810.0,371.5386277733363,80.48025000000001,0.0
83810.0,371.5386277733363,80.64562500000001,0.0
83810.0,371.5386277733363,80.81100000000002,0.0
83810.0,371.5386277733363,80.97637500000002,0.0
83810.0,371.5386277733363,81.14175000000002,0.0
83810.0,371.5386277733363,81.30712500000001,0.0
83810.0,371.5386277733363,81.47250000000001,0.0
83810.0,371.5386277733363,81.63787500000002,0.0
83810.0,371.5386277733363,81.80325000000002,0.0
83810.0,371.5386277733363,81.96862500000002,0.0
83810.0,371.5386277733363,82.13400000000001,0.0
83810.0,371.5386277733363,82.29937500000001,0.0
83810.0,371.5386277733363,82.46475000000001,0.0
83810.0,371.5386277733363,82.63012500000002,0.0
83810.0,371.5386277733363,82.79550000000002,0.0
83810.0,371.5386277733363,82.96087500000002,0.0
83810.0,371.5386277733363,83.12625000000001,0.0
83810.0,371.5386277733363,83.29162500000001,0.0
83810.0,371.5386277733363,83.45700000000002,0.0
83810.0,371.5386277733363,83.62237500000002,0.0
83810.0,371.5386277733363,83.78775000000002,0.0
83810.0,371.5386277733363,83.95312500000001,0.0
83810.0,371.5386277733363,84.11850000000001,0.0
83810.0,371.5386277733363,84.28387500000002,0.0
83810.0,371.5386277733363,84.44925000000002,0.0
83810.0,371.5386277733363,84.61462500000002,0.0
83810.0,371.5386277733363,84.78000000000002,0.0
83810.0,371.5386277733363,84.94537500000001,0.0
83810.0,371.5386277733363,85.11075000000001,0.0
83810.0,371.5386277733363,85.27612500000002,0.0
83810.0,371.5386277733363,85.44150000000002,0.0
83810.0,371.5386277733363,85.60687500000002,0.0
83810.0,371.5386277733363,85.77225000000001,0.0
83810.0,371.5386277733363,85.93762500000001,0.0
83810.0,371.5386277733363,86.10300000000002,0.0
83810.0,371.5386277733363,86.26837500000002,0.0
83810.0,371.5386277733363,86.43375000000002,0.0
83810.0,371.5386277733363,86.59912500000002,0.0
83810.0,371.5386277733363,86.76450000000001,0.0
83810.0,371.5386277733363,86.92987500000001,0.0
83810.0,371.5386277733363,87.09525000000002,0.0
83810.0,371.5386277733363,87.26062500000002,0.0
83810.0,371.5386277733363,87.42600000000002,0.0
83810.0,371.5386277733363,87.59137500000001,0.0
83810.0,371.5386277733363,87.75675000000001,0.0
83810.0,371.5386277733363,87.92212500000002,0.0
83810.0,371.5386277733363,88.08750000000002,0.0
83810.0,371.5386277733363,88.25287500000002,0.0
83810.0,371.5386277733363,88.41825000000001,0.0
83810.0,371.5386277733363,88.58362500000001,0.0
83810.0,371.5386277733363,88.74900000000002,0.0
83810.0,371.5386277733363,88.91437500000002,0.0
83810.0,371.5386277733363,89.07975000000002,0.0
83810.0,371.5386277733363,89.24512500000002,0.0
83810.0,371.5386277733363,89.41050000000001,0.0
83810.0,371.5386277733363,89.57587500000001,0.0
83810.0,371.5386277733363,89.74125000000002,0.0
83810.0,371.5386277733363,89.90662500000002,0.0
83810.0,371.5386277733363,90.07200000000002,0.0
83810.0,371.5386277733363,90.23737500000001,0.0
83810.0,371.5386277733363,90.40275000000001,0.0
83810.0,371.5386277733363,90.56812500000002,0.0
83810.0,371.5386277733363,90.73350000000002,0.0
83810.0,371.5386277733363,90.89887500000002,0.0
83810.0,371.5386277733363,91.06425000000002,0.0
83810.0,371.5386277733363,91.22962500000001,0.0
83810.0,371.5386277733363,91.39500000000001,0.0
83810.0,371.5386277733363,91.56037500000002,0.0
83810.0,371.5386277733363,91.72575000000002,0.0
83810.0,371.5386277733363,91.89112500000002,0.0
83810.0,371.5386277733363,92.05650000000001,0.0
83810.0,371.5386277733363,92.22187500000001,0.0
83810.0,371.5386277733363,92.38725000000002,0.0
83810.0,371.5386277733363,92.55262500000002,0.0
83810.0,371.5386277733363,92.71800000000002,0.0
83810.0,371.5386277733363,92.88337500000002,0.0
83810.0,371.5386277733363,93.04875000000001,0.0
83810.0,371.5386277733363,93.21412500000002,0.0
83810.0,371.5386277733363,93.37950000000002,0.0
83810.0,371.5386277733363,93.54487500000002,0.0
83810.0,371.5386277733363,93.71025000000002,0.0
83810.0,371.5386277733363,93.87562500000001,0.0
83810.0,371.5386277733363,94.04100000000001,0.0
83810.0,371.5386277733363,94.20637500000002,0.0
83810.0,371.5386277733363,94.37175000000002,0.0
83810.0,371.5386277733363,94.53712500000002,0.0
83810.0,371.5386277733363,94.70250000000001,0.0
83810.0,371.5386277733363,94.86787500000001,0.0
83810.0,371.5386277733363,95.03325000000002,0.0
83810.0,371.5386277733363,95.19862500000002,0.0
83810.0,371.5386277733363,95.36400000000002,0.0
83810.0,371.5386277733363,95.52937500000002,0.0
83810.0,371.5386277733363,95.69475000000001,0.0
83810.0,371.5386277733363,95.86012500000001,0.0
83810.0,371.5386277733363,96.02550000000002,0.0
83810.0,371.5386277733363,96.19087500000002,0.0
83810.0,371.5386277733363,96.35625000000002,0.0
83810.0,371.5386277733363,96.52162500000001,0.0
83810.0,371.5386277733363,96.68700000000001,0.0
83810.0,371.5386277733363,96.85237500000002,0.0
83810.0,371.5386277733363,97.01775000000002,0.0
83810.0,371.5386277733363,97.18312500000002,0.0
83810.0,371.5386277733363,97.34850000000002,0.0
83810.0,371.5386277733363,97.51387500000001,0.0
83810.0,371.5386277733363,97.67925000000002,0.0
83810.0,371.5386277733363,97.84462500000002,0.0
83810.0,371.5386277733363,98.01000000000002,0.0
83810.0,371.5386277733363,98.17537500000002,0.0
83810.0,371.5386277733363,98.34075000000001,0.0
83810.0,371.5386277733363,98.50612500000001,0.0
83810.0,371.5386277733363,98.67150000000002,0.0
83810.0,371.5386277733363,98.83687500000002,0.0
83810.0,371.5386277733363,99.00225000000002,0.0
83810.0,371.5386277733363,99.16762500000002,0.0
83810.0,371.5386277733363,99.33300000000001,0.0
83810.0,371.5386277733363,99.49837500000002,0.0
83810.0,371.5386277733363,99.66375000000002,0.0
83810.0,371.5386277733363,99.82912500000002,0.0
83810.0,371.5386277733363,99.99450000000002,0.0
83810.0,371.5386277733363,100.15987500000001,0.0
83810.0,371.5386277733363,100.32525000000003,0.0
83810.0,371.5386277733363,100.49062500000002,0.0
83810.0,371.5386277733363,100.65600000000002,0.0
83810.0,371.5386277733363,100.82137500000002,0.0
83810.0,371.5386277733363,100.98675000000001,0.0
83810.0,371.5386277733363,101.15212500000001,0.0
83810.0,371.5386277733363,101.31750000000002,0.0
83810.0,371.5386277733363,101.48287500000002,0.0
83810.0,371.5386277733363,101.64825000000002,0.0
83810.0,371.5386277733363,101.81362500000002,0.0
83810.0,371.5386277733363,101.97900000000001,0.0
83810.0,371.5386277733363,102.14437500000003,0.0
83810.0,371.5386277733363,102.30975000000002,0.0
83810.0,371.5386277733363,102.47512500000002,0.0
83810.0,371.5386277733363,102.64050000000002,0.0
83810.0,371.5386277733363,102.80587500000001,0.0
83810.0,371.5386277733363,102.97125000000001,0.0
83810.0,371.5386277733363,103.13662500000002,0.0
83810.0,371.5386277733363,103.30200000000002,0.0
83810.0,371.5386277733363,103.46737500000002,0.0
83810.0,371.5386277733363,103.63275000000002,0.0
83810.0,371.5386277733363,103.79812500000001,0.0
83810.0,371.5386277733363,103.96350000000002,0.0
83810.0,371.5386277733363,104.12887500000002,0.0
83810.0,371.5386277733363,104.29425000000002,0.0
83810.0,371.5386277733363,104.45962500000002,0.0
83810.0,371.5386277733363,104.62500000000001,0.0
83810.0,371.5386277733363,104.79037500000003,0.0
83810.0,371.5386277733363,104.95575000000002,0.0
83810.0,371.5386277733363,105.12112500000002,0.0
83810.0,371.5386277733363,105.28650000000002,0.0
83810.0,371.5386277733363,105.45187500000002,0.0
83810.0,371.5386277733363,105.61725000000001,0.0
83810.0,371.5386277733363,105.78262500000002,0.0
83810.0,371.5386277733363,105.94800000000002,0.0
83810.0,371.5386277733363,106.11337500000002,0.0
83810.0,371.5386277733363,106.27875000000002,0.0
83810.0,371.5386277733363,106.44412500000001,0.0
83810.0,371.5386277733363,106.60950000000003,0.0
83810.0,371.5386277733363,106.77487500000002,0.0
83810.0,371.5386277733363,106.94025000000002,0.0
83810.0,371.5386277733363,107.10562500000002,0.0
83810.0,371.5386277733363,107.27100000000002,0.0
83810.0,371.5386277733363,107.43637500000001,0.0
83810.0,371.5386277733363,107.60175000000002,0.0
83810.0,371.5386277733363,107.76712500000002,0.0
83810.0,371.5386277733363,107.93250000000002,0.0
83810.0,371.5386277733363,108.09787500000002,0.0
83810.0,371.5386277733363,108.26325000000001,0.0
83810.0,371.5386277733363,108.42862500000003,0.0
83810.0,371.5386277733363,108.59400000000002,0.0
83810.0,371.5386277733363,108.75937500000002,0.0
83810.0,371.5386277733363,108.92475000000002,0.0
83810.0,371.5386277733363,109.09012500000001,0.0
83810.0,371.5386277733363,109.25550000000003,0.0
83810.0,371.5386277733363,109.42087500000002,0.0
83810.0,371.5386277733363,109.58625000000002,0.0
83810.0,371.5386277733363,109.75162500000002,0.0
83810.0,371.5386277733363,109.91700000000002,0.0
83810.0,371.5386277733363,110.08237500000001,0.0
83810.0,371.5386277733363,110.24775000000002,0.0
83810.0,371.5386277733363,110.41312500000002,0.0
83810.0,371.5386277733363,110.57850000000002,0.0
83810.0,371.5386277733363,110.74387500000002,0.0
83810.0,371.5386277733363,110.90925000000001,0.0
83810.0,371.5386277733363,111.07462500000003,0.0
83810.0,371.5386277733363,111.24000000000002,0.0
83810.0,371.5386277733363,111.40537500000002,0.0
83810.0,371.5386277733363,111.57075000000002,0.0
83810.0,371.5386277733363,111.73612500000002,0.0
83810.0,371.5386277733363,111.90150000000001,0.0
83810.0,371.5386277733363,112.06687500000002,0.0
83810.0,371.5386277733363,112.23225000000002,0.0
83810.0,371.5386277733363,112.39762500000002,0.0
83810.0,371.5386277733363,112.56300000000002,0.0
83810.0,371.5386277733363,112.72837500000001,0.0
83810.0,371.5386277733363,112.89375000000003,0.0
83810.0,371.5386277733363,113.05912500000002,0.0
83810.0,371.5386277733363,113.22450000000002,0.0
83810.0,371.5386277733363,113.38987500000002,0.0
83810.0,371.5386277733363,113.55525000000002,0.0
83810.0,371.5386277733363,113.72062500000003,0.0
83810.0,371.5386277733363,113.88600000000002,0.0
83810.0,371.5386277733363,114.05137500000002,0.0
83810.0,371.5386277733363,114.21675000000002,0.0
83810.0,371.5386277733363,114.38212500000002,0.0
83810.0,371.5386277733363,114.54750000000001,0.0
83810.0,371.5386277733363,114.71287500000003,0.0
83810.0,371.5386277733363,114.87825000000002,0.0
83810.0,371.5386277733363,115.04362500000002,0.0
83810.0,371.5386277733363,115.20900000000002,0.0
83810.0,371.5386277733363,115.37437500000001,0.0
83810.0,371.5386277733363,115.53975000000003,0.0
83810.0,371.5386277733363,115.70512500000002,0.0
83810.0,371.5386277733363,115.87050000000002,0.0
83810.0,371.5386277733363,116.03587500000002,0.0
83810.0,371.5386277733363,116.20125000000002,0.0
83810.0,371.5386277733363,116.36662500000003,0.0
83810.0,371.5386277733363,116.53200000000002,0.0
83810.0,371.5386277733363,116.69737500000002,0.0
83810.0,371.5386277733363,116.86275000000002,0.0
83810.0,371.5386277733363,117.02812500000002,0.0
83810.0,371.5386277733363,117.19350000000001,0.0
83810.0,371.5386277733363,117.35887500000003,0.0
83810.0,371.5386277733363,117.52425000000002,0.0
83810.0,371.5386277733363,117.68962500000002,0.0
83810.0,371.5386277733363,117.85500000000002,0.0
83810.0,371.5386277733363,118.02037500000002,0.0
83810.0,371.5386277733363,118.18575000000003,0.0
83810.0,371.5386277733363,118.35112500000002,0.0
83810.0,371.5386277733363,118.51650000000002,0.0
83810.0,371.5386277733363,118.68187500000002,0.0
83810.0,371.5386277733363,118.84725000000002,0.0
83810.0,371.5386277733363,119.01262500000001,0.0
83810.0,371.5386277733363,119.17800000000003,0.0
83810.0,371.5386277733363,119.34337500000002,0.0
83810.0,371.5386277733363,119.50875000000002,0.0
83810.0,371.5386277733363,119.67412500000002,0.0
83810.0,371.5386277733363,119.83950000000002,0.0
83810.0,371.5386277733363,120.00487500000003,0.0
83810.0,371.5386277733363,120.17025000000002,0.0
83810.0,371.5386277733363,120.33562500000002,0.0
83810.0,371.5386277733363,120.50100000000002,0.0
83810.0,371.5386277733363,120.66637500000002,0.0
83810.0,371.5386277733363,120.83175000000003,0.0
83810.0,371.5386277733363,120.99712500000003,0.0
83810.0,371.5386277733363,121.16250000000002,0.0
83810.0,371.5386277733363,121.32787500000002,0.0
83810.0,371.5386277733363,121.49325000000002,0.0
83810.0,371.5386277733363,121.65862500000001,0.0
83810.0,371.5386277733363,121.82400000000003,0.0
83810.0,371.5386277733363,121.98937500000002,0.0
83810.0,371.5386277733363,122.15475000000002,0.0
83810.0,371.5386277733363,122.32012500000002,0.0
83810.0,371.5386277733363,122.48550000000002,0.0
83810.0,371.5386277733363,122.65087500000003,0.0
83810.0,371.5386277733363,122.81625000000003,0.0
83810.0,371.5386277733363,122.98162500000002,0.0
83810.0,371.5386277733363,123.14700000000002,0.0
83810.0,371.5386277733363,123.31237500000002,0.0
83810.0,371.5386277733363,123.47775000000001,0.0
83810.0,371.5386277733363,123.64312500000003,0.0
83810.0,371.5386277733363,123.80850000000002,0.0
83810.0,371.5386277733363,123.97387500000002,0.0
83810.0,371.5386277733363,124.13925000000002,0.0
83810.0,371.5386277733363,124.30462500000002,0.0
83810.0,371.5386277733363,124.47000000000003,0.0
83810.0,371.5386277733363,124.63537500000002,0.0
83810.0,371.5386277733363,124.80075000000002,0.0
83810.0,371.5386277733363,124.96612500000002,0.0
83810.0,371.5386277733363,125.13150000000002,0.0
83810.0,371.5386277733363,125.29687500000003,0.0
83810.0,371.5386277733363,125.46225000000003,0.0
83810.0,371.5386277733363,125.62762500000002,0.0
83810.0,371.5386277733363,125.79300000000002,0.0
83810.0,371.5386277733363,125.95837500000002,0.0
83810.0,371.5386277733363,126.12375000000002,0.0
83810.0,371.5386277733363,126.28912500000003,0.0
83810.0,371.5386277733363,126.45450000000002,0.0
83810.0,371.5386277733363,126.61987500000002,0.0
83810.0,371.5386277733363,126.78525000000002,0.0
83810.0,371.5386277733363,126.95062500000002,0.0
83810.0,371.5386277733363,127.11600000000003,0.0
83810.0,371.5386277733363,127.28137500000003,0.0
83810.0,371.5386277733363,127.44675000000002,0.0
83810.0,371.5386277733363,127.61212500000002,0.0
83810.0,371.5386277733363,127.77750000000002,0.0
83810.0,371.5386277733363,127.94287500000002,0.0
83810.0,371.5386277733363,128.10825000000003,0.0
83810.0,371.5386277733363,128.273625,0.0
83810.0,371.5386277733363,128.43900000000002,0.0
83810.0,371.5386277733363,128.604375,0.0
83810.0,371.5386277733363,128.76975000000002,0.0
83810.0,371.5386277733363,128.93512500000003,0.0
83810.0,371.5386277733363,129.1005,0.0
83810.0,371.5386277733363,129.26587500000002,0.0
83810.0,371.5386277733363,129.43125,0.0
83810.0,371.5386277733363,129.59662500000002,0.0
83810.0,371.5386277733363,129.76200000000003,0.0
83810.0,371.5386277733363,129.927375,0.0
83810.0,371.5386277733363,130.09275000000002,0.0
83810.0,371.5386277733363,130.258125,0.0
83810.0,371.5386277733363,130.42350000000002,0.0
83810.0,371.5386277733363,130.588875,0.0
83810.0,371.5386277733363,130.75425,0.0
83810.0,371.5386277733363,130.91962500000002,0.0
83810.0,371.5386277733363,131.085,0.0
83810.0,371.5386277733363,131.25037500000002,0.0
83810.0,371.5386277733363,131.41575,0.0
83810.0,371.5386277733363,131.58112500000001,0.0
83810.0,371.5386277733363,131.74650000000003,0.0
83810.0,371.5386277733363,131.911875,0.0
83810.0,371.5386277733363,132.07725000000002,0.0
83810.0,371.5386277733363,132.242625,0.0
83810.0,371.5386277733363,132.40800000000002,0.0
83810.0,371.5386277733363,132.57337500000003,0.0
83810.0,371.5386277733363,132.73875,0.0
83810.0,371.5386277733363,132.90412500000002,0.0
83810.0,371.5386277733363,133.0695,0.0
83810.0,371.5386277733363,133.23487500000002,0.0
83810.0,371.5386277733363,133.40025000000003,0.0
83810.0,371.5386277733363,133.565625,0.0
83810.0,371.5386277733363,133.73100000000002,0.0
83810.0,371.5386277733363,133.89637500000003,0.0
83810.0,371.5386277733363,134.06175000000002,0.0
83810.0,371.5386277733363,134.22712500000003,0.0
83810.0,371.5386277733363,134.3925,0.0
83810.0,371.5386277733363,134.55787500000002,0.0
83810.0,371.5386277733363,134.72325000000004,0.0
83810.0,371.5386277733363,134.88862500000002,0.0
83810.0,371.5386277733363,135.05400000000003,0.0
83810.0,371.5386277733363,135.219375,0.0
83810.0,371.5386277733363,135.38475000000003,0.0
83810.0,371.5386277733363,135.55012500000004,0.0
83810.0,371.5386277733363,135.71550000000002,0.0
83810.0,371.5386277733363,135.88087500000003,0.0
83810.0,371.5386277733363,136.04625000000001,0.0
83810.0,371.5386277733363,136.21162500000003,0.0
83810.0,371.5386277733363,136.377,0.0
83810.0,371.5386277733363,136.54237500000002,0.0
83810.0,371.5386277733363,136.70775000000003,0.0
83810.0,371.5386277733363,136.87312500000002,0.0
83810.0,371.5386277733363,137.03850000000003,0.0
83810.0,371.5386277733363,137.203875,0.0
83810.0,371.5386277733363,137.36925000000002,0.0
83810.0,371.5386277733363,137.53462500000003,0.0
83810.0,371.5386277733363,137.70000000000002,0.0
83810.0,371.5386277733363,137.86537500000003,0.0
83810.0,371.5386277733363,138.03075,0.0
83810.0,371.5386277733363,138.19612500000002,0.0
83810.0,371.5386277733363,138.36150000000004,0.0
83810.0,371.5386277733363,138.52687500000002,0.0
83810.0,371.5386277733363,138.69225000000003,0.0
83810.0,371.5386277733363,138.857625,0.0
83810.0,371.5386277733363,139.02300000000002,0.0
83810.0,371.5386277733363,139.18837500000004,0.0
83810.0,371.5386277733363,139.35375000000002,0.0
83810.0,371.5386277733363,139.51912500000003,0.0
83810.0,371.5386277733363,139.6845,0.0
83810.0,371.5386277733363,139.84987500000003,0.0
83810.0,371.5386277733363,140.01525000000004,0.0
83810.0,371.5386277733363,140.18062500000002,0.0
83810.0,371.5386277733363,140.34600000000003,0.0
83810.0,371.5386277733363,140.51137500000002,0.0
83810.0,371.5386277733363,140.67675000000003,0.0
83810.0,371.5386277733363,140.842125,0.0
83810.0,371.5386277733363,141.00750000000002,0.0
83810.0,371.5386277733363,141.17287500000003,0.0
83810.0,371.5386277733363,141.33825000000002,0.0
83810.0,371.5386277733363,141.50362500000003,0.0
83810.0,371.5386277733363,141.669,0.0
83810.0,371.5386277733363,141.83437500000002,0.0
83810.0,371.5386277733363,141.99975000000003,0.0
83810.0,371.5386277733363,142.16512500000002,0.0
83810.0,371.5386277733363,142.33050000000003,0.0
83810.0,371.5386277733363,142.495875,0.0
83810.0,371.5386277733363,142.66125000000002,0.0
83810.0,371.5386277733363,142.82662500000004,0.0
83810.0,371.5386277733363,142.99200000000002,0.0
83810.0,371.5386277733363,143.15737500000003,0.0
83810.0,371.5386277733363,143.32275,0.0
83810.0,371.5386277733363,143.48812500000003,0.0
83810.0,371.5386277733363,143.65350000000004,0.0
83810.0,371.5386277733363,143.81887500000002,0.0
83810.0,371.5386277733363,143.98425000000003,0.0
83810.0,371.5386277733363,144.14962500000001,0.0
83810.0,371.5386277733363,144.31500000000003,0.0
83810.0,371.5386277733363,144.48037500000004,0.0
83810.0,371.5386277733363,144.64575000000002,4.086812603639665e-10
83810.0,371.5386277733363,144.81112500000003,1.194886733056111e-08
83810.0,371.5386277733363,144.97650000000002,4.977476346140606e-08
83810.0,371.5386277733363,145.14187500000003,1.3424087847015842e-07
83810.0,371.5386277733363,145.30725,2.656014800280366e-07
83810.0,371.5386277733363,145.47262500000002,4.4356277106133363e-07
83810.0,371.5386277733363,145.63800000000003,6.7348024969954e-07
83810.0,371.5386277733363,145.80337500000002,9.77838991459431e-07
83810.0,371.5386277733363,145.96875000000003,1.3585600899166647e-06
83810.0,371.5386277733363,146.134125,1.8151314185837785e-06
83810.0,371.5386277733363,146.29950000000002,2.3470331269146116e-06
83810.0,371.5386277733363,146.46487500000003,2.953737807580041e-06
83810.0,371.5386277733363,146.63025000000002,3.634710658164445e-06
83810.0,371.5386277733363,146.79562500000003,4.39620034187493e-06
83810.0,371.5386277733363,146.961,5.259075576700203e-06
83810.0,371.5386277733363,147.12637500000002,6.224168263994631e-06
83810.0,371.5386277733363,147.29175000000004,7.290709568709326e-06
83810.0,371.5386277733363,147.45712500000002,8.457921272557213e-06
83810.0,371.5386277733363,147.62250000000003,9.725015994544454e-06
83810.0,371.5386277733363,147.787875,1.109119741120217e-05
83810.0,371.5386277733363,147.95325000000003,1.2555660476590453e-05
83810.0,371.5386277733363,148.11862500000004,1.4117591638767458e-05
83810.0,371.5386277733363,148.28400000000002,1.5776530922832163e-05
83810.0,371.5386277733363,148.44937500000003,1.7549667538513236e-05
83810.0,371.5386277733363,148.61475000000002,1.944604717775107e-05
83810.0,371.5386277733363,148.78012500000003,2.146461212425416e-05
83810.0,371.5386277733363,148.94550000000004,2.3604294819086177e-05
83810.0,371.5386277733363,149.11087500000002,2.5864018130609588e-05
83810.0,371.5386277733363,149.27625000000003,2.824269561794109e-05
83810.0,371.5386277733363,149.44162500000002,3.073923179722306e-05
83810.0,371.5386277733363,149.60700000000003,3.335252240330166e-05
83810.0,371.5386277733363,149.772375,3.6085112231109305e-05
83810.0,371.5386277733363,149.93775000000002,3.894711700556083e-05
83810.0,371.5386277733363,150.10312500000003,4.1957544725439165e-05
83810.0,371.5386277733363,150.26850000000002,4.512584975617602e-05
83810.0,371.5386277733363,150.43387500000003,4.846906763324119e-05
83810.0,371.5386277733363,150.59925,5.199282031667394e-05
83810.0,371.5386277733363,150.76462500000002,5.5702287773249216e-05
83810.0,371.5386277733363,150.93000000000004,5.9616690425710256e-05
83810.0,371.5386277733363,151.09537500000002,6.373558053640623e-05
83810.0,371.5386277733363,151.26075000000003,6.805702848028081e-05
83810.0,371.5386277733363,151.426125,7.257909067249482e-05
83810.0,371.5386277733363,151.59150000000002,7.729981000217908e-05
83810.0,371.5386277733363,151.75687500000004,8.221721626640225e-05
83810.0,371.5386277733363,151.92225000000002,8.733034176393602e-05
83810.0,371.5386277733363,152.08762500000003,9.265682504943566e-05
83810.0,371.5386277733363,152.25300000000001,9.820204907926716e-05
83810.0,371.5386277733363,152.41837500000003,0.00010396378602550757
83810.0,371.5386277733363,152.58375000000004,0.00010994063418109061
83810.0,371.5386277733363,152.74912500000002,0.00011614740873707476
83810.0,371.5386277733363,152.91450000000003,0.00012258840213001142
83810.0,371.5386277733363,153.07987500000002,0.0001292611133070741
83810.0,371.5386277733363,153.24525000000003,0.0001361630284457566
83810.0,371.5386277733363,153.41062500000004,0.00014329162144929213
83810.0,371.5386277733363,153.57600000000002,0.00015064443101957175
83810.0,371.5386277733363,153.74137500000003,0.00015823414938858144
83810.0,371.5386277733363,153.90675000000002,0.00016606949297409874
83810.0,371.5386277733363,154.07212500000003,0.00017414767712011945
83810.0,371.5386277733363,154.2375,0.0001824659054796985
83810.0,371.5386277733363,154.40287500000002,0.0001910213705370965
83810.0,371.5386277733363,154.56825000000003,0.00019981125413046086
83810.0,371.5386277733363,154.73362500000002,0.00020883272796279315
83810.0,371.5386277733363,154.89900000000003,0.00021808295411767766
83810.0,371.5386277733363,155.064375,0.0002275590855588591
83810.0,371.5386277733363,155.22975000000002,0.0002372651619543782
83810.0,371.5386277733363,155.39512500000004,0.00024723831498017394
83810.0,371.5386277733363,155.56050000000002,0.0002575053693531401
83810.0,371.5386277733363,155.72587500000003,0.0002681013626304913
83810.0,371.5386277733363,155.89125,0.00027904079254023324
83810.0,371.5386277733363,156.05662500000003,0.0002903255586932863
83810.0,371.5386277733363,156.22200000000004,0.00030195167521709703
83810.0,371.5386277733363,156.38737500000002,0.0003139472423237547
83810.0,371.5386277733363,156.55275000000003,0.000326335653973066
83810.0,371.5386277733363,156.71812500000001,0.0003391123887275499
83810.0,371.5386277733363,156.88350000000003,0.0003522729088932577
83810.0,371.5386277733363,157.04887500000004,0.0003658126613287789
83810.0,371.5386277733363,157.21425000000002,0.0003797270782433692
83810.0,371.5386277733363,157.37962500000003,0.0003940115779831881
83810.0,371.5386277733363,157.54500000000002,0.0004086616702325474
83810.0,371.5386277733363,157.71037500000003,0.0004237047363063448
83810.0,371.5386277733363,157.87575000000004,0.0004391612168736076
83810.0,371.5386277733363,158.04112500000002,0.0004550286055040254
83810.0,371.5386277733363,158.20650000000003,0.00047132454533823964
83810.0,371.5386277733363,158.37187500000002,0.0004880766922761692
83810.0,371.5386277733363,158.53725000000003,0.0005053115412365238
83810.0,371.5386277733363,158.70262500000004,0.0005230402554814585
83810.0,371.5386277733363,158.86800000000002,0.000541256751914555
83810.0,371.5386277733363,159.03337500000004,0.0005599549322523
83810.0,371.5386277733363,159.19875000000002,0.0005791288158898558
83810.0,371.5386277733363,159.36412500000003,0.0005987964373853747
83810.0,371.5386277733363,159.5295,0.0006190003478698036
83810.0,371.5386277733363,159.69487500000002,0.00063975650466428
83810.0,371.5386277733363,159.86025000000004,0.000661057949620468
83810.0,371.5386277733363,160.02562500000002,0.0006828977097435209
83810.0,371.5386277733363,160.19100000000003,0.0007052687982928482
83810.0,371.5386277733363,160.356375,0.0007281642158776812
83810.0,371.5386277733363,160.52175000000003,0.0007515769515306299
83810.0,371.5386277733363,160.68712500000004,0.0007755124041788765
83810.0,371.5386277733363,160.85250000000002,0.0007999900993610803
83810.0,371.5386277733363,161.01787500000003,0.0008250101343770431
83810.0,371.5386277733363,161.18325000000002,0.0008505920377652157
83810.0,371.5386277733363,161.34862500000003,0.0008767356900035953
83810.0,371.5386277733363,161.51400000000004,0.0009034351399495209
83810.0,371.5386277733363,161.67937500000002,0.0009306904240246711
83810.0,371.5386277733363,161.84475000000003,0.0009585305584690823
83810.0,371.5386277733363,162.01012500000002,0.000986958970804281
83810.0,371.5386277733363,162.17550000000003,0.0010159672555490465
83810.0,371.5386277733363,162.34087500000004,0.0010455471611730853
83810.0,371.5386277733363,162.50625000000002,0.0010756975515101251
83810.0,371.5386277733363,162.67162500000003,0.0011064396581836476
83810.0,371.5386277733363,162.83700000000002,0.0011377721770253484
83810.0,371.5386277733363,163.00237500000003,0.001169686293486846
83810.0,371.5386277733363,163.16775000000004,0.0012021731914426794
83810.0,371.5386277733363,163.33312500000002,0.0012352240543678456
83810.0,371.5386277733363,163.49850000000004,0.0012688300664985943
83810.0,371.5386277733363,163.66387500000002,0.001302982413979851
83810.0,371.5386277733363,163.82925000000003,0.001337673416682993
83810.0,371.5386277733363,163.994625,0.0013729076025141519
83810.0,371.5386277733363,164.16000000000003,0.001408692627380771
83810.0,371.5386277733363,164.32537500000004,0.001445029457132627
83810.0,371.5386277733363,164.49075000000002,0.001481939501797144
83810.0,371.5386277733363,164.65612500000003,0.0015194481186980762
83810.0,371.5386277733363,164.82150000000001,0.001557563438059861
83810.0,371.5386277733363,164.98687500000003,0.0015963177443712585
83810.0,371.5386277733363,165.15225000000004,0.0016357168776636563
83810.0,371.5386277733363,165.31762500000002,0.0016757503118273974
83810.0,371.5386277733363,165.48300000000003,0.0017164075293001947
83810.0,371.5386277733363,165.64837500000002,0.001757682285410002
83810.0,371.5386277733363,165.81375000000003,0.0017995954703737152
83810.0,371.5386277733363,165.97912500000004,0.0018421466112336004
83810.0,371.5386277733363,166.14450000000002,0.001885325159430394
83810.0,371.5386277733363,166.30987500000003,0.001929120255023216
83810.0,371.5386277733363,166.47525000000002,0.0019735210519737237
83810.0,371.5386277733363,166.64062500000003,0.002018516719391603
83810.0,371.5386277733363,166.80600000000004,0.0020641032703427498
83810.0,371.5386277733363,166.97137500000002,0.002110277235156774
83810.0,371.5386277733363,167.13675000000003,0.0021570316055673075
83810.0,371.5386277733363,167.30212500000002,0.0022043886945806754
83810.0,371.5386277733363,167.46750000000003,0.002252363290544164
83810.0,371.5386277733363,167.63287500000004,0.0023009735221615982
83810.0,371.5386277733363,167.79825000000002,0.002350227621152069
83810.0,371.5386277733363,167.96362500000004,0.0024001276203264883
83810.0,371.5386277733363,168.12900000000002,0.0024506618750360113
83810.0,371.5386277733363,168.29437500000003,0.002501821643837148
83810.0,371.5386277733363,168.45975,0.0025535993852127204
83810.0,371.5386277733363,168.62512500000003,0.00260598314318495
83810.0,371.5386277733363,168.79050000000004,0.0026589607746671374
83810.0,371.5386277733363,168.95587500000002,0.002712520166566117
83810.0,371.5386277733363,169.12125000000003,0.002766649762906829
83810.0,371.5386277733363,169.28662500000002,0.0028213597301377817
83810.0,371.5386277733363,169.45200000000003,0.002876664067646276
83810.0,371.5386277733363,169.61737500000004,0.0029325520465218104
83810.0,371.5386277733363,169.78275000000002,0.002989011174132016
83810.0,371.5386277733363,169.94812500000003,0.003046028994349212
83810.0,371.5386277733363,170.11350000000002,0.0031035930887288394
83810.0,371.5386277733363,170.27887500000003,0.0031616910776629753
83810.0,371.5386277733363,170.44425000000004,0.0032203123495384025
83810.0,371.5386277733363,170.60962500000002,0.00327945531593368
83810.0,371.5386277733363,170.77500000000003,0.0033391202679928385
83810.0,371.5386277733363,170.94037500000002,0.003399331928427392
83810.0,371.5386277733363,171.10575000000003,0.0034600949862614127
83810.0,371.5386277733363,171.27112500000004,0.003521399173845028
83810.0,371.5386277733363,171.43650000000002,0.0035832345249839016
83810.0,371.5386277733363,171.60187500000004,0.0036455963005062454
83810.0,371.5386277733363,171.76725000000002,0.0037084767158066098
83810.0,371.5386277733363,171.93262500000003,0.003771886637204886
83810.0,371.5386277733363,172.09800000000004,0.00383581840224795
83810.0,371.5386277733363,172.26337500000002,0.003900258666142255
83810.0,371.5386277733363,172.42875000000004,0.003965194137844334
83810.0,371.5386277733363,172.59412500000002,0.004030611581130539
83810.0,371.5386277733363,172.75950000000003,0.004096497871322272
83810.0,371.5386277733363,172.92487500000001,0.00416284137897583
83810.0,371.5386277733363,173.09025000000003,0.004229630139440984
83810.0,371.5386277733363,173.25562500000004,0.004296858685158069
83810.0,371.5386277733363,173.42100000000002,0.004364516622068687
83810.0,371.5386277733363,173.58637500000003,0.0044325964392935525
83810.0,371.5386277733363,173.75175000000002,0.004501091943686088
83810.0,371.5386277733363,173.91712500000003,0.004569990031299766
83810.0,371.5386277733363,174.08250000000004,0.004639277642661168
83810.0,371.5386277733363,174.24787500000002,0.004708957003786338
83810.0,371.5386277733363,174.41325000000003,0.004779053482297539
83810.0,371.5386277733363,174.57862500000002,0.004849569254124109
83810.0,371.5386277733363,174.74400000000003,0.004920496219440669
83810.0,371.5386277733363,174.90937500000004,0.00499183173561944
83810.0,371.5386277733363,175.07475000000002,0.005063579692595333
83810.0,371.5386277733363,175.24012500000003,0.005135726454646248
83810.0,371.5386277733363,175.40550000000002,0.0052082582300711725
83810.0,371.5386277733363,175.57087500000003,0.00528116203708098
83810.0,371.5386277733363,175.73625000000004,0.005354425515654215
83810.0,371.5386277733363,175.90162500000002,0.005428035077031785
83810.0,371.5386277733363,176.06700000000004,0.005501977186667746
83810.0,371.5386277733363,176.23237500000002,0.0055762383904147915
83810.0,371.5386277733363,176.39775000000003,0.005650811023428765
83810.0,371.5386277733363,176.56312500000004,0.005725687024372264
83810.0,371.5386277733363,176.72850000000003,0.005800853078469929
83810.0,371.5386277733363,176.89387500000004,0.005876295896685254
83810.0,371.5386277733363,177.05925000000002,0.0059520022643155335
83810.0,371.5386277733363,177.22462500000003,0.006027959050623858
83810.0,371.5386277733363,177.39000000000001,0.006104153209544983
83810.0,371.5386277733363,177.55537500000003,0.006180571780368953
83810.0,371.5386277733363,177.72075000000004,0.006257208818527752
83810.0,371.5386277733363,177.88612500000002,0.006334070456504738
83810.0,371.5386277733363,178.05150000000003,0.006411157539851998
83810.0,371.5386277733363,178.21687500000002,0.006488467096823522
83810.0,371.5386277733363,178.38225000000003,0.006565996578356887
83810.0,371.5386277733363,178.54762500000004,0.006643748772685702
83810.0,371.5386277733363,178.71300000000002,0.006721712751785325
83810.0,371.5386277733363,178.87837500000003,0.006799883795737716
83810.0,371.5386277733363,179.04375000000002,0.0068782495807949
83810.0,371.5386277733363,179.20912500000003,0.006956796864315633
83810.0,371.5386277733363,179.37450000000004,0.0070355124990957845
83810.0,371.5386277733363,179.53987500000002,0.007114383433936511
83810.0,371.5386277733363,179.70525000000004,0.007193396714197647
83810.0,371.5386277733363,179.87062500000002,0.007272539482332698
83810.0,371.5386277733363,180.03600000000003,0.007351798978410172
83810.0,371.5386277733363,180.20137500000004,0.00743116254061298
83810.0,371.5386277733363,180.36675000000002,0.00751061760572031
83810.0,371.5386277733363,180.53212500000004,0.007590153483434095
83810.0,371.5386277733363,180.69750000000002,0.007669764471279219
83810.0,371.5386277733363,180.86287500000003,0.007749438852721204
83810.0,371.5386277733363,181.02825000000004,0.00782916576700786
83810.0,371.5386277733363,181.19362500000003,0.007908949852778359
83810.0,371.5386277733363,181.35900000000004,0.007988783555598785
83810.0,371.5386277733363,181.52437500000002,0.008068654527629358
83810.0,371.5386277733363,181.68975000000003,0.008148561565243743
83810.0,371.5386277733363,181.85512500000002,0.008228507441276149
83810.0,371.5386277733363,182.02050000000003,0.008308482286691725
83810.0,371.5386277733363,182.18587500000004,0.0083884862668518
83810.0,371.5386277733363,182.35125000000002,0.008468521354457815
83810.0,371.5386277733363,182.51662500000003,0.008548576350427594
83810.0,371.5386277733363,182.68200000000002,0.008628639226548109
83810.0,371.5386277733363,182.84737500000003,0.00870869767454755
83810.0,371.5386277733363,183.01275000000004,0.008788739496186984
83810.0,371.5386277733363,183.17812500000002,0.008868752603547794
83810.0,371.5386277733363,183.34350000000003,0.008948725020225265
83810.0,371.5386277733363,183.50887500000002,0.00902864490350038
83810.0,371.5386277733363,183.67425000000003,0.009108500527737349
83810.0,371.5386277733363,183.83962500000004,0.009188280322516357
83810.0,371.5386277733363,184.00500000000002,0.009267972796392467
83810.0,371.5386277733363,184.17037500000004,0.00934757155023558
83810.0,371.5386277733363,184.33575000000002,0.00942707941386059
83810.0,371.5386277733363,184.50112500000003,0.009506485754768191
83810.0,371.5386277733363,184.66650000000004,0.009585779173102472
83810.0,371.5386277733363,184.83187500000003,0.00966494838306985
83810.0,371.5386277733363,184.99725000000004,0.009743982243506416
83810.0,371.5386277733363,185.16262500000002,0.00982287227076273
83810.0,371.5386277733363,185.32800000000003,0.009901618835880897
83810.0,371.5386277733363,185.49337500000004,0.009980212266290424
83810.0,371.5386277733363,185.65875000000003,0.010058641616235396
83810.0,371.5386277733363,185.82412500000004,0.01013689692364672
83810.0,371.5386277733363,185.98950000000002,0.010214969383021933
83810.0,371.5386277733363,186.15487500000003,0.010292852080381226
83810.0,371.5386277733363,186.32025000000002,0.010370547849535922
83810.0,371.5386277733363,186.48562500000003,0.010448048030562906
83810.0,371.5386277733363,186.65100000000004,0.010525342623893165
83810.0,371.5386277733363,186.81637500000002,0.0106024268874207
83810.0,371.5386277733363,186.98175000000003,0.010679302158390594
83810.0,371.5386277733363,187.14712500000002,0.010755958302872983
83810.0,371.5386277733363,187.31250000000003,0.01083238497202003
83810.0,371.5386277733363,187.47787500000004,0.010908571918044674
83810.0,371.5386277733363,187.64325000000002,0.010984508991908294
83810.0,371.5386277733363,187.80862500000003,0.011060186163556631
83810.0,371.5386277733363,187.97400000000002,0.011135593521861845
83810.0,371.5386277733363,188.13937500000003,0.01121072127456211
83810.0,371.5386277733363,188.30475000000004,0.01128555974817811
83810.0,371.5386277733363,188.47012500000002,0.011360104974222324
83810.0,371.5386277733363,188.63550000000004,0.01143435492965052
83810.0,371.5386277733363,188.80087500000002,0.011508303087873437
83810.0,371.5386277733363,188.96625000000003,0.011581951901321457
83810.0,371.5386277733363,189.13162500000004,0.011655293082671499
83810.0,371.5386277733363,189.29700000000003,0.011728317190459777
83810.0,371.5386277733363,189.46237500000004,0.011801014948172657
83810.0,371.5386277733363,189.62775000000002,0.011873378759620237
83810.0,371.5386277733363,189.79312500000003,0.011945400341923516
83810.0,371.5386277733363,189.95850000000004,0.01201707069784262
83810.0,371.5386277733363,190.12387500000003,0.012088387490261523
83810.0,371.5386277733363,190.28925000000004,0.012159358568057405
83810.0,371.5386277733363,190.45462500000002,0.01222998244697724
83810.0,371.5386277733363,190.62000000000003,0.012300255523699751
83810.0,371.5386277733363,190.78537500000002,0.012370171416001259
83810.0,371.5386277733363,190.95075000000003,0.012439721368647872
83810.0,371.5386277733363,191.11612500000004,0.012508896686996363
83810.0,371.5386277733363,191.28150000000002,0.012577695727336682
83810.0,371.5386277733363,191.44687500000003,0.012646114267833544
83810.0,371.5386277733363,191.61225000000002,0.012714143705065326
83810.0,371.5386277733363,191.77762500000003,0.01278177555270594
83810.0,371.5386277733363,191.94300000000004,0.012849001447303157
83810.0,371.5386277733363,192.10837500000002,0.012915813147989787
83810.0,371.5386277733363,192.27375000000004,0.012982202536182569
83810.0,371.5386277733363,192.43912500000002,0.013048161615274997
83810.0,371.5386277733363,192.60450000000003,0.013113682510323526
83810.0,371.5386277733363,192.76987500000004,0.013178757468476653
83810.0,371.5386277733363,192.93525000000002,0.013243379046364842
83810.0,371.5386277733363,193.10062500000004,0.013307541262593401
83810.0,371.5386277733363,193.26600000000002,0.01337123733932694
83810.0,371.5386277733363,193.43137500000003,0.01343446695851138
83810.0,371.5386277733363,193.59675000000004,0.013497225912369508
83810.0,371.5386277733363,193.76212500000003,0.013559506954747386
83810.0,371.5386277733363,193.92750000000004,0.013621302959738808
83810.0,371.5386277733363,194.09287500000002,0.013682606994928485
83810.0,371.5386277733363,194.25825000000003,0.013743419781492948
83810.0,371.5386277733363,194.42362500000004,0.013803739493696903
83810.0,371.5386277733363,194.58900000000003,0.013863559320504815
83810.0,371.5386277733363,194.75437500000004,0.013922878204385047
83810.0,371.5386277733363,194.91975000000002,0.013981693472925865
83810.0,371.5386277733363,195.08512500000003,0.014039999360548618
83810.0,371.5386277733363,195.25050000000005,0.01409779284988811
83810.0,371.5386277733363,195.41587500000003,0.014155068539575587
83810.0,371.5386277733363,195.58125000000004,0.014211820020673649
83810.0,371.5386277733363,195.74662500000002,0.014268041005346838
83810.0,371.5386277733363,195.91200000000003,0.01432372565790307
83810.0,371.5386277733363,196.07737500000002,0.014378869248867067
83810.0,371.5386277733363,196.24275000000003,0.014433465964554635
83810.0,371.5386277733363,196.40812500000004,0.014487509953522245
83810.0,371.5386277733363,196.57350000000002,0.014540995480806366
83810.0,371.5386277733363,196.73887500000004,0.014593916927413294
83810.0,371.5386277733363,196.90425000000002,0.014646268805787614
83810.0,371.5386277733363,197.06962500000003,0.014698045752681056
83810.0,371.5386277733363,197.23500000000004,0.014749242493721976
83810.0,371.5386277733363,197.40037500000003,0.014799853868083974
83810.0,371.5386277733363,197.56575000000004,0.014849874828303938
83810.0,371.5386277733363,197.73112500000002,0.014899300449093343
83810.0,371.5386277733363,197.89650000000003,0.01494813170343253
83810.0,371.5386277733363,198.06187500000004,0.014996368683294889
83810.0,371.5386277733363,198.22725000000003,0.015044007233839665
83810.0,371.5386277733363,198.39262500000004,0.01509104362848779
83810.0,371.5386277733363,198.55800000000002,0.01513747329131924
83810.0,371.5386277733363,198.72337500000003,0.01518329174684409
83810.0,371.5386277733363,198.88875000000004,0.01522849462989455
83810.0,371.5386277733363,199.05412500000003,0.015273077685042425
83810.0,371.5386277733363,199.21950000000004,0.01531703712061193
83810.0,371.5386277733363,199.38487500000002,0.015360369276710736
83810.0,371.5386277733363,199.55025000000003,0.01540307025396332
83810.0,371.5386277733363,199.71562500000005,0.015445137226922197
83810.0,371.5386277733363,199.88100000000003,0.01548656687541202
83810.0,371.5386277733363,200.04637500000004,0.015527355579801722
83810.0,371.5386277733363,200.21175000000002,0.015567500304082226
83810.0,371.5386277733363,200.37712500000004,0.015606997786498085
83810.0,371.5386277733363,200.54250000000002,0.01564584468432515
83810.0,371.5386277733363,200.70787500000003,0.015684037780272806
83810.0,371.5386277733363,200.87325000000004,0.01572157398072664
83810.0,371.5386277733363,201.03862500000002,0.01575845562120624
83810.0,371.5386277733363,201.20400000000004,0.015794683427039755
83810.0,371.5386277733363,201.36937500000002,0.01583025440295745
83810.0,371.5386277733363,201.53475000000003,0.015865165670896866
83810.0,371.5386277733363,201.70012500000004,0.015899414458068813
83810.0,371.5386277733363,201.86550000000003,0.015932998073028597
83810.0,371.5386277733363,202.03087500000004,0.0159659139243752
83810.0,371.5386277733363,202.19625000000002,0.01599815952015746
83810.0,371.5386277733363,202.36162500000003,0.016029732467211365
83810.0,371.5386277733363,202.52700000000004,0.016060630470498362
83810.0,371.5386277733363,202.69237500000003,0.016090851332430888
83810.0,371.5386277733363,202.85775000000004,0.01612039295220751
83810.0,371.5386277733363,203.02312500000002,0.016149253387168386
83810.0,371.5386277733363,203.18850000000003,0.016177431183590572
83810.0,371.5386277733363,203.35387500000004,0.0162049255563759
83810.0,371.5386277733363,203.51925000000003,0.016231740836074367
83810.0,371.5386277733363,203.68462500000004,0.016257876338351154
83810.0,371.5386277733363,203.85000000000002,0.016283330369990797
83810.0,371.5386277733363,204.01537500000003,0.016308101331058714
83810.0,371.5386277733363,204.18075000000005,0.016332187714207358
83810.0,371.5386277733363,204.34612500000003,0.016355588103989026
83810.0,371.5386277733363,204.51150000000004,0.016378301176152348
83810.0,371.5386277733363,204.67687500000002,0.01640032569695321
83810.0,371.5386277733363,204.84225000000004,0.0164216607467567
83810.0,371.5386277733363,205.00762500000002,0.01644231040086785
83810.0,371.5386277733363,205.17300000000003,0.01646227572388571
83810.0,371.5386277733363,205.33837500000004,0.016481555709024143
83810.0,371.5386277733363,205.50375000000003,0.01650015153393724
83810.0,371.5386277733363,205.66912500000004,0.016518063863900978
83810.0,371.5386277733363,205.83450000000002,0.016535291873561123
83810.0,371.5386277733363,205.99987500000003,0.016551834823626294
83810.0,371.5386277733363,206.16525000000004,0.016567692060703385
83810.0,371.5386277733363,206.33062500000003,0.016582863025280895
83810.0,371.5386277733363,206.49600000000004,0.016597347568934082
83810.0,371.5386277733363,206.66137500000002,0.016611145468714648
83810.0,371.5386277733363,206.82675000000003,0.016624256413437705
83810.0,371.5386277733363,206.99212500000004,0.016636680158773662
83810.0,371.5386277733363,207.15750000000003,0.01664841654201654
83810.0,371.5386277733363,207.32287500000004,0.016659465481428628
83810.0,371.5386277733363,207.48825000000002,0.016669826975522235
83810.0,371.5386277733363,207.65362500000003,0.016679501102334435
83810.0,371.5386277733363,207.81900000000005,0.016688488018711856
83810.0,371.5386277733363,207.98437500000003,0.016696787959587716
83810.0,371.5386277733363,208.14975000000004,0.016704401237262034
83810.0,371.5386277733363,208.31512500000002,0.016711328240679477
83810.0,371.5386277733363,208.48050000000003,0.016717569434709728
83810.0,371.5386277733363,208.64587500000005,0.016723125359419284
83810.0,371.5386277733363,208.81125000000003,0.016727996629359306
83810.0,371.5386277733363,208.97662500000004,0.01673218399272474
83810.0,371.5386277733363,209.14200000000002,0.016735688547463656
83810.0,371.5386277733363,209.30737500000004,0.016738511172519056
83810.0,371.5386277733363,209.47275000000002,0.016740652764622995
83810.0,371.5386277733363,209.63812500000003,0.01674211429145575
83810.0,371.5386277733363,209.80350000000004,0.01674289679092242
83810.0,371.5386277733363,209.96887500000003,0.016743001370434475
83810.0,371.5386277733363,210.13425000000004,0.016742429206189142
83810.0,371.5386277733363,210.29962500000002,0.016741181546769516
83810.0,371.5386277733363,210.46500000000003,0.016739259718828142
83810.0,371.5386277733363,210.63037500000004,0.016736665173464355
83810.0,371.5386277733363,210.79575000000003,0.016733399659312722
83810.0,371.5386277733363,210.96112500000004,0.016729464712719695
83810.0,371.5386277733363,211.12650000000002,0.016724861902723553
83810.0,371.5386277733363,211.29187500000003,0.016719592989476846
83810.0,371.5386277733363,211.45725000000004,0.016713659728664617
83810.0,371.5386277733363,211.62262500000003,0.016707063871253078
83810.0,371.5386277733363,211.78800000000004,0.016699807229945074
83810.0,371.5386277733363,211.95337500000002,0.01669189167847092
83810.0,371.5386277733363,212.11875000000003,0.016683319155405933
83810.0,371.5386277733363,212.28412500000005,0.016674091669716243
83810.0,371.5386277733363,212.44950000000003,0.01666421127490183
83810.0,371.5386277733363,212.61487500000004,0.016653680081370536
83810.0,371.5386277733363,212.78025000000002,0.016642500257024306
83810.0,371.5386277733363,212.94562500000004,0.01663067402655764
83810.0,371.5386277733363,213.11100000000005,0.016618203670758707
83810.0,371.5386277733363,213.27637500000003,0.016605091525805304
83810.0,371.5386277733363,213.44175000000004,0.01659133998257088
83810.0,371.5386277733363,213.60712500000002,0.016576951485926396
83810.0,371.5386277733363,213.77250000000004,0.01656192853404558
83810.0,371.5386277733363,213.93787500000002,0.016546273677712272
83810.0,371.5386277733363,214.10325000000003,0.016529989519630202
83810.0,371.5386277733363,214.26862500000004,0.01651307871373211
83810.0,371.5386277733363,214.43400000000003,0.01649554396449032
83810.0,371.5386277733363,214.59937500000004,0.016477388026239746
83810.0,371.5386277733363,214.76475000000002,0.016458613704163103
83810.0,371.5386277733363,214.93012500000003,0.01643922386254455
83810.0,371.5386277733363,215.09550000000004,0.01641922140340385
83810.0,371.5386277733363,215.26087500000003,0.016398609273373613
83810.0,371.5386277733363,215.42625000000004,0.016377390465550614
83810.0,371.5386277733363,215.59162500000002,0.01635556801882027
83810.0,371.5386277733363,215.75700000000003,0.016333145017184057
83810.0,371.5386277733363,215.92237500000005,0.016310124589094584
83810.0,371.5386277733363,216.08775000000003,0.01628650990678689
83810.0,371.5386277733363,216.25312500000004,0.01626230418561325
83810.0,371.5386277733363,216.41850000000002,0.016237510683385054
83810.0,371.5386277733363,216.58387500000003,0.016212132699709794
83810.0,371.5386277733363,216.74925000000005,0.016186173575336277
83810.0,371.5386277733363,216.91462500000003,0.01615963669149958
83810.0,371.5386277733363,217.08000000000004,0.01613252546926842
83810.0,371.5386277733363,217.24537500000002,0.016104843368897316
83810.0,371.5386277733363,217.41075000000004,0.016076593889178356
83810.0,371.5386277733363,217.57612500000005,0.016047780566798585
83810.0,371.5386277733363,217.74150000000003,0.016018406975903694
83810.0,371.5386277733363,217.90687500000004,0.015988476737226816
83810.0,371.5386277733363,218.07225000000003,0.01595799350270633
83810.0,371.5386277733363,218.23762500000004,0.015926960953927222
83810.0,371.5386277733363,218.40300000000002,0.01589538280718834
83810.0,371.5386277733363,218.56837500000003,0.015863262812874472
83810.0,371.5386277733363,218.73375000000004,0.015830604759591766
83810.0,371.5386277733363,218.89912500000003,0.015797412472382134
83810.0,371.5386277733363,219.06450000000004,0.015763689800054492
83810.0,371.5386277733363,219.22987500000002,0.015729440622852506
83810.0,371.5386277733363,219.39525000000003,0.01569466885201032
83810.0,371.5386277733363,219.56062500000004,0.01565937842914202
83810.0,371.5386277733363,219.72600000000003,0.015623573325634355
83810.0,371.5386277733363,219.89137500000004,0.015587257542039623
83810.0,371.5386277733363,220.05675000000002,0.01555043510747588
83810.0,371.5386277733363,220.22212500000003,0.015513110079027177
83810.0,371.5386277733363,220.38750000000005,0.01547528654114742
83810.0,371.5386277733363,220.55287500000003,0.015436968605066862
83810.0,371.5386277733363,220.71825000000004,0.015398160408204221
83810.0,371.5386277733363,220.88362500000002,0.015358866113578267
83810.0,371.5386277733363,221.04900000000004,0.015319089909222905
83810.0,371.5386277733363,221.21437500000005,0.015278836007613195
83810.0,371.5386277733363,221.37975000000003,0.015238108645078767
83810.0,371.5386277733363,221.54512500000004,0.015196912081237014
83810.0,371.5386277733363,221.71050000000002,0.015155250599632353
83810.0,371.5386277733363,221.87587500000004,0.01511312851318764
83810.0,371.5386277733363,222.04125000000005,0.015070550149393876
83810.0,371.5386277733363,222.20662500000003,0.015027519855099845
83810.0,371.5386277733363,222.37200000000004,0.014984041997621754
83810.0,371.5386277733363,222.53737500000003,0.014940120964184192
83810.0,371.5386277733363,222.70275000000004,0.014895761161373332
83810.0,371.5386277733363,222.86812500000002,0.014850967014586292
83810.0,371.5386277733363,223.03350000000003,0.014805742967486732
83810.0,371.5386277733363,223.19887500000004,0.014760093481463687
83810.0,371.5386277733363,223.36425000000003,0.014714023035094682
83810.0,371.5386277733363,223.52962500000004,0.014667536127970875
83810.0,371.5386277733363,223.69500000000002,0.014620637281705073
83810.0,371.5386277733363,223.86037500000003,0.014573331030001618
83810.0,371.5386277733363,224.02575000000004,0.014525621914736522
83810.0,371.5386277733363,224.19112500000003,0.014477514492033116
83810.0,371.5386277733363,224.35650000000004,0.01442901333337843
83810.0,371.5386277733363,224.52187500000002,0.014380123025809667
83810.0,371.5386277733363,224.68725000000003,0.014330848166086345
83810.0,371.5386277733363,224.85262500000005,0.014281193363297615
83810.0,371.5386277733363,225.01800000000003,0.014231163238534284
83810.0,371.5386277733363,225.18337500000004,0.014180762424384858
83810.0,371.5386277733363,225.34875000000002,0.014129995564441984
83810.0,371.5386277733363,225.51412500000004,0.014078867312805495
83810.0,371.5386277733363,225.67950000000005,0.014027382333596385
83810.0,371.5386277733363,225.84487500000003,0.013975545300467506
83810.0,371.5386277733363,226.01025000000004,0.013923360896122962
83810.0,371.5386277733363,226.17562500000003,0.013870833811835782
83810.0,371.5386277733363,226.34100000000004,0.013817968746974229
83810.0,371.5386277733363,226.50637500000005,0.013764770408529725
83810.0,371.5386277733363,226.67175000000003,0.013711243510646752
83810.0,371.5386277733363,226.83712500000004,0.013657392774157357
83810.0,371.5386277733363,227.00250000000003,0.013603222926121513
83810.0,371.5386277733363,227.16787500000004,0.013548738699366373
83810.0,371.5386277733363,227.33325000000005,0.013493944832033623
83810.0,371.5386277733363,227.49862500000003,0.013438846067126838
83810.0,371.5386277733363,227.66400000000004,0.013383447152064737
83810.0,371.5386277733363,227.82937500000003,0.01332775283823739
83810.0,371.5386277733363,227.99475000000004,0.013271767880565154
83810.0,371.5386277733363,228.16012500000002,0.013215497037062663
83810.0,371.5386277733363,228.32550000000003,0.01315894506840409
83810.0,371.5386277733363,228.49087500000005,0.013102116737494897
83810.0,371.5386277733363,228.65625000000003,0.013045016809044671
83810.0,371.5386277733363,228.82162500000004,0.012987650050092763
83810.0,371.5386277733363,228.98700000000002,0.012930021234325184
83810.0,371.5386277733363,229.15237500000003,0.012872135130473783
83810.0,371.5386277733363,229.31775000000005,0.01281399650609252
83810.0,371.5386277733363,229.48312500000003,0.012755610128465067
83810.0,371.5386277733363,229.64850000000004,0.012696980764199266
83810.0,371.5386277733363,229.81387500000002,0.01263811317882544
83810.0,371.5386277733363,229.97925000000004,0.012579012136398539
83810.0,371.5386277733363,230.14462500000005,0.012519682399104231
83810.0,371.5386277733363,230.31000000000003,0.012460128726869803
83810.0,371.5386277733363,230.47537500000004,0.012400355876974928
83810.0,371.5386277733363,230.64075000000003,0.012340368603668918
83810.0,371.5386277733363,230.80612500000004,0.012280171657791408
83810.0,371.5386277733363,230.97150000000005,0.012219769786395766
83810.0,371.5386277733363,231.13687500000003,0.01215916773237539
83810.0,371.5386277733363,231.30225000000004,0.012098370234095858
83810.0,371.5386277733363,231.46762500000003,0.012037382025027105
83810.0,371.5386277733363,231.63300000000004,0.011976207833383878
83810.0,371.5386277733363,231.79837500000005,0.011914852381765218
83810.0,371.5386277733363,231.96375000000003,0.011853320386798625
83810.0,371.5386277733363,232.12912500000004,0.01179161655879042
83810.0,371.5386277733363,232.29450000000003,0.011729745601376781
83810.0,371.5386277733363,232.45987500000004,0.011667712211178063
83810.0,371.5386277733363,232.62525000000002,0.011605521077458733
83810.0,371.5386277733363,232.79062500000003,0.01154317688178952
83810.0,371.5386277733363,232.95600000000005,0.011480684297712788
83810.0,371.5386277733363,233.12137500000003,0.011418047990413013
83810.0,371.5386277733363,233.28675000000004,0.011355272616387897
83810.0,371.5386277733363,233.45212500000002,0.011292362823125335
83810.0,371.5386277733363,233.61750000000004,0.011229323252139167
83810.0,371.5386277733363,233.78287500000005,0.011166158535293418
83810.0,371.5386277733363,233.94825000000003,0.011102873290991126
83810.0,371.5386277733363,234.11362500000004,0.011039472127366431
83810.0,371.5386277733363,234.27900000000002,0.010975959641979142
83810.0,371.5386277733363,234.44437500000004,0.010912340421509308
83810.0,371.5386277733363,234.60975000000005,0.010848619041460252
83810.0,371.5386277733363,234.77512500000003,0.010784800065860831
83810.0,371.5386277733363,234.94050000000004,0.010720888046972743
83810.0,371.5386277733363,235.10587500000003,0.010656887525000184
83810.0,371.5386277733363,235.27125000000004,0.010592803027806134
83810.0,371.5386277733363,235.43662500000005,0.010528639070626736
83810.0,371.5386277733363,235.60200000000003,0.010464400155793835
83810.0,371.5386277733363,235.76737500000004,0.010400090772457982
83810.0,371.5386277733363,235.93275000000003,0.010335715396316602
83810.0,371.5386277733363,236.09812500000004,0.010271278489343106
83810.0,371.5386277733363,236.26350000000005,0.010206784499522439
83810.0,371.5386277733363,236.42887500000003,0.010142237860587726
83810.0,371.5386277733363,236.59425000000005,0.01007764299176038
83810.0,371.5386277733363,236.75962500000003,0.01001300429749529
83810.0,371.5386277733363,236.92500000000004,0.009948326167225447
83810.0,371.5386277733363,237.09037500000002,0.009883612975115095
83810.0,371.5386277733363,237.25575000000003,0.009818869080747557
83810.0,371.5386277733363,237.42112500000005,0.009754098831022425
83810.0,371.5386277733363,237.58650000000003,0.009689306553179514
83810.0,371.5386277733363,237.75187500000004,0.009624496557747986
83810.0,371.5386277733363,237.91725000000002,0.009559673138789675
83810.0,371.5386277733363,238.08262500000004,0.009494840573668036
83810.0,371.5386277733363,238.24800000000005,0.009430003122821405
83810.0,371.5386277733363,238.41337500000003,0.00936516502953898
83810.0,371.5386277733363,238.57875000000004,0.009300330519740095
83810.0,371.5386277733363,238.74412500000003,0.009235503801757089
83810.0,371.5386277733363,238.90950000000004,0.009170689066120586
83810.0,371.5386277733363,239.07487500000005,0.009105890485347542
83810.0,371.5386277733363,239.24025000000003,0.009041112213734815
83810.0,371.5386277733363,239.40562500000004,0.00897635838715195
83810.0,371.5386277733363,239.57100000000003,0.00891163312292971
83810.0,371.5386277733363,239.73637500000004,0.008846940522567098
83810.0,371.5386277733363,239.90175000000005,0.008782284666895828
83810.0,371.5386277733363,240.06712500000003,0.008717669615981052
83810.0,371.5386277733363,240.23250000000004,0.008653099410484085
83810.0,371.5386277733363,240.39787500000003,0.00858857807153148
83810.0,371.5386277733363,240.56325000000004,0.008524109601924108
83810.0,371.5386277733363,240.72862500000005,0.008459697983627765
83810.0,371.5386277733363,240.89400000000003,0.008395347177795703
83810.0,371.5386277733363,241.05937500000005,0.008331061125274678
83810.0,371.5386277733363,241.22475000000003,0.008266843746431081
83810.0,371.5386277733363,241.39012500000004,0.008202698940983848
83810.0,371.5386277733363,241.55550000000002,0.008138630587837458
83810.0,371.5386277733363,241.72087500000004,0.00807464254491938
83810.0,371.5386277733363,241.88625000000005,0.00801073864901976
83810.0,371.5386277733363,242.05162500000003,0.007946922715634182
83810.0,371.5386277733363,242.21700000000004,0.00788319853880934
83810.0,371.5386277733363,242.38237500000002,0.007819569890991153
83810.0,371.5386277733363,242.54775000000004,0.007756040522875887
83810.0,371.5386277733363,242.71312500000005,0.007692614163265877
83810.0,371.5386277733363,242.87850000000003,0.007629294518923685
83810.0,371.5386277733363,243.04387500000004,0.007566085274434378
83810.0,371.5386277733363,243.20925000000003,0.0075029900920665525
83810.0,371.5386277733363,243.37462500000004,0.0074400126116379115
83810.0,371.5386277733363,243.54000000000005,0.007377156450384021
83810.0,371.5386277733363,243.70537500000003,0.00731442520282756
83810.0,371.5386277733363,243.87075000000004,0.0072518224406532645
83810.0,371.5386277733363,244.03612500000003,0.007189351712583329
83810.0,371.5386277733363,244.20150000000004,0.007127016544256077
83810.0,371.5386277733363,244.36687500000005,0.007064820438108511
83810.0,371.5386277733363,244.53225000000003,0.007002766873259451
83810.0,371.5386277733363,244.69762500000004,0.006940859305396604
83810.0,371.5386277733363,244.86300000000003,0.006879101166666862
83810.0,371.5386277733363,245.02837500000004,0.006817495865567382
83810.0,371.5386277733363,245.19375000000005,0.00675604678684022
83810.0,371.5386277733363,245.35912500000003,0.0066947572913707495
83810.0,371.5386277733363,245.52450000000005,0.0066336307160864685
83810.0,371.5386277733363,245.68987500000003,0.006572670373859628
83810.0,371.5386277733363,245.85525000000004,0.006511879553412382
83810.0,371.5386277733363,246.02062500000002,0.006451261519223769
83810.0,371.5386277733363,246.18600000000004,0.006390819511440294
83810.0,371.5386277733363,246.35137500000005,0.006330556745787628
83810.0,371.5386277733363,246.51675000000003,0.006270476413486418
83810.0,371.5386277733363,246.68212500000004,0.006210581681168709
83810.0,371.5386277733363,246.84750000000003,0.006150875690798774
83810.0,371.5386277733363,247.01287500000004,0.006091361559593695
83810.0,371.5386277733363,247.17825000000005,0.006032042379950261
83810.0,371.5386277733363,247.34362500000003,0.005972921219369989
83810.0,371.5386277733363,247.50900000000004,0.005914001120389539
83810.0,371.5386277733363,247.67437500000003,0.005855285100512517
83810.0,371.5386277733363,247.83975000000004,0.005796776152143362
83810.0,371.5386277733363,248.00512500000005,0.0057384772425235885
83810.0,371.5386277733363,248.17050000000003,0.005680391313670628
83810.0,371.5386277733363,248.33587500000004,0.005622521282319408
83810.0,371.5386277733363,248.50125000000003,0.005564870039864983
83810.0,371.5386277733363,248.66662500000004,0.005507440452308709
83810.0,371.5386277733363,248.83200000000005,0.00545023536020556
83810.0,371.5386277733363,248.99737500000003,0.005393257578614495
83810.0,371.5386277733363,249.16275000000005,0.005336509897051006
83810.0,371.5386277733363,249.32812500000003,0.005279995079441063
83810.0,371.5386277733363,249.49350000000004,0.005223715864078272
83810.0,371.5386277733363,249.65887500000005,0.005167674963582279
83810.0,371.5386277733363,249.82425000000003,0.005111875064860364
83810.0,371.5386277733363,249.98962500000005,0.0050563188290698845
83810.0,371.5386277733363,250.15500000000003,0.005001008891584315
83810.0,371.5386277733363,250.32037500000004,0.00494594786195965
83810.0,371.5386277733363,250.48575000000002,0.004891138323904911
83810.0,371.5386277733363,250.65112500000004,0.004836582835252961
83810.0,371.5386277733363,250.81650000000005,0.004782283927934034
83810.0,371.5386277733363,250.98187500000003,0.004728244107951765
83810.0,371.5386277733363,251.14725000000004,0.004674465855360849
83810.0,371.5386277733363,251.31262500000003,0.0046209516242460115
83810.0,371.5386277733363,251.47800000000004,0.004567703842704466
83810.0,371.5386277733363,251.64337500000005,0.004514724912828983
83810.0,371.5386277733363,251.80875000000003,0.004462017210693855
83810.0,371.5386277733363,251.97412500000004,0.004409583086341826
83810.0,371.5386277733363,252.13950000000003,0.004357424863774239
83810.0,371.5386277733363,252.30487500000004,0.004305544840941825
83810.0,371.5386277733363,252.47025000000005,0.0042539452897381955
83810.0,371.5386277733363,252.63562500000003,0.004202628455994866
83810.0,371.5386277733363,252.80100000000004,0.004151596559478441
83810.0,371.5386277733363,252.96637500000003,0.0041008517938893145
83810.0,371.5386277733363,253.13175000000004,0.004050396326861964
83810.0,371.5386277733363,253.29712500000005,0.004000232299968006
83810.0,371.5386277733363,253.46250000000003,0.003950361828720341
83810.0,371.5386277733363,253.62787500000005,0.0039007870025787716
83810.0,371.5386277733363,253.79325000000003,0.003851509884958485
83810.0,371.5386277733363,253.95862500000004,0.0038025325132389795
83810.0,371.5386277733363,254.12400000000005,0.00375385689877575
83810.0,371.5386277733363,254.28937500000004,0.003705485026913369
83810.0,371.5386277733363,254.45475000000005,0.0036574188569999636
83810.0,371.5386277733363,254.62012500000003,0.003609660322403792
83810.0,371.5386277733363,254.78550000000004,0.0035622113305312573
83810.0,371.5386277733363,254.95087500000002,0.0035150737628466574
83810.0,371.5386277733363,255.11625000000004,0.0034682494748938023
83810.0,371.5386277733363,255.28162500000005,0.0034217402963186245
83810.0,371.5386277733363,255.44700000000003,0.003375548030893953
83810.0,371.5386277733363,255.61237500000004,0.003329674456546183
83810.0,371.5386277733363,255.77775000000003,0.0032841213253821523
83810.0,371.5386277733363,255.94312500000004,0.003238890363719454
83810.0,371.5386277733363,256.10850000000005,0.0031939832721166244
83810.0,371.5386277733363,256.27387500000003,0.0031494017254060755
83810.0,371.5386277733363,256.43925,0.0031051473727278264
83810.0,371.5386277733363,256.604625,0.0030612218375648203
83810.0,371.5386277733363,256.77000000000004,0.0030176267177801754
83810.0,371.5386277733363,256.935375,0.002974363585655571
83810.0,371.5386277733363,257.10075,0.002931433987930688
83810.0,371.5386277733363,257.26612500000005,0.0028888394458452087
83810.0,371.5386277733363,257.4315,0.0028465814551810378
83810.0,371.5386277733363,257.596875,0.0028046614863065956
83810.0,371.5386277733363,257.76225000000005,0.002763080984222519
83810.0,371.5386277733363,257.92762500000003,0.002721841368608216
83810.0,371.5386277733363,258.093,0.0026809440338706947
83810.0,371.5386277733363,258.258375,0.0026403903491937428
83810.0,371.5386277733363,258.42375000000004,0.002600181658589018
83810.0,371.5386277733363,258.589125,0.002560319280948642
83810.0,371.5386277733363,258.7545,0.0025208045100984116
83810.0,371.5386277733363,258.91987500000005,0.0024816386148530096
83810.0,371.5386277733363,259.08525000000003,0.0024428228390718128
83810.0,371.5386277733363,259.250625,0.0024043584017168877
83810.0,371.5386277733363,259.416,0.0023662464969110763
83810.0,371.5386277733363,259.58137500000004,0.0023284882939984676
83810.0,371.5386277733363,259.74675,0.002291084937605081
83810.0,371.5386277733363,259.912125,0.002254037547701506
83810.0,371.5386277733363,260.07750000000004,0.002217347219666321
83810.0,371.5386277733363,260.242875,0.0021810150243508596
83810.0,371.5386277733363,260.40825,0.002145042008145054
83810.0,371.5386277733363,260.57362500000005,0.0021094291930444757
83810.0,371.5386277733363,260.73900000000003,0.0020741775767185062
83810.0,371.5386277733363,260.904375,0.0020392881325795136
83810.0,371.5386277733363,261.06975,0.0020047618098535387
83810.0,371.5386277733363,261.23512500000004,0.0019705995336511857
83810.0,371.5386277733363,261.4005,0.0019368022050408923
83810.0,371.5386277733363,261.565875,0.001903370701122066
83810.0,371.5386277733363,261.73125,0.001870305875099731
83810.0,371.5386277733363,261.89662500000003,0.001837608556360625
83810.0,371.5386277733363,262.062,0.0018052795505494905
83810.0,371.5386277733363,262.227375,0.0017733196396471581
83810.0,371.5386277733363,262.39275000000004,0.0017417295820489113
83810.0,371.5386277733363,262.558125,0.0017105101126445837
83810.0,371.5386277733363,262.7235,0.0016796619428989187
83810.0,371.5386277733363,262.888875,0.0016491857609333865
83810.0,371.5386277733363,263.05425,0.0016190822316087122
83810.0,371.5386277733363,263.219625,0.0015893519966083682
83810.0,371.5386277733363,263.385,0.0015599956745229729
83810.0,371.5386277733363,263.55037500000003,0.0015310138609357375
83810.0,371.5386277733363,263.71575,0.0015024071285083787
83810.0,371.5386277733363,263.881125,0.0014741760270686373
83810.0,371.5386277733363,264.04650000000004,0.0014463210836977965
83810.0,371.5386277733363,264.211875,0.0014188428028198052
83810.0,371.5386277733363,264.37725,0.0013917416662907172
83810.0,371.5386277733363,264.542625,0.0013650181334891034
83810.0,371.5386277733363,264.708,0.0013386726414076804
83810.0,371.5386277733363,264.873375,0.0013127056047449119
83810.0,371.5386277733363,265.03875,0.0012871174159981497
83810.0,371.5386277733363,265.20412500000003,0.0012619084455572254
83810.0,371.5386277733363,265.3695,0.0012370790417987397
83810.0,371.5386277733363,265.534875,0.00121262953118132
83810.0,371.5386277733363,265.70025000000004,0.00118856021834141
83810.0,371.5386277733363,265.865625,0.0011648713861899542
83810.0,371.5386277733363,266.031,0.0011415632960095337
83810.0,371.5386277733363,266.196375,0.0011186361875526268
83810.0,371.5386277733363,266.36175000000003,0.0010960902791400653
83810.0,371.5386277733363,266.527125,0.0010739257677606076
83810.0,371.5386277733363,266.6925,0.0010521428291708557
83810.0,371.5386277733363,266.85787500000004,0.0010307416179959287
83810.0,371.5386277733363,267.02325,0.0010097222678308857
83810.0,371.5386277733363,267.188625,0.000989084891342612
83810.0,371.5386277733363,267.354,0.0009688295803724079
83810.0,371.5386277733363,267.519375,0.000948956406039135
83810.0,371.5386277733363,267.68475,0.0009294654188431025
83810.0,371.5386277733363,267.850125,0.0009103566487702741
83810.0,371.5386277733363,268.01550000000003,0.0008916301053972124
83810.0,371.5386277733363,268.180875,0.0008732857779966905
83810.0,371.5386277733363,268.34625,0.0008553236356435598
83810.0,371.5386277733363,268.51162500000004,0.0008377436273213987
83810.0,371.5386277733363,268.677,0.0008205456820295569
83810.0,371.5386277733363,268.842375,0.0008037297088908516
83810.0,371.5386277733363,269.00775,0.0007872955972595575
83810.0,371.5386277733363,269.173125,0.0007712432168300412
83810.0,371.5386277733363,269.3385,0.0007555724177459006
83810.0,371.5386277733363,269.503875,0.0007402830307094493
83810.0,371.5386277733363,269.66925000000003,0.0007253748670917146
83810.0,371.5386277733363,269.834625,0.0007108477190429567
83810.0,371.5386277733363,270.0,0.0006967013596034864
131140.0,367.151972626557,5.4,0.0
131140.0,367.151972626557,5.565375,0.0
131140.0,367.151972626557,5.7307500000000005,0.0
131140.0,367.151972626557,5.8961250000000005,0.0
131140.0,367.151972626557,6.0615000000000006,0.0
131140.0,367.151972626557,6.226875000000001,0.0
131140.0,367.151972626557,6.392250000000001,0.0
131140.0,367.151972626557,6.557625000000001,0.0
131140.0,367.151972626557,6.723000000000001,0.0
131140.0,367.151972626557,6.888375000000001,0.0
131140.0,367.151972626557,7.053750000000001,0.0
131140.0,367.151972626557,7.219125000000001,0.0
131140.0,367.151972626557,7.384500000000001,0.0
131140.0,367.151972626557,7.549875,0.0
131140.0,367.151972626557,7.715250000000001,0.0
131140.0,367.151972626557,7.880625,0.0
131140.0,367.151972626557,8.046000000000001,0.0
131140.0,367.151972626557,8.211375,0.0
131140.0,367.151972626557,8.376750000000001,0.0
131140.0,367.151972626557,8.542125,0.0
131140.0,367.151972626557,8.707500000000001,0.0
131140.0,367.151972626557,8.872875,0.0
131140.0,367.151972626557,9.038250000000001,0.0
131140.0,367.151972626557,9.203625,0.0
131140.0,367.151972626557,9.369,0.0
131140.0,367.151972626557,9.534375,0.0
131140.0,367.151972626557,9.699750000000002,0.0
131140.0,367.151972626557,9.865125,0.0
131140.0,367.151972626557,10.0305,0.0
131140.0,367.151972626557,10.195875000000001,0.0
131140.0,367.151972626557,10.361250000000002,0.0
131140.0,367.151972626557,10.526625000000001,0.0
131140.0,367.151972626557,10.692,0.0
131140.0,367.151972626557,10.857375000000001,0.0
131140.0,367.151972626557,11.022750000000002,0.0
131140.0,367.151972626557,11.188125000000001,0.0
131140.0,367.151972626557,11.3535,0.0
131140.0,367.151972626557,11.518875000000001,0.0
131140.0,367.151972626557,11.684250000000002,0.0
131140.0,367.151972626557,11.849625000000001,0.0
131140.0,367.151972626557,12.015,0.0
131140.0,367.151972626557,12.180375000000002,0.0
131140.0,367.151972626557,12.345750000000002,0.0
131140.0,367.151972626557,12.511125000000002,0.0
131140.0,367.151972626557,12.6765,0.0
131140.0,367.151972626557,12.841875000000002,0.0
131140.0,367.151972626557,13.007250000000003,0.0
131140.0,367.151972626557,13.172625000000002,0.0
131140.0,367.151972626557,13.338000000000001,0.0
131140.0,367.151972626557,13.503375000000002,0.0
131140.0,367.151972626557,13.668750000000001,0.0
131140.0,367.151972626557,13.834125000000002,0.0
131140.0,367.151972626557,13.999500000000001,0.0
131140.0,367.151972626557,14.164875000000002,0.0
131140.0,367.151972626557,14.330250000000001,0.0
131140.0,367.151972626557,14.495625000000002,0.0
131140.0,367.151972626557,14.661000000000001,0.0
131140.0,367.151972626557,14.826375000000002,0.0
131140.0,367.151972626557,14.991750000000001,0.0
131140.0,367.151972626557,15.157125000000002,0.0
131140.0,367.151972626557,15.322500000000002,0.0
131140.0,367.151972626557,15.487875000000003,0.0
131140.0,367.151972626557,15.653250000000002,0.0
131140.0,367.151972626557,15.818625000000003,0.0
131140.0,367.151972626557,15.984000000000002,0.0
131140.0,367.151972626557,16.149375,0.0
131140.0,367.151972626557,16.314750000000004,0.0
131140.0,367.151972626557,16.480125,0.0
131140.0,367.151972626557,16.645500000000002,0.0
131140.0,367.151972626557,16.810875000000003,0.0
131140.0,367.151972626557,16.97625,0.0
131140.0,367.151972626557,17.141625,0.0
131140.0,367.151972626557,17.307000000000002,0.0
131140.0,367.151972626557,17.472375,0.0
131140.0,367.151972626557,17.637750000000004,0.0
131140.0,367.151972626557,17.803125,0.0
131140.0,367.151972626557,17.968500000000002,0.0
131140.0,367.151972626557,18.133875000000003,0.0
131140.0,367.151972626557,18.29925,0.0
131140.0,367.151972626557,18.464625,0.0
131140.0,367.151972626557,18.630000000000003,0.0
131140.0,367.151972626557,18.795375,0.0
131140.0,367.151972626557,18.960750000000004,0.0
131140.0,367.151972626557,19.126125000000002,0.0
131140.0,367.151972626557,19.291500000000003,0.0
131140.0,367.151972626557,19.456875000000004,0.0
131140.0,367.151972626557,19.62225,0.0
131140.0,367.151972626557,19.787625000000002,0.0
131140.0,367.151972626557,19.953000000000003,0.0
131140.0,367.151972626557,20.118375,0.0
131140.0,367.151972626557,20.283750000000005,0.0
131140.0,367.151972626557,20.449125000000002,0.0
131140.0,367.151972626557,20.614500000000003,0.0
131140.0,367.151972626557,20.779875000000004,0.0
131140.0,367.151972626557,20.94525,0.0
131140.0,367.151972626557,21.110625000000002,0.0
131140.0,367.151972626557,21.276000000000003,0.0
131140.0,367.151972626557,21.441375,0.0
131140.0,367.151972626557,21.606750000000005,0.0
131140.0,367.151972626557,21.772125000000003,0.0
131140.0,367.151972626557,21.9375,0.0
131140.0,367.151972626557,22.102875000000004,0.0
131140.0,367.151972626557,22.268250000000002,0.0
131140.0,367.151972626557,22.433625,0.0
131140.0,367.151972626557,22.599000000000004,0.0
131140.0,367.151972626557,22.764375,0.0
131140.0,367.151972626557,22.929750000000006,0.0
131140.0,367.151972626557,23.095125000000003,0.0
131140.0,367.151972626557,23.2605,0.0
131140.0,367.151972626557,23.425875000000005,0.0
131140.0,367.151972626557,23.591250000000002,0.0
131140.0,367.151972626557,23.756625,0.0
131140.0,367.151972626557,23.922000000000004,0.0
131140.0,367.151972626557,24.087375,0.0
131140.0,367.151972626557,24.252750000000006,0.0
131140.0,367.151972626557,24.418125000000003,0.0
131140.0,367.151972626557,24.5835,0.0
131140.0,367.151972626557,24.748875000000005,0.0
131140.0,367.151972626557,24.914250000000003,0.0
131140.0,367.151972626557,25.079625,0.0
131140.0,367.151972626557,25.245000000000005,0.0
131140.0,367.151972626557,25.410375000000002,0.0
131140.0,367.151972626557,25.575750000000006,0.0
131140.0,367.151972626557,25.741125000000004,0.0
131140.0,367.151972626557,25.9065,0.0
131140.0,367.151972626557,26.071875000000006,0.0
131140.0,367.151972626557,26.237250000000003,0.0
131140.0,367.151972626557,26.402625,0.0
131140.0,367.151972626557,26.568000000000005,0.0
131140.0,367.151972626557,26.733375000000002,0.0
131140.0,367.151972626557,26.89875,0.0
131140.0,367.151972626557,27.064125000000004,0.0
131140.0,367.151972626557,27.2295,0.0
131140.0,367.151972626557,27.394875000000006,0.0
131140.0,367.151972626557,27.560250000000003,0.0
131140.0,367.151972626557,27.725625,0.0
131140.0,367.151972626557,27.891000000000005,0.0
131140.0,367.151972626557,28.056375000000003,0.0
131140.0,367.151972626557,28.22175,0.0
131140.0,367.151972626557,28.387125000000005,0.0
131140.0,367.151972626557,28.552500000000002,0.0
131140.0,367.151972626557,28.717875000000006,0.0
131140.0,367.151972626557,28.883250000000004,0.0
131140.0,367.151972626557,29.048625,0.0
131140.0,367.151972626557,29.214000000000006,0.0
131140.0,367.151972626557,29.379375000000003,0.0
131140.0,367.151972626557,29.54475,0.0
131140.0,367.151972626557,29.710125000000005,0.0
131140.0,367.151972626557,29.875500000000002,0.0
131140.0,367.151972626557,30.040875000000007,0.0
131140.0,367.151972626557,30.206250000000004,0.0
131140.0,367.151972626557,30.371625,0.0
131140.0,367.151972626557,30.537000000000006,0.0
131140.0,367.151972626557,30.702375000000004,0.0
131140.0,367.151972626557,30.86775,0.0
131140.0,367.151972626557,31.033125000000005,0.0
131140.0,367.151972626557,31.198500000000003,0.0
131140.0,367.151972626557,31.363875000000007,0.0
131140.0,367.151972626557,31.529250000000005,0.0
131140.0,367.151972626557,31.694625000000002,0.0
131140.0,367.151972626557,31.860000000000007,0.0
131140.0,367.151972626557,32.025375000000004,0.0
131140.0,367.151972626557,32.19075,0.0
131140.0,367.151972626557,32.356125000000006,0.0
131140.0,367.151972626557,32.5215,0.0
131140.0,367.151972626557,32.686875,0.0
131140.0,367.151972626557,32.852250000000005,0.0
131140.0,367.151972626557,33.017625,0.0
131140.0,367.151972626557,33.18300000000001,0.0
131140.0,367.151972626557,33.348375000000004,0.0
131140.0,367.151972626557,33.51375,0.0
131140.0,367.151972626557,33.679125000000006,0.0
131140.0,367.151972626557,33.844500000000004,0.0
131140.0,367.151972626557,34.009875,0.0
131140.0,367.151972626557,34.175250000000005,0.0
131140.0,367.151972626557,34.340625,0.0
131140.0,367.151972626557,34.50600000000001,0.0
131140.0,367.151972626557,34.671375000000005,0.0
131140.0,367.151972626557,34.83675,0.0
131140.0,367.151972626557,35.00212500000001,0.0
131140.0,367.151972626557,35.167500000000004,0.0
131140.0,367.151972626557,35.332875,0.0
131140.0,367.151972626557,35.498250000000006,0.0
131140.0,367.151972626557,35.663625,0.0
131140.0,367.151972626557,35.82900000000001,0.0
131140.0,367.151972626557,35.994375000000005,0.0
131140.0,367.151972626557,36.15975,0.0
131140.0,367.151972626557,36.32512500000001,0.0
131140.0,367.151972626557,36.490500000000004,0.0
131140.0,367.151972626557,36.655875,0.0
131140.0,367.151972626557,36.821250000000006,0.0
131140.0,367.151972626557,36.986625000000004,0.0
131140.0,367.151972626557,37.152,0.0
131140.0,367.151972626557,37.317375000000006,0.0
131140.0,367.151972626557,37.48275,0.0
131140.0,367.151972626557,37.648125,0.0
131140.0,367.151972626557,37.813500000000005,0.0
131140.0,367.151972626557,37.978875,0.0
131140.0,367.151972626557,38.14425,0.0
131140.0,367.151972626557,38.309625000000004,0.0
131140.0,367.151972626557,38.475,0.0
131140.0,367.151972626557,38.640375000000006,0.0
131140.0,367.151972626557,38.80575,0.0
131140.0,367.151972626557,38.971125,0.0
131140.0,367.151972626557,39.136500000000005,0.0
131140.0,367.151972626557,39.301875,0.0
131140.0,367.151972626557,39.46725,0.0
131140.0,367.151972626557,39.632625000000004,0.0
131140.0,367.151972626557,39.798,0.0
131140.0,367.151972626557,39.963375000000006,0.0
131140.0,367.151972626557,40.128750000000004,0.0
131140.0,367.151972626557,40.294125,0.0
131140.0,367.151972626557,40.459500000000006,0.0
131140.0,367.151972626557,40.624875,0.0
131140.0,367.151972626557,40.79025,0.0
131140.0,367.151972626557,40.955625000000005,0.0
131140.0,367.151972626557,41.121,0.0
131140.0,367.151972626557,41.28637500000001,0.0
131140.0,367.151972626557,41.451750000000004,0.0
131140.0,367.151972626557,41.617125,0.0
131140.0,367.151972626557,41.782500000000006,0.0
131140.0,367.151972626557,41.947875,0.0
131140.0,367.151972626557,42.11325,0.0
131140.0,367.151972626557,42.278625000000005,0.0
131140.0,367.151972626557,42.444,0.0
131140.0,367.151972626557,42.609375,0.0
131140.0,367.151972626557,42.774750000000004,0.0
131140.0,367.151972626557,42.940125,0.0
131140.0,367.151972626557,43.105500000000006,0.0
131140.0,367.151972626557,43.270875000000004,0.0
131140.0,367.151972626557,43.43625,0.0
131140.0,367.151972626557,43.601625000000006,0.0
131140.0,367.151972626557,43.767,0.0
131140.0,367.151972626557,43.932375,0.0
131140.0,367.151972626557,44.097750000000005,0.0
131140.0,367.151972626557,44.263125,0.0
131140.0,367.151972626557,44.42850000000001,0.0
131140.0,367.151972626557,44.593875000000004,0.0
131140.0,367.151972626557,44.75925,0.0
131140.0,367.151972626557,44.924625000000006,0.0
131140.0,367.151972626557,45.09,0.0
131140.0,367.151972626557,45.255375,0.0
131140.0,367.151972626557,45.420750000000005,0.0
131140.0,367.151972626557,45.586125,0.0
131140.0,367.151972626557,45.75150000000001,0.0
131140.0,367.151972626557,45.916875000000005,0.0
131140.0,367.151972626557,46.08225,0.0
131140.0,367.151972626557,46.247625000000006,0.0
131140.0,367.151972626557,46.413000000000004,0.0
131140.0,367.151972626557,46.578375,0.0
131140.0,367.151972626557,46.743750000000006,0.0
131140.0,367.151972626557,46.909125,0.0
131140.0,367.151972626557,47.07450000000001,0.0
131140.0,367.151972626557,47.239875000000005,0.0
131140.0,367.151972626557,47.40525,0.0
131140.0,367.151972626557,47.57062500000001,0.0
131140.0,367.151972626557,47.736000000000004,0.0
131140.0,367.151972626557,47.901375,0.0
131140.0,367.151972626557,48.066750000000006,0.0
131140.0,367.151972626557,48.232125,0.0
131140.0,367.151972626557,48.3975,0.0
131140.0,367.151972626557,48.562875000000005,0.0
131140.0,367.151972626557,48.72825,0.0
131140.0,367.151972626557,48.89362500000001,0.0
131140.0,367.151972626557,49.059000000000005,0.0
131140.0,367.151972626557,49.224375,0.0
131140.0,367.151972626557,49.38975000000001,0.0
131140.0,367.151972626557,49.555125000000004,0.0
131140.0,367.151972626557,49.7205,0.0
131140.0,367.151972626557,49.885875000000006,0.0
131140.0,367.151972626557,50.05125,0.0
131140.0,367.151972626557,50.21662500000001,0.0
131140.0,367.151972626557,50.382000000000005,0.0
131140.0,367.151972626557,50.547375,0.0
131140.0,367.151972626557,50.71275000000001,0.0
131140.0,367.151972626557,50.878125000000004,0.0
131140.0,367.151972626557,51.0435,0.0
131140.0,367.151972626557,51.208875000000006,0.0
131140.0,367.151972626557,51.37425,0.0
131140.0,367.151972626557,51.53962500000001,0.0
131140.0,367.151972626557,51.705000000000005,0.0
131140.0,367.151972626557,51.870375,0.0
131140.0,367.151972626557,52.03575000000001,0.0
131140.0,367.151972626557,52.201125000000005,0.0
131140.0,367.151972626557,52.3665,0.0
131140.0,367.151972626557,52.53187500000001,0.0
131140.0,367.151972626557,52.697250000000004,0.0
131140.0,367.151972626557,52.86262500000001,0.0
131140.0,367.151972626557,53.028000000000006,0.0
131140.0,367.151972626557,53.193375,0.0
131140.0,367.151972626557,53.35875000000001,0.0
131140.0,367.151972626557,53.524125000000005,0.0
131140.0,367.151972626557,53.6895,0.0
131140.0,367.151972626557,53.85487500000001,0.0
131140.0,367.151972626557,54.020250000000004,0.0
131140.0,367.151972626557,54.185625,0.0
131140.0,367.151972626557,54.351000000000006,0.0
131140.0,367.151972626557,54.516375000000004,0.0
131140.0,367.151972626557,54.68175000000001,0.0
131140.0,367.151972626557,54.847125000000005,0.0
131140.0,367.151972626557,55.0125,0.0
131140.0,367.151972626557,55.17787500000001,0.0
131140.0,367.151972626557,55.343250000000005,0.0
131140.0,367.151972626557,55.508625,0.0
131140.0,367.151972626557,55.67400000000001,0.0
131140.0,367.151972626557,55.839375000000004,0.0
131140.0,367.151972626557,56.00475000000001,0.0
131140.0,367.151972626557,56.170125000000006,0.0
131140.0,367.151972626557,56.3355,0.0
131140.0,367.151972626557,56.50087500000001,0.0
131140.0,367.151972626557,56.666250000000005,0.0
131140.0,367.151972626557,56.831625,0.0
131140.0,367.151972626557,56.99700000000001,0.0
131140.0,367.151972626557,57.162375000000004,0.0
131140.0,367.151972626557,57.32775000000001,0.0
131140.0,367.151972626557,57.493125000000006,0.0
131140.0,367.151972626557,57.658500000000004,0.0
131140.0,367.151972626557,57.82387500000001,0.0
131140.0,367.151972626557,57.989250000000006,0.0
131140.0,367.151972626557,58.154625,0.0
131140.0,367.151972626557,58.32000000000001,0.0
131140.0,367.151972626557,58.485375000000005,0.0
131140.0,367.151972626557,58.65075,0.0
131140.0,367.151972626557,58.81612500000001,0.0
131140.0,367.151972626557,58.981500000000004,0.0
131140.0,367.151972626557,59.14687500000001,0.0
131140.0,367.151972626557,59.312250000000006,0.0
131140.0,367.151972626557,59.477625,0.0
131140.0,367.151972626557,59.64300000000001,0.0
131140.0,367.151972626557,59.808375000000005,0.0
131140.0,367.151972626557,59.97375,0.0
131140.0,367.151972626557,60.13912500000001,0.0
131140.0,367.151972626557,60.304500000000004,0.0
131140.0,367.151972626557,60.46987500000001,0.0
131140.0,367.151972626557,60.635250000000006,0.0
131140.0,367.151972626557,60.800625000000004,0.0
131140.0,367.151972626557,60.96600000000001,0.0
131140.0,367.151972626557,61.131375000000006,0.0
131140.0,367.151972626557,61.29675,0.0
131140.0,367.151972626557,61.46212500000001,0.0
131140.0,367.151972626557,61.627500000000005,0.0
131140.0,367.151972626557,61.79287500000001,0.0
131140.0,367.151972626557,61.95825000000001,0.0
131140.0,367.151972626557,62.123625000000004,0.0
131140.0,367.151972626557,62.28900000000001,0.0
131140.0,367.151972626557,62.454375000000006,0.0
131140.0,367.151972626557,62.61975,0.0
131140.0,367.151972626557,62.78512500000001,0.0
131140.0,367.151972626557,62.950500000000005,0.0
131140.0,367.151972626557,63.11587500000001,0.0
131140.0,367.151972626557,63.28125000000001,0.0
131140.0,367.151972626557,63.446625000000004,0.0
131140.0,367.151972626557,63.61200000000001,0.0
131140.0,367.151972626557,63.777375000000006,0.0
131140.0,367.151972626557,63.942750000000004,0.0
131140.0,367.151972626557,64.10812500000002,0.0
131140.0,367.151972626557,64.27350000000001,0.0
131140.0,367.151972626557,64.43887500000001,0.0
131140.0,367.151972626557,64.60425000000001,0.0
131140.0,367.151972626557,64.769625,0.0
131140.0,367.151972626557,64.93500000000002,0.0
131140.0,367.151972626557,65.10037500000001,0.0
131140.0,367.151972626557,65.26575000000001,0.0
131140.0,367.151972626557,65.43112500000001,0.0
131140.0,367.151972626557,65.5965,0.0
131140.0,367.151972626557,65.761875,0.0
131140.0,367.151972626557,65.92725000000002,0.0
131140.0,367.151972626557,66.09262500000001,0.0
131140.0,367.151972626557,66.25800000000001,0.0
131140.0,367.151972626557,66.42337500000001,0.0
131140.0,367.151972626557,66.58875,0.0
131140.0,367.151972626557,66.75412500000002,0.0
131140.0,367.151972626557,66.91950000000001,0.0
131140.0,367.151972626557,67.08487500000001,0.0
131140.0,367.151972626557,67.25025000000001,0.0
131140.0,367.151972626557,67.415625,0.0
131140.0,367.151972626557,67.58100000000002,0.0
131140.0,367.151972626557,67.74637500000001,0.0
131140.0,367.151972626557,67.91175000000001,0.0
131140.0,367.151972626557,68.07712500000001,0.0
131140.0,367.151972626557,68.2425,0.0
131140.0,367.151972626557,68.407875,0.0
131140.0,367.151972626557,68.57325000000002,0.0
131140.0,367.151972626557,68.73862500000001,0.0
131140.0,367.151972626557,68.90400000000001,0.0
131140.0,367.151972626557,69.06937500000001,0.0
131140.0,367.151972626557,69.23475,0.0
131140.0,367.151972626557,69.40012500000002,0.0
131140.0,367.151972626557,69.56550000000001,0.0
131140.0,367.151972626557,69.73087500000001,0.0
131140.0,367.151972626557,69.89625000000001,0.0
131140.0,367.151972626557,70.06162500000002,0.0
131140.0,367.151972626557,70.22700000000002,0.0
131140.0,367.151972626557,70.39237500000002,0.0
131140.0,367.151972626557,70.55775000000001,0.0
131140.0,367.151972626557,70.72312500000001,0.0
131140.0,367.151972626557,70.88850000000001,0.0
131140.0,367.151972626557,71.05387500000002,0.0
131140.0,367.151972626557,71.21925000000002,0.0
131140.0,367.151972626557,71.38462500000001,0.0
131140.0,367.151972626557,71.55000000000001,0.0
131140.0,367.151972626557,71.71537500000001,0.0
131140.0,367.151972626557,71.88075000000002,0.0
131140.0,367.151972626557,72.04612500000002,0.0
131140.0,367.151972626557,72.21150000000002,0.0
131140.0,367.151972626557,72.37687500000001,0.0
131140.0,367.151972626557,72.54225000000001,0.0
131140.0,367.151972626557,72.70762500000002,0.0
131140.0,367.151972626557,72.87300000000002,0.0
131140.0,367.151972626557,73.03837500000002,0.0
131140.0,367.151972626557,73.20375000000001,0.0
131140.0,367.151972626557,73.36912500000001,0.0
131140.0,367.151972626557,73.53450000000001,0.0
131140.0,367.151972626557,73.69987500000002,0.0
131140.0,367.151972626557,73.86525000000002,0.0
131140.0,367.151972626557,74.03062500000001,0.0
131140.0,367.151972626557,74.19600000000001,0.0
131140.0,367.151972626557,74.36137500000001,0.0
131140.0,367.151972626557,74.52675000000002,0.0
131140.0,367.151972626557,74.69212500000002,0.0
131140.0,367.151972626557,74.85750000000002,0.0
131140.0,367.151972626557,75.02287500000001,0.0
131140.0,367.151972626557,75.18825000000001,0.0
131140.0,367.151972626557,75.35362500000001,0.0
131140.0,367.151972626557,75.51900000000002,0.0
131140.0,367.151972626557,75.68437500000002,0.0
131140.0,367.151972626557,75.84975000000001,0.0
131140.0,367.151972626557,76.01512500000001,0.0
131140.0,367.151972626557,76.18050000000001,0.0
131140.0,367.151972626557,76.34587500000002,0.0
131140.0,367.151972626557,76.51125000000002,0.0
131140.0,367.151972626557,76.67662500000002,0.0
131140.0,367.151972626557,76.84200000000001,0.0
131140.0,367.151972626557,77.00737500000001,0.0
131140.0,367.151972626557,77.17275000000002,0.0
131140.0,367.151972626557,77.33812500000002,0.0
131140.0,367.151972626557,77.50350000000002,0.0
131140.0,367.151972626557,77.66887500000001,0.0
131140.0,367.151972626557,77.83425000000001,0.0
131140.0,367.151972626557,77.99962500000001,0.0
131140.0,367.151972626557,78.16500000000002,0.0
131140.0,367.151972626557,78.33037500000002,0.0
131140.0,367.151972626557,78.49575000000002,0.0
131140.0,367.151972626557,78.66112500000001,0.0
131140.0,367.151972626557,78.82650000000001,0.0
131140.0,367.151972626557,78.99187500000002,0.0
131140.0,367.151972626557,79.15725000000002,0.0
131140.0,367.151972626557,79.32262500000002,0.0
131140.0,367.151972626557,79.48800000000001,0.0
131140.0,367.151972626557,79.65337500000001,0.0
131140.0,367.151972626557,79.81875000000001,0.0
131140.0,367.151972626557,79.98412500000002,0.0
131140.0,367.151972626557,80.14950000000002,0.0
131140.0,367.151972626557,80.31487500000001,0.0
131140.0,367.151972626557,80.48025000000001,0.0
131140.0,367.151972626557,80.64562500000001,0.0
131140.0,367.151972626557,80.81100000000002,0.0
131140.0,367.151972626557,80.97637500000002,0.0
131140.0,367.151972626557,81.14175000000002,0.0
131140.0,367.151972626557,81.30712500000001,0.0
131140.0,367.151972626557,81.47250000000001,0.0
131140.0,367.151972626557,81.63787500000002,0.0
131140.0,367.151972626557,81.80325000000002,0.0
131140.0,367.151972626557,81.96862500000002,0.0
131140.0,367.151972626557,82.13400000000001,0.0
131140.0,367.151972626557,82.29937500000001,0.0
131140.0,367.151972626557,82.46475000000001,0.0
131140.0,367.151972626557,82.63012500000002,0.0
131140.0,367.151972626557,82.79550000000002,0.0
131140.0,367.151972626557,82.96087500000002,0.0
131140.0,367.151972626557,83.12625000000001,0.0
131140.0,367.151972626557,83.29162500000001,0.0
131140.0,367.151972626557,83.45700000000002,0.0
131140.0,367.151972626557,83.62237500000002,0.0
131140.0,367.151972626557,83.78775000000002,0.0
131140.0,367.151972626557,83.95312500000001,0.0
131140.0,367.151972626557,84.11850000000001,0.0
131140.0,367.151972626557,84.28387500000002,0.0
131140.0,367.151972626557,84.44925000000002,0.0
131140.0,367.151972626557,84.61462500000002,0.0
131140.0,367.151972626557,84.78000000000002,0.0
131140.0,367.151972626557,84.94537500000001,0.0
131140.0,367.151972626557,85.11075000000001,0.0
131140.0,367.151972626557,85.27612500000002,0.0
131140.0,367.151972626557,85.44150000000002,0.0
131140.0,367.151972626557,85.60687500000002,0.0
131140.0,367.151972626557,85.77225000000001,0.0
131140.0,367.151972626557,85.93762500000001,0.0
131140.0,367.151972626557,86.10300000000002,0.0
131140.0,367.151972626557,86.26837500000002,0.0
131140.0,367.151972626557,86.43375000000002,0.0
131140.0,367.151972626557,86.59912500000002,0.0
131140.0,367.151972626557,86.76450000000001,0.0
131140.0,367.151972626557,86.92987500000001,0.0
131140.0,367.151972626557,87.09525000000002,0.0
131140.0,367.151972626557,87.26062500000002,0.0
131140.0,367.151972626557,87.42600000000002,0.0
131140.0,367.151972626557,87.59137500000001,0.0
131140.0,367.151972626557,87.75675000000001,0.0
131140.0,367.151972626557,87.92212500000002,0.0
131140.0,367.151972626557,88.08750000000002,0.0
131140.0,367.151972626557,88.25287500000002,0.0
131140.0,367.151972626557,88.41825000000001,0.0
131140.0,367.151972626557,88.58362500000001,0.0
131140.0,367.151972626557,88.74900000000002,0.0
131140.0,367.151972626557,88.91437500000002,0.0
131140.0,367.151972626557,89.07975000000002,0.0
131140.0,367.151972626557,89.24512500000002,0.0
131140.0,367.151972626557,89.41050000000001,0.0
131140.0,367.151972626557,89.57587500000001,0.0
131140.0,367.151972626557,89.74125000000002,0.0
131140.0,367.151972626557,89.90662500000002,0.0
131140.0,367.151972626557,90.07200000000002,0.0
131140.0,367.151972626557,90.23737500000001,0.0
131140.0,367.151972626557,90.40275000000001,0.0
131140.0,367.151972626557,90.56812500000002,0.0
131140.0,367.151972626557,90.73350000000002,0.0
131140.0,367.151972626557,90.89887500000002,0.0
131140.0,367.151972626557,91.06425000000002,0.0
131140.0,367.151972626557,91.22962500000001,0.0
131140.0,367.151972626557,91.39500000000001,0.0
131140.0,367.151972626557,91.56037500000002,0.0
131140.0,367.151972626557,91.72575000000002,0.0
131140.0,367.151972626557,91.89112500000002,0.0
131140.0,367.151972626557,92.05650000000001,0.0
131140.0,367.151972626557,92.22187500000001,0.0
131140.0,367.151972626557,92.38725000000002,0.0
131140.0,367.151972626557,92.55262500000002,0.0
131140.0,367.151972626557,92.71800000000002,0.0
131140.0,367.151972626557,92.88337500000002,0.0
131140.0,367.151972626557,93.04875000000001,0.0
131140.0,367.151972626557,93.21412500000002,0.0
131140.0,367.151972626557,93.37950000000002,0.0
131140.0,367.151972626557,93.54487500000002,0.0
131140.0,367.151972626557,93.71025000000002,0.0
131140.0,367.151972626557,93.87562500000001,0.0
131140.0,367.151972626557,94.04100000000001,0.0
131140.0,367.151972626557,94.20637500000002,0.0
131140.0,367.151972626557,94.37175000000002,0.0
131140.0,367.151972626557,94.53712500000002,0.0
131140.0,367.151972626557,94.70250000000001,0.0
131140.0,367.151972626557,94.86787500000001,0.0
131140.0,367.151972626557,95.03325000000002,0.0
131140.0,367.151972626557,95.19862500000002,0.0
131140.0,367.151972626557,95.36400000000002,0.0
131140.0,367.151972626557,95.52937500000002,0.0
131140.0,367.151972626557,95.69475000000001,0.0
131140.0,367.151972626557,95.86012500000001,0.0
131140.0,367.151972626557,96.02550000000002,0.0
131140.0,367.151972626557,96.19087500000002,0.0
131140.0,367.151972626557,96.35625000000002,0.0
131140.0,367.151972626557,96.52162500000001,0.0
131140.0,367.151972626557,96.68700000000001,0.0
131140.0,367.151972626557,96.85237500000002,0.0
131140.0,367.151972626557,97.01775000000002,0.0
131140.0,367.151972626557,97.18312500000002,0.0
131140.0,367.151972626557,97.34850000000002,0.0
131140.0,367.151972626557,97.51387500000001,0.0
131140.0,367.151972626557,97.67925000000002,0.0
131140.0,367.151972626557,97.84462500000002,0.0
131140.0,367.151972626557,98.01000000000002,0.0
131140.0,367.151972626557,98.17537500000002,0.0
131140.0,367.151972626557,98.34075000000001,0.0
131140.0,367.151972626557,98.50612500000001,0.0
131140.0,367.151972626557,98.67150000000002,0.0
131140.0,367.151972626557,98.83687500000002,0.0
131140.0,367.151972626557,99.00225000000002,0.0
131140.0,367.151972626557,99.16762500000002,0.0
131140.0,367.151972626557,99.33300000000001,0.0
131140.0,367.151972626557,99.49837500000002,0.0
131140.0,367.151972626557,99.66375000000002,0.0
131140.0,367.151972626557,99.82912500000002,0.0
131140.0,367.151972626557,99.99450000000002,0.0
131140.0,367.151972626557,100.15987500000001,0.0
131140.0,367.151972626557,100.32525000000003,0.0
131140.0,367.151972626557,100.49062500000002,0.0
131140.0,367.151972626557,100.65600000000002,0.0
131140.0,367.151972626557,100.82137500000002,0.0
131140.0,367.151972626557,100.98675000000001,0.0
131140.0,367.151972626557,101.15212500000001,0.0
131140.0,367.151972626557,101.31750000000002,0.0
131140.0,367.151972626557,101.48287500000002,0.0
131140.0,367.151972626557,101.64825000000002,0.0
131140.0,367.151972626557,101.81362500000002,0.0
131140.0,367.151972626557,101.97900000000001,0.0
131140.0,367.151972626557,102.14437500000003,0.0
131140.0,367.151972626557,102.30975000000002,0.0
131140.0,367.151972626557,102.47512500000002,0.0
131140.0,367.151972626557,102.64050000000002,0.0
131140.0,367.151972626557,102.80587500000001,0.0
131140.0,367.151972626557,102.97125000000001,0.0
131140.0,367.151972626557,103.13662500000002,0.0
131140.0,367.151972626557,103.30200000000002,0.0
131140.0,367.151972626557,103.46737500000002,0.0
131140.0,367.151972626557,103.63275000000002,0.0
131140.0,367.151972626557,103.79812500000001,0.0
131140.0,367.151972626557,103.96350000000002,0.0
131140.0,367.151972626557,104.12887500000002,0.0
131140.0,367.151972626557,104.29425000000002,0.0
131140.0,367.151972626557,104.45962500000002,0.0
131140.0,367.151972626557,104.62500000000001,0.0
131140.0,367.151972626557,104.79037500000003,0.0
131140.0,367.151972626557,104.95575000000002,0.0
131140.0,367.151972626557,105.12112500000002,0.0
131140.0,367.151972626557,105.28650000000002,0.0
131140.0,367.151972626557,105.45187500000002,0.0
131140.0,367.151972626557,105.61725000000001,0.0
131140.0,367.151972626557,105.78262500000002,0.0
131140.0,367.151972626557,105.94800000000002,0.0
131140.0,367.151972626557,106.11337500000002,0.0
131140.0,367.151972626557,106.27875000000002,0.0
131140.0,367.151972626557,106.44412500000001,0.0
131140.0,367.151972626557,106.60950000000003,0.0
131140.0,367.151972626557,106.77487500000002,0.0
131140.0,367.151972626557,106.94025000000002,0.0
131140.0,367.151972626557,107.10562500000002,0.0
131140.0,367.151972626557,107.27100000000002,0.0
131140.0,367.151972626557,107.43637500000001,0.0
131140.0,367.151972626557,107.60175000000002,0.0
131140.0,367.151972626557,107.76712500000002,0.0
131140.0,367.151972626557,107.93250000000002,0.0
131140.0,367.151972626557,108.09787500000002,0.0
131140.0,367.151972626557,108.26325000000001,0.0
131140.0,367.151972626557,108.42862500000003,0.0
131140.0,367.151972626557,108.59400000000002,0.0
131140.0,367.151972626557,108.75937500000002,0.0
131140.0,367.151972626557,108.92475000000002,0.0
131140.0,367.151972626557,109.09012500000001,0.0
131140.0,367.151972626557,109.25550000000003,0.0
131140.0,367.151972626557,109.42087500000002,0.0
131140.0,367.151972626557,109.58625000000002,0.0
131140.0,367.151972626557,109.75162500000002,0.0
131140.0,367.151972626557,109.91700000000002,0.0
131140.0,367.151972626557,110.08237500000001,0.0
131140.0,367.151972626557,110.24775000000002,0.0
131140.0,367.151972626557,110.41312500000002,0.0
131140.0,367.151972626557,110.57850000000002,0.0
131140.0,367.151972626557,110.74387500000002,0.0
131140.0,367.151972626557,110.90925000000001,0.0
131140.0,367.151972626557,111.07462500000003,0.0
131140.0,367.151972626557,111.24000000000002,0.0
131140.0,367.151972626557,111.40537500000002,0.0
131140.0,367.151972626557,111.57075000000002,0.0
131140.0,367.151972626557,111.73612500000002,0.0
131140.0,367.151972626557,111.90150000000001,0.0
131140.0,367.151972626557,112.06687500000002,0.0
131140.0,367.151972626557,112.23225000000002,0.0
131140.0,367.151972626557,112.39762500000002,0.0
131140.0,367.151972626557,112.56300000000002,0.0
131140.0,367.151972626557,112.72837500000001,0.0
131140.0,367.151972626557,112.89375000000003,0.0
131140.0,367.151972626557,113.05912500000002,0.0
131140.0,367.151972626557,113.22450000000002,0.0
131140.0,367.151972626557,113.38987500000002,0.0
131140.0,367.151972626557,113.55525000000002,0.0
131140.0,367.151972626557,113.72062500000003,0.0
131140.0,367.151972626557,113.88600000000002,0.0
131140.0,367.151972626557,114.05137500000002,0.0
131140.0,367.151972626557,114.21675000000002,0.0
131140.0,367.151972626557,114.38212500000002,0.0
131140.0,367.151972626557,114.54750000000001,0.0
131140.0,367.151972626557,114.71287500000003,0.0
131140.0,367.151972626557,114.87825000000002,0.0
131140.0,367.151972626557,115.04362500000002,0.0
131140.0,367.151972626557,115.20900000000002,0.0
131140.0,367.151972626557,115.37437500000001,0.0
131140.0,367.151972626557,115.53975000000003,0.0
131140.0,367.151972626557,115.70512500000002,0.0
131140.0,367.151972626557,115.87050000000002,0.0
131140.0,367.151972626557,116.03587500000002,0.0
131140.0,367.151972626557,116.20125000000002,0.0
131140.0,367.151972626557,116.36662500000003,0.0
131140.0,367.151972626557,116.53200000000002,0.0
131140.0,367.151972626557,116.69737500000002,0.0
131140.0,367.151972626557,116.86275000000002,0.0
131140.0,367.151972626557,117.02812500000002,0.0
131140.0,367.151972626557,117.19350000000001,0.0
131140.0,367.151972626557,117.35887500000003,0.0
131140.0,367.151972626557,117.52425000000002,0.0
131140.0,367.151972626557,117.68962500000002,0.0
131140.0,367.151972626557,117.85500000000002,0.0
131140.0,367.151972626557,118.02037500000002,0.0
131140.0,367.151972626557,118.18575000000003,0.0
131140.0,367.151972626557,118.35112500000002,0.0
131140.0,367.151972626557,118.51650000000002,0.0
131140.0,367.151972626557,118.68187500000002,0.0
131140.0,367.151972626557,118.84725000000002,0.0
131140.0,367.151972626557,119.01262500000001,0.0
131140.0,367.151972626557,119.17800000000003,0.0
131140.0,367.151972626557,119.34337500000002,0.0
131140.0,367.151972626557,119.50875000000002,0.0
131140.0,367.151972626557,119.67412500000002,0.0
131140.0,367.151972626557,119.83950000000002,0.0
131140.0,367.151972626557,120.00487500000003,0.0
131140.0,367.151972626557,120.17025000000002,0.0
131140.0,367.151972626557,120.33562500000002,0.0
131140.0,367.151972626557,120.50100000000002,0.0
131140.0,367.151972626557,120.66637500000002,0.0
131140.0,367.151972626557,120.83175000000003,0.0
131140.0,367.151972626557,120.99712500000003,0.0
131140.0,367.151972626557,121.16250000000002,0.0
131140.0,367.151972626557,121.32787500000002,0.0
131140.0,367.151972626557,121.49325000000002,0.0
131140.0,367.151972626557,121.65862500000001,0.0
131140.0,367.151972626557,121.82400000000003,0.0
131140.0,367.151972626557,121.98937500000002,0.0
131140.0,367.151972626557,122.15475000000002,0.0
131140.0,367.151972626557,122.32012500000002,0.0
131140.0,367.151972626557,122.48550000000002,0.0
131140.0,367.151972626557,122.65087500000003,0.0
131140.0,367.151972626557,122.81625000000003,0.0
131140.0,367.151972626557,122.98162500000002,0.0
131140.0,367.151972626557,123.14700000000002,0.0
131140.0,367.151972626557,123.31237500000002,0.0
131140.0,367.151972626557,123.47775000000001,0.0
131140.0,367.151972626557,123.64312500000003,0.0
131140.0,367.151972626557,123.80850000000002,0.0
131140.0,367.151972626557,123.97387500000002,0.0
131140.0,367.151972626557,124.13925000000002,0.0
131140.0,367.151972626557,124.30462500000002,0.0
131140.0,367.151972626557,124.47000000000003,0.0
131140.0,367.151972626557,124.63537500000002,0.0
131140.0,367.151972626557,124.80075000000002,0.0
131140.0,367.151972626557,124.96612500000002,0.0
131140.0,367.151972626557,125.13150000000002,0.0
131140.0,367.151972626557,125.29687500000003,0.0
131140.0,367.151972626557,125.46225000000003,0.0
131140.0,367.151972626557,125.62762500000002,0.0
131140.0,367.151972626557,125.79300000000002,0.0
131140.0,367.151972626557,125.95837500000002,0.0
131140.0,367.151972626557,126.12375000000002,0.0
131140.0,367.151972626557,126.28912500000003,0.0
131140.0,367.151972626557,126.45450000000002,0.0
131140.0,367.151972626557,126.61987500000002,0.0
131140.0,367.151972626557,126.78525000000002,0.0
131140.0,367.151972626557,126.95062500000002,0.0
131140.0,367.151972626557,127.11600000000003,0.0
131140.0,367.151972626557,127.28137500000003,0.0
131140.0,367.151972626557,127.44675000000002,0.0
131140.0,367.151972626557,127.61212500000002,0.0
131140.0,367.151972626557,127.77750000000002,0.0
131140.0,367.151972626557,127.94287500000002,0.0
131140.0,367.151972626557,128.10825000000003,0.0
131140.0,367.151972626557,128.273625,0.0
131140.0,367.151972626557,128.43900000000002,0.0
131140.0,367.151972626557,128.604375,0.0
131140.0,367.151972626557,128.76975000000002,0.0
131140.0,367.151972626557,128.93512500000003,0.0
131140.0,367.151972626557,129.1005,0.0
131140.0,367.151972626557,129.26587500000002,0.0
131140.0,367.151972626557,129.43125,0.0
131140.0,367.151972626557,129.59662500000002,0.0
131140.0,367.151972626557,129.76200000000003,0.0
131140.0,367.151972626557,129.927375,0.0
131140.0,367.151972626557,130.09275000000002,0.0
131140.0,367.151972626557,130.258125,0.0
131140.0,367.151972626557,130.42350000000002,0.0
131140.0,367.151972626557,130.588875,0.0
131140.0,367.151972626557,130.75425,0.0
131140.0,367.151972626557,130.91962500000002,0.0
131140.0,367.151972626557,131.085,0.0
131140.0,367.151972626557,131.25037500000002,0.0
131140.0,367.151972626557,131.41575,0.0
131140.0,367.151972626557,131.58112500000001,0.0
131140.0,367.151972626557,131.74650000000003,0.0
131140.0,367.151972626557,131.911875,0.0
131140.0,367.151972626557,132.07725000000002,0.0
131140.0,367.151972626557,132.242625,0.0
131140.0,367.151972626557,132.40800000000002,0.0
131140.0,367.151972626557,132.57337500000003,0.0
131140.0,367.151972626557,132.73875,0.0
131140.0,367.151972626557,132.90412500000002,0.0
131140.0,367.151972626557,133.0695,0.0
131140.0,367.151972626557,133.23487500000002,0.0
131140.0,367.151972626557,133.40025000000003,0.0
131140.0,367.151972626557,133.565625,0.0
131140.0,367.151972626557,133.73100000000002,0.0
131140.0,367.151972626557,133.89637500000003,0.0
131140.0,367.151972626557,134.06175000000002,0.0
131140.0,367.151972626557,134.22712500000003,0.0
131140.0,367.151972626557,134.3925,0.0
131140.0,367.151972626557,134.55787500000002,0.0
131140.0,367.151972626557,134.72325000000004,0.0
131140.0,367.151972626557,134.88862500000002,0.0
131140.0,367.151972626557,135.05400000000003,0.0
131140.0,367.151972626557,135.219375,0.0
131140.0,367.151972626557,135.38475000000003,0.0
131140.0,367.151972626557,135.55012500000004,0.0
131140.0,367.151972626557,135.71550000000002,0.0
131140.0,367.151972626557,135.88087500000003,0.0
131140.0,367.151972626557,136.04625000000001,0.0
131140.0,367.151972626557,136.21162500000003,0.0
131140.0,367.151972626557,136.377,0.0
131140.0,367.151972626557,136.54237500000002,0.0
131140.0,367.151972626557,136.70775000000003,0.0
131140.0,367.151972626557,136.87312500000002,0.0
131140.0,367.151972626557,137.03850000000003,0.0
131140.0,367.151972626557,137.203875,0.0
131140.0,367.151972626557,137.36925000000002,0.0
131140.0,367.151972626557,137.53462500000003,0.0
131140.0,367.151972626557,137.70000000000002,0.0
131140.0,367.151972626557,137.86537500000003,0.0
131140.0,367.151972626557,138.03075,0.0
131140.0,367.151972626557,138.19612500000002,0.0
131140.0,367.151972626557,138.36150000000004,0.0
131140.0,367.151972626557,138.52687500000002,0.0
131140.0,367.151972626557,138.69225000000003,0.0
131140.0,367.151972626557,138.857625,0.0
131140.0,367.151972626557,139.02300000000002,0.0
131140.0,367.151972626557,139.18837500000004,4.695472846304615e-09
131140.0,367.151972626557,139.35375000000002,2.4793167699883895e-08
131140.0,367.151972626557,139.51912500000003,7.757273819900886e-08
131140.0,367.151972626557,139.6845,1.6502278992721614e-07
131140.0,367.151972626557,139.84987500000003,2.8701065929148435e-07
131140.0,367.151972626557,140.01525000000004,4.478930057932425e-07
131140.0,367.151972626557,140.18062500000002,6.642517036606164e-07
131140.0,367.151972626557,140.34600000000003,9.374379832118611e-07
131140.0,367.151972626557,140.51137500000002,1.2672061943529008e-06
131140.0,367.151972626557,140.67675000000003,1.6533028151753727e-06
131140.0,367.151972626557,140.842125,2.0954665794619486e-06
131140.0,367.151972626557,141.00750000000002,2.593631347310647e-06
131140.0,367.151972626557,141.17287500000003,3.161214120894691e-06
131140.0,367.151972626557,141.33825000000002,3.8061626599429487e-06
131140.0,367.151972626557,141.50362500000003,4.52808551679645e-06
131140.0,367.151972626557,141.669,5.326581183434271e-06
131140.0,367.151972626557,141.83437500000002,6.2012382630275815e-06
131140.0,367.151972626557,141.99975000000003,7.151635644949879e-06
131140.0,367.151972626557,142.16512500000002,8.17734267577526e-06
131140.0,367.151972626557,142.33050000000003,9.277919331750791e-06
131140.0,367.151972626557,142.495875,1.0453476212307858e-05
131140.0,367.151972626557,142.66125000000002,1.1717983587274802e-05
131140.0,367.151972626557,142.82662500000004,1.3077229044419268e-05
131140.0,367.151972626557,142.99200000000002,1.4530625839564268e-05
131140.0,367.151972626557,143.15737500000003,1.6077576100163368e-05
131140.0,367.151972626557,143.32275,1.7717471041617936e-05
131140.0,367.151972626557,143.48812500000003,1.9449691179118794e-05
131140.0,367.151972626557,143.65350000000004,2.127360654175597e-05
131140.0,367.151972626557,143.81887500000002,2.3189096068550275e-05
131140.0,367.151972626557,143.98425000000003,2.5203499585813168e-05
131140.0,367.151972626557,144.14962500000001,2.7327748219468866e-05
131140.0,367.151972626557,144.31500000000003,2.957448504554056e-05
131140.0,367.151972626557,144.48037500000004,3.1955030035729066e-05
131140.0,367.151972626557,144.64575000000002,3.447658274031339e-05
131140.0,367.151972626557,144.81112500000003,3.714332904701972e-05
131140.0,367.151972626557,144.97650000000002,3.996993851403071e-05
131140.0,367.151972626557,145.14187500000003,4.2956393319437336e-05
131140.0,367.151972626557,145.30725,4.6101572173384096e-05
131140.0,367.151972626557,145.47262500000002,4.9404336803212425e-05
131140.0,367.151972626557,145.63800000000003,5.2863532311084926e-05
131140.0,367.151972626557,145.80337500000002,5.6477987531806466e-05
131140.0,367.151972626557,145.96875000000003,6.0252648856661616e-05
131140.0,367.151972626557,146.134125,6.420079019066647e-05
131140.0,367.151972626557,146.29950000000002,6.832170316773835e-05
131140.0,367.151972626557,146.46487500000003,7.261405185530906e-05
131140.0,367.151972626557,146.63025000000002,7.708649896735094e-05
131140.0,367.151972626557,146.79562500000003,8.174653870048949e-05
131140.0,367.151972626557,146.961,8.659264738580641e-05
131140.0,367.151972626557,147.12637500000002,9.162328373217794e-05
131140.0,367.151972626557,147.29175000000004,9.68368892473982e-05
131140.0,367.151972626557,147.45712500000002,0.00010223251798630641
131140.0,367.151972626557,147.62250000000003,0.00010782255074951315
131140.0,367.151972626557,147.787875,0.00011361103303245983
131140.0,367.151972626557,147.95325000000003,0.00011959622343983521
131140.0,367.151972626557,148.11862500000004,0.00012577636328481138
131140.0,367.151972626557,148.28400000000002,0.00013214967704203238
131140.0,367.151972626557,148.44937500000003,0.00013871437278983913
131140.0,367.151972626557,148.61475000000002,0.00014546864265579641
131140.0,367.151972626557,148.78012500000003,0.00015241066325500258
131140.0,367.151972626557,148.94550000000004,0.0001595408107075224
131140.0,367.151972626557,149.11087500000002,0.0001668867038046804
131140.0,367.151972626557,149.27625000000003,0.00017447037282945261
131140.0,367.151972626557,149.44162500000002,0.00018232145621807248
131140.0,367.151972626557,149.60700000000003,0.00019045249688899306
131140.0,367.151972626557,149.772375,0.00019886499478746124
131140.0,367.151972626557,149.93775000000002,0.0002075583504286566
131140.0,367.151972626557,150.10312500000003,0.00021656215628225445
131140.0,367.151972626557,150.26850000000002,0.00022588499557014266
131140.0,367.151972626557,150.43387500000003,0.00023552400513971974
131140.0,367.151972626557,150.59925,0.0002454762960270289
131140.0,367.151972626557,150.76462500000002,0.00025573895415080907
131140.0,367.151972626557,150.93000000000004,0.0002663090410117008
131140.0,367.151972626557,151.09537500000002,0.00027718359437658947
131140.0,367.151972626557,151.26075000000003,0.0002883762213910889
131140.0,367.151972626557,151.426125,0.0002999108108482008
131140.0,367.151972626557,151.59150000000002,0.00031178658581622267
131140.0,367.151972626557,151.75687500000004,0.0003240189726900702
131140.0,367.151972626557,151.92225000000002,0.0003366311235194964
131140.0,367.151972626557,152.08762500000003,0.00034964596054531396
131140.0,367.151972626557,152.25300000000001,0.0003630686647042262
131140.0,367.151972626557,152.41837500000003,0.0003768952875541122
131140.0,367.151972626557,152.58375000000004,0.0003911218514807755
131140.0,367.151972626557,152.74912500000002,0.00040574979679404265
131140.0,367.151972626557,152.91450000000003,0.00042080806205320497
131140.0,367.151972626557,153.07987500000002,0.00043632543784779914
131140.0,367.151972626557,153.24525000000003,0.0004522997827088605
131140.0,367.151972626557,153.41062500000004,0.0004687265279163381
131140.0,367.151972626557,153.57600000000002,0.0004856010739340866
131140.0,367.151972626557,153.74137500000003,0.0005029187913914775
131140.0,367.151972626557,153.90675000000002,0.0005206750220585034
131140.0,367.151972626557,154.07212500000003,0.0005388770784327027
131140.0,367.151972626557,154.2375,0.0005575388659430404
131140.0,367.151972626557,154.40287500000002,0.0005766666743910595
131140.0,367.151972626557,154.56825000000003,0.0005962746497492005
131140.0,367.151972626557,154.73362500000002,0.0006163609216624232
131140.0,367.151972626557,154.89900000000003,0.0006369228214627752
131140.0,367.151972626557,155.064375,0.0006579734393617765
131140.0,367.151972626557,155.22975000000002,0.0006795310798517417
131140.0,367.151972626557,155.39512500000004,0.0007015903296964386
131140.0,367.151972626557,155.56050000000002,0.000724145472780968
131140.0,367.151972626557,155.72587500000003,0.000747195018824154
131140.0,367.151972626557,155.89125,0.0007707562450882482
131140.0,367.151972626557,156.05662500000003,0.0007948306112537864
131140.0,367.151972626557,156.22200000000004,0.0008194120587933368
131140.0,367.151972626557,156.38737500000002,0.0008444945042545985
131140.0,367.151972626557,156.55275000000003,0.0008700718403654958
131140.0,367.151972626557,156.71812500000001,0.0008961379371341603
131140.0,367.151972626557,156.88350000000003,0.0009226866525062359
131140.0,367.151972626557,157.04887500000004,0.0009497169656947148
131140.0,367.151972626557,157.21425000000002,0.0009772373000340433
131140.0,367.151972626557,157.37962500000003,0.001005253546648311
131140.0,367.151972626557,157.54500000000002,0.0010337742996829207
131140.0,367.151972626557,157.71037500000003,0.001062828860534415
131140.0,367.151972626557,157.87575000000004,0.0010924235063479739
131140.0,367.151972626557,158.04112500000002,0.0011225860797434962
131140.0,367.151972626557,158.20650000000003,0.0011533233513307652
131140.0,367.151972626557,158.37187500000002,0.0011846278953299742
131140.0,367.151972626557,158.53725000000003,0.001216492265296618
131140.0,367.151972626557,158.70262500000004,0.0012489181018030774
131140.0,367.151972626557,158.86800000000002,0.0012819218762270491
131140.0,367.151972626557,159.03337500000004,0.0013154990171810185
131140.0,367.151972626557,159.19875000000002,0.001349641770458654
131140.0,367.151972626557,159.36412500000003,0.0013843423643225853
131140.0,367.151972626557,159.5295,0.0014195930107395247
131140.0,367.151972626557,159.69487500000002,0.0014553898603735485
131140.0,367.151972626557,159.86025000000004,0.0014917328791851595
131140.0,367.151972626557,160.02562500000002,0.00152861716775236
131140.0,367.151972626557,160.19100000000003,0.0015660618074679427
131140.0,367.151972626557,160.356375,0.0016040829517598816
131140.0,367.151972626557,160.52175000000003,0.0016426952421695316
131140.0,367.151972626557,160.68712500000004,0.0016819089440718625
131140.0,367.151972626557,160.85250000000002,0.0017217216481654168
131140.0,367.151972626557,161.01787500000003,0.001762125301301726
131140.0,367.151972626557,161.18325000000002,0.0018031155074159128
131140.0,367.151972626557,161.34862500000003,0.0018446847520655538
131140.0,367.151972626557,161.51400000000004,0.001886824066292546
131140.0,367.151972626557,161.67937500000002,0.0019295244745545146
131140.0,367.151972626557,161.84475000000003,0.001972777256261071
131140.0,367.151972626557,162.01012500000002,0.0020165894828749887
131140.0,367.151972626557,162.17550000000003,0.002060975571793472
131140.0,367.151972626557,162.34087500000004,0.0021059276107786426
131140.0,367.151972626557,162.50625000000002,0.0021514362483412482
131140.0,367.151972626557,162.67162500000003,0.00219749213186395
131140.0,367.151972626557,162.83700000000002,0.0022440859088501677
131140.0,367.151972626557,163.00237500000003,0.0022912082392567692
131140.0,367.151972626557,163.16775000000004,0.0023388563022795164
131140.0,367.151972626557,163.33312500000002,0.0023870291807967276
131140.0,367.151972626557,163.49850000000004,0.002435745275876897
131140.0,367.151972626557,163.66387500000002,0.002485016951085723
131140.0,367.151972626557,163.82925000000003,0.0025348374041423358
131140.0,367.151972626557,163.994625,0.002585199858794583
131140.0,367.151972626557,164.16000000000003,0.0026361017046316057
131140.0,367.151972626557,164.32537500000004,0.00268753896004307
131140.0,367.151972626557,164.49075000000002,0.0027395210915957097
131140.0,367.151972626557,164.65612500000003,0.002792040325095204
131140.0,367.151972626557,164.82150000000001,0.002845086347031108
131140.0,367.151972626557,164.98687500000003,0.002898648856171658
131140.0,367.151972626557,165.15225000000004,0.002952717564763181
131140.0,367.151972626557,165.31762500000002,0.003007282867836317
131140.0,367.151972626557,165.48300000000003,0.0030623357027500945
131140.0,367.151972626557,165.64837500000002,0.0031178716841208137
131140.0,367.151972626557,165.81375000000003,0.0031738839885189422
131140.0,367.151972626557,165.97912500000004,0.0032303673292462007
131140.0,367.151972626557,166.14450000000002,0.003287317048503656
131140.0,367.151972626557,166.30987500000003,0.003344722721291291
131140.0,367.151972626557,166.47525000000002,0.00340257480644758
131140.0,367.151972626557,166.64062500000003,0.0034608880813757834
131140.0,367.151972626557,166.80600000000004,0.003519679236241553
131140.0,367.151972626557,166.97137500000002,0.003578946726118724
131140.0,367.151972626557,167.13675000000003,0.003638684168964773
131140.0,367.151972626557,167.30212500000002,0.0036988984889225938
131140.0,367.151972626557,167.46750000000003,0.0037595813469490738
131140.0,367.151972626557,167.63287500000004,0.003820721610185676
131140.0,367.151972626557,167.79825000000002,0.003882308724651609
131140.0,367.151972626557,167.96362500000004,0.00394433271214029
131140.0,367.151972626557,168.12900000000002,0.004006782522530798
131140.0,367.151972626557,168.29437500000003,0.004069647108847457
131140.0,367.151972626557,168.45975,0.0041329163322152964
131140.0,367.151972626557,168.62512500000003,0.004196586438684041
131140.0,367.151972626557,168.79050000000004,0.004260648031439841
131140.0,367.151972626557,168.95587500000002,0.004325090116519209
131140.0,367.151972626557,169.12125000000003,0.004389901704302113
131140.0,367.151972626557,169.28662500000002,0.004455071844830752
131140.0,367.151972626557,169.45200000000003,0.004520589628792383
131140.0,367.151972626557,169.61737500000004,0.004586444188470556
131140.0,367.151972626557,169.78275000000002,0.004652632183379881
131140.0,367.151972626557,169.94812500000003,0.004719159206067185
131140.0,367.151972626557,170.11350000000002,0.004786028009054084
131140.0,367.151972626557,170.27887500000003,0.004853234461157032
131140.0,367.151972626557,170.44425000000004,0.004920782577182051
131140.0,367.151972626557,170.60962500000002,0.004988667771176919
131140.0,367.151972626557,170.77500000000003,0.0050568855304427675
131140.0,367.151972626557,170.94037500000002,0.005125427876804055
131140.0,367.151972626557,171.10575000000003,0.005194283491739641
131140.0,367.151972626557,171.27112500000004,0.00526344110704318
131140.0,367.151972626557,171.43650000000002,0.005332889505858575
131140.0,367.151972626557,171.60187500000004,0.005402617523548618
131140.0,367.151972626557,171.76725000000002,0.0054726140485563445
131140.0,367.151972626557,171.93262500000003,0.005542868023240114
131140.0,367.151972626557,172.09800000000004,0.005613368444699968
131140.0,367.151972626557,172.26337500000002,0.005684104488564656
131140.0,367.151972626557,172.42875000000004,0.00575507058305307
131140.0,367.151972626557,172.59412500000002,0.005826258688054186
131140.0,367.151972626557,172.75950000000003,0.005897658214474764
131140.0,367.151972626557,172.92487500000001,0.005969271564852367
131140.0,367.151972626557,173.09025000000003,0.006041094937547234
131140.0,367.151972626557,173.25562500000004,0.006113117425500383
131140.0,367.151972626557,173.42100000000002,0.0061853402921828796
131140.0,367.151972626557,173.58637500000003,0.00625776411247108
131140.0,367.151972626557,173.75175000000002,0.0063303814190569735
131140.0,367.151972626557,173.91712500000003,0.006403197160849548
131140.0,367.151972626557,174.08250000000004,0.006476206531747498
131140.0,367.151972626557,174.24787500000002,0.006549399226678421
131140.0,367.151972626557,174.41325000000003,0.006622764135179358
131140.0,367.151972626557,174.57862500000002,0.006696290180449848
131140.0,367.151972626557,174.74400000000003,0.0067699663535358435
131140.0,367.151972626557,174.90937500000004,0.006843781714646223
131140.0,367.151972626557,175.07475000000002,0.006917725411959746
131140.0,367.151972626557,175.24012500000003,0.006991786675868518
131140.0,367.151972626557,175.40550000000002,0.007065954842702806
131140.0,367.151972626557,175.57087500000003,0.007140219503116765
131140.0,367.151972626557,175.73625000000004,0.007214581711687505
131140.0,367.151972626557,175.90162500000002,0.007289037306940353
131140.0,367.151972626557,176.06700000000004,0.007363575595926819
131140.0,367.151972626557,176.23237500000002,0.0074381859596020315
131140.0,367.151972626557,176.39775000000003,0.007512857869744694
131140.0,367.151972626557,176.56312500000004,0.007587583141730286
131140.0,367.151972626557,176.72850000000003,0.007662361711007978
131140.0,367.151972626557,176.89387500000004,0.007737184388151996
131140.0,367.151972626557,177.05925000000002,0.007812040763799554
131140.0,367.151972626557,177.22462500000003,0.007886922028315028
131140.0,367.151972626557,177.39000000000001,0.007961819098163967
131140.0,367.151972626557,177.55537500000003,0.00803673197602741
131140.0,367.151972626557,177.72075000000004,0.008111656703792295
131140.0,367.151972626557,177.88612500000002,0.00818658383200015
131140.0,367.151972626557,178.05150000000003,0.008261507143773512
131140.0,367.151972626557,178.21687500000002,0.008336428365871772
131140.0,367.151972626557,178.38225000000003,0.00841133806644812
131140.0,367.151972626557,178.54762500000004,0.00848622609433447
131140.0,367.151972626557,178.71300000000002,0.008561082359820104
131140.0,367.151972626557,178.87837500000003,0.008635896841391776
131140.0,367.151972626557,179.04375000000002,0.00871065960069231
131140.0,367.151972626557,179.20912500000003,0.008785360782874624
131140.0,367.151972626557,179.37450000000004,0.00885999061695448
131140.0,367.151972626557,179.53987500000002,0.008934542520348688
131140.0,367.151972626557,179.70525000000004,0.009009015502020263
131140.0,367.151972626557,179.87062500000002,0.00908340333125448
131140.0,367.151972626557,180.03600000000003,0.009157707629366478
131140.0,367.151972626557,180.20137500000004,0.009231919784208079
131140.0,367.151972626557,180.36675000000002,0.009306030142796533
131140.0,367.151972626557,180.53212500000004,0.009380029543968996
131140.0,367.151972626557,180.69750000000002,0.009453910205638436
131140.0,367.151972626557,180.86287500000003,0.009527662901476015
131140.0,367.151972626557,181.02825000000004,0.009601281491566057
131140.0,367.151972626557,181.19362500000003,0.009674772014176101
131140.0,367.151972626557,181.35900000000004,0.009748135292063696
131140.0,367.151972626557,181.52437500000002,0.009821367244739492
131140.0,367.151972626557,181.68975000000003,0.009894460974099666
131140.0,367.151972626557,181.85512500000002,0.009967407202309942
131140.0,367.151972626557,182.02050000000003,0.0100401979709488
131140.0,367.151972626557,182.18587500000004,0.010112832306774925
131140.0,367.151972626557,182.35125000000002,0.010185302364277537
131140.0,367.151972626557,182.51662500000003,0.010257598947578108
131140.0,367.151972626557,182.68200000000002,0.01032971295342897
131140.0,367.151972626557,182.84737500000003,0.010401635371633335
131140.0,367.151972626557,183.01275000000004,0.010473357285185716
131140.0,367.151972626557,183.17812500000002,0.010544869870401376
131140.0,367.151972626557,183.34350000000003,0.010616164397036052
131140.0,367.151972626557,183.50887500000002,0.010687232232598244
131140.0,367.151972626557,183.67425000000003,0.01075806547701805
131140.0,367.151972626557,183.83962500000004,0.0108286569918897
131140.0,367.151972626557,184.00500000000002,0.010899002016006343
131140.0,367.151972626557,184.17037500000004,0.010969098593465381
131140.0,367.151972626557,184.33575000000002,0.011038938505981867
131140.0,367.151972626557,184.50112500000003,0.011108513500721033
131140.0,367.151972626557,184.66650000000004,0.011177815678392905
131140.0,367.151972626557,184.83187500000003,0.011246845059645114
131140.0,367.151972626557,184.99725000000004,0.011315597390697018
131140.0,367.151972626557,185.16262500000002,0.011384065871210582
131140.0,367.151972626557,185.32800000000003,0.011452249699052449
131140.0,367.151972626557,185.49337500000004,0.01152014243814667
131140.0,367.151972626557,185.65875000000003,0.011587739012154031
131140.0,367.151972626557,185.82412500000004,0.01165503388109625
131140.0,367.151972626557,185.98950000000002,0.011722019252184199
131140.0,367.151972626557,186.15487500000003,0.011788687431880942
131140.0,367.151972626557,186.32025000000002,0.011855031326819006
131140.0,367.151972626557,186.48562500000003,0.011921044645469092
131140.0,367.151972626557,186.65100000000004,0.011986720014714186
131140.0,367.151972626557,186.81637500000002,0.012052050097225984
131140.0,367.151972626557,186.98175000000003,0.012117027651970478
131140.0,367.151972626557,187.14712500000002,0.012181645539708295
131140.0,367.151972626557,187.31250000000003,0.012245896740310968
131140.0,367.151972626557,187.47787500000004,0.012309774304704703
131140.0,367.151972626557,187.64325000000002,0.012373271375591084
131140.0,367.151972626557,187.80862500000003,0.012436381191412015
131140.0,367.151972626557,187.97400000000002,0.012499097742120283
131140.0,367.151972626557,188.13937500000003,0.01256142213675316
131140.0,367.151972626557,188.30475000000004,0.012623350133472907
131140.0,367.151972626557,188.47012500000002,0.012684876384379864
131140.0,367.151972626557,188.63550000000004,0.012745994691209442
131140.0,367.151972626557,188.80087500000002,0.012806698686075622
131140.0,367.151972626557,188.96625000000003,0.012866982096526484
131140.0,367.151972626557,189.13162500000004,0.012926838749547101
131140.0,367.151972626557,189.29700000000003,0.01298626299630319
131140.0,367.151972626557,189.46237500000004,0.013045249132013027
131140.0,367.151972626557,189.62775000000002,0.013103791595158579
131140.0,367.151972626557,189.79312500000003,0.013161885654320459
131140.0,367.151972626557,189.95850000000004,0.013219525653120592
131140.0,367.151972626557,190.12387500000003,0.01327670633384614
131140.0,367.151972626557,190.28925000000004,0.013333422490735962
131140.0,367.151972626557,190.45462500000002,0.013389668658707162
131140.0,367.151972626557,190.62000000000003,0.013445439486849693
131140.0,367.151972626557,190.78537500000002,0.013500730337423574
131140.0,367.151972626557,190.95075000000003,0.0135555428349899
131140.0,367.151972626557,191.11612500000004,0.013609873608390404
131140.0,367.151972626557,191.28150000000002,0.013663717514944274
131140.0,367.151972626557,191.44687500000003,0.01371706952523339
131140.0,367.151972626557,191.61225000000002,0.013769924681717012
131140.0,367.151972626557,191.77762500000003,0.013822278114813544
131140.0,367.151972626557,191.94300000000004,0.013874125046826554
131140.0,367.151972626557,192.10837500000002,0.013925460791635348
131140.0,367.151972626557,192.27375000000004,0.013976280754368908
131140.0,367.151972626557,192.43912500000002,0.014026580431089161
131140.0,367.151972626557,192.60450000000003,0.014076355409687956
131140.0,367.151972626557,192.76987500000004,0.014125601715814465
131140.0,367.151972626557,192.93525000000002,0.014174315814368997
131140.0,367.151972626557,193.10062500000004,0.014222499590761392
131140.0,367.151972626557,193.26600000000002,0.01427015082295952
131140.0,367.151972626557,193.43137500000003,0.01431726540261483
131140.0,367.151972626557,193.59675000000004,0.01436383931068236
131140.0,367.151972626557,193.76212500000003,0.014409868617048979
131140.0,367.151972626557,193.92750000000004,0.0144553494801606
131140.0,367.151972626557,194.09287500000002,0.014500278146646445
131140.0,367.151972626557,194.25825000000003,0.0145446509821017
131140.0,367.151972626557,194.42362500000004,0.014588469004937496
131140.0,367.151972626557,194.58900000000003,0.014631731919779942
131140.0,367.151972626557,194.75437500000004,0.014674436341006033
131140.0,367.151972626557,194.91975000000002,0.014716581538714517
131140.0,367.151972626557,195.08512500000003,0.014758165132060179
131140.0,367.151972626557,195.25050000000005,0.014799183784883124
131140.0,367.151972626557,195.41587500000003,0.014839634247179897
131140.0,367.151972626557,195.58125000000004,0.014879513354797907
131140.0,367.151972626557,195.74662500000002,0.01491881831171707
131140.0,367.151972626557,195.91200000000003,0.014957546389493977
131140.0,367.151972626557,196.07737500000002,0.01499569468657245
131140.0,367.151972626557,196.24275000000003,0.015033260368731113
131140.0,367.151972626557,196.40812500000004,0.01507024068512924
131140.0,367.151972626557,196.57350000000002,0.015106632968113064
131140.0,367.151972626557,196.73887500000004,0.01514243463277515
131140.0,367.151972626557,196.90425000000002,0.01517764317649379
131140.0,367.151972626557,197.06962500000003,0.015212256178485588
131140.0,367.151972626557,197.23500000000004,0.015246271299339397
131140.0,367.151972626557,197.40037500000003,0.015279686280555668
131140.0,367.151972626557,197.56575000000004,0.015312498944080164
131140.0,367.151972626557,197.73112500000002,0.015344707191833293
131140.0,367.151972626557,197.89650000000003,0.015376309009119384
131140.0,367.151972626557,198.06187500000004,0.015407302754167268
131140.0,367.151972626557,198.22725000000003,0.015437686746599113
131140.0,367.151972626557,198.39262500000004,0.015467459195489006
131140.0,367.151972626557,198.55800000000002,0.015496618387536304
131140.0,367.151972626557,198.72337500000003,0.015525162686578808
131140.0,367.151972626557,198.88875000000004,0.015553090533096977
131140.0,367.151972626557,199.05412500000003,0.015580400443942868
131140.0,367.151972626557,199.21950000000004,0.015607091025077551
131140.0,367.151972626557,199.38487500000002,0.015633160979852657
131140.0,367.151972626557,199.55025000000003,0.0156586093805373
131140.0,367.151972626557,199.71562500000005,0.015683435132539912
131140.0,367.151972626557,199.88100000000003,0.01570763713131031
131140.0,367.151972626557,200.04637500000004,0.015731214493154497
131140.0,367.151972626557,200.21175000000002,0.015754166289896787
131140.0,367.151972626557,200.37712500000004,0.015776491617761023
131140.0,367.151972626557,200.54250000000002,0.015798189644635974
131140.0,367.151972626557,200.70787500000003,0.015819259611485496
131140.0,367.151972626557,200.87325000000004,0.015839700844392124
131140.0,367.151972626557,201.03862500000002,0.015859512726610653
131140.0,367.151972626557,201.20400000000004,0.015878694707174224
131140.0,367.151972626557,201.36937500000002,0.0158972463041687
131140.0,367.151972626557,201.53475000000003,0.01591516710421341
131140.0,367.151972626557,201.70012500000004,0.015932456761926485
131140.0,367.151972626557,201.86550000000003,0.015949114999397124
131140.0,367.151972626557,202.03087500000004,0.015965141605653547
131140.0,367.151972626557,202.19625000000002,0.015980536436130535
131140.0,367.151972626557,202.36162500000003,0.015995299412132284
131140.0,367.151972626557,202.52700000000004,0.016009430520301744
131140.0,367.151972626557,202.69237500000003,0.016022929812080887
131140.0,367.151972626557,202.85775000000004,0.016035797403170973
131140.0,367.151972626557,203.02312500000002,0.01604803347333694
131140.0,367.151972626557,203.18850000000003,0.016059638277193655
131140.0,367.151972626557,203.35387500000004,0.01607061212574749
131140.0,367.151972626557,203.51925000000003,0.016080955386053572
131140.0,367.151972626557,203.68462500000004,0.016090668486724573
131140.0,367.151972626557,203.85000000000002,0.016099751917392033
131140.0,367.151972626557,204.01537500000003,0.016108206228160192
131140.0,367.151972626557,204.18075000000005,0.016116032029060243
131140.0,367.151972626557,204.34612500000003,0.016123229989506264
131140.0,367.151972626557,204.51150000000004,0.01612980083775169
131140.0,367.151972626557,204.67687500000002,0.01613574536034149
131140.0,367.151972626557,204.84225000000004,0.016141064401566544
131140.0,367.151972626557,205.00762500000002,0.01614575886291575
131140.0,367.151972626557,205.17300000000003,0.016149829702530785
131140.0,367.151972626557,205.33837500000004,0.016153277934659285
131140.0,367.151972626557,205.50375000000003,0.016156104629105612
131140.0,367.151972626557,205.66912500000004,0.01615831091088729
131140.0,367.151972626557,205.83450000000002,0.016159897970417968
131140.0,367.151972626557,205.99987500000003,0.01616086704709767
131140.0,367.151972626557,206.16525000000004,0.01616121942721867
131140.0,367.151972626557,206.33062500000003,0.016160956449897297
131140.0,367.151972626557,206.49600000000004,0.01616007950875223
131140.0,367.151972626557,206.66137500000002,0.016158590058506776
131140.0,367.151972626557,206.82675000000003,0.01615648959491075
131140.0,367.151972626557,206.99212500000004,0.016153779662645053
131140.0,367.151972626557,207.15750000000003,0.016150461856483608
131140.0,367.151972626557,207.32287500000004,0.01614653782074881
131140.0,367.151972626557,207.48825000000002,0.01614200924876575
131140.0,367.151972626557,207.65362500000003,0.016136877882317713
131140.0,367.151972626557,207.81900000000005,0.016131145511105484
131140.0,367.151972626557,207.98437500000003,0.01612481397219869
131140.0,367.151972626557,208.14975000000004,0.016117885149498235
131140.0,367.151972626557,208.31512500000002,0.016110360973192208
131140.0,367.151972626557,208.48050000000003,0.016102243419214887
131140.0,367.151972626557,208.64587500000005,0.016093534508705824
131140.0,367.151972626557,208.81125000000003,0.016084236307473136
131140.0,367.151972626557,208.97662500000004,0.01607435092545086
131140.0,367.151972626557,209.14200000000002,0.016063880518178177
131140.0,367.151972626557,209.30737500000004,0.01605282729240339
131140.0,367.151972626557,209.47275000000002,0.01604119348843225
131140.0,367.151972626557,209.63812500000003,0.016028981387104787
131140.0,367.151972626557,209.80350000000004,0.016016193310713286
131140.0,367.151972626557,209.96887500000003,0.016002831622466216
131140.0,367.151972626557,210.13425000000004,0.01598889872596172
131140.0,367.151972626557,210.29962500000002,0.015974397064652476
131140.0,367.151972626557,210.46500000000003,0.015959329121320365
131140.0,367.151972626557,210.63037500000004,0.015943697418275275
131140.0,367.151972626557,210.79575000000003,0.015927504526496987
131140.0,367.151972626557,210.96112500000004,0.01591075305591111
131140.0,367.151972626557,211.12650000000002,0.01589344564316113
131140.0,367.151972626557,211.29187500000003,0.015875584959321887
131140.0,367.151972626557,211.45725000000004,0.015857173714268903
131140.0,367.151972626557,211.62262500000003,0.015838214654336286
131140.0,367.151972626557,211.78800000000004,0.01581871055750179
131140.0,367.151972626557,211.95337500000002,0.0157986642363582
131140.0,367.151972626557,212.11875000000003,0.01577807853761571
131140.0,367.151972626557,212.28412500000005,0.015756956341585665
131140.0,367.151972626557,212.44950000000003,0.015735300561671325
131140.0,367.151972626557,212.61487500000004,0.01571311414385773
131140.0,367.151972626557,212.78025000000002,0.015690400066202703
131140.0,367.151972626557,212.94562500000004,0.015667161338330272
131140.0,367.151972626557,213.11100000000005,0.015643401000924914
131140.0,367.151972626557,213.27637500000003,0.015619122125229777
131140.0,367.151972626557,213.44175000000004,0.01559432781254531
131140.0,367.151972626557,213.60712500000002,0.015569021193727607
131140.0,367.151972626557,213.77250000000004,0.015543205428693752
131140.0,367.151972626557,213.93787500000002,0.01551688370592316
131140.0,367.151972626557,214.10325000000003,0.01549005924196532
131140.0,367.151972626557,214.26862500000004,0.015462735280947418
131140.0,367.151972626557,214.43400000000003,0.015434915094084067
131140.0,367.151972626557,214.59937500000004,0.015406601979189211
131140.0,367.151972626557,214.76475000000002,0.015377799260190814
131140.0,367.151972626557,214.93012500000003,0.015348510286645385
131140.0,367.151972626557,215.09550000000004,0.015318738433255628
131140.0,367.151972626557,215.26087500000003,0.015288487100447789
131140.0,367.151972626557,215.42625000000004,0.01525775972014844
131140.0,367.151972626557,215.59162500000002,0.015226559741272452
131140.0,367.151972626557,215.75700000000003,0.015194890634139568
131140.0,367.151972626557,215.92237500000005,0.01516275589183699
131140.0,367.151972626557,216.08775000000003,0.01513015902975434
131140.0,367.151972626557,216.25312500000004,0.015097103585113725
131140.0,367.151972626557,216.41850000000002,0.015063593116506969
131140.0,367.151972626557,216.58387500000003,0.01502963120343049
131140.0,367.151972626557,216.74925000000005,0.014995221445827723
131140.0,367.151972626557,216.91462500000003,0.014960367463628345
131140.0,367.151972626557,217.08000000000004,0.014925072896295131
131140.0,367.151972626557,217.24537500000002,0.014889341402366509
131140.0,367.151972626557,217.41075000000004,0.014853176659008788
131140.0,367.151972626557,217.57612500000005,0.014816582361567195
131140.0,367.151972626557,217.74150000000003,0.014779562223115885
131140.0,367.151972626557,217.90687500000004,0.0147421199740176
131140.0,367.151972626557,218.07225000000003,0.014704259361479035
131140.0,367.151972626557,218.23762500000004,0.014665984149113506
131140.0,367.151972626557,218.40300000000002,0.014627298116502466
131140.0,367.151972626557,218.56837500000003,0.014588205058762231
131140.0,367.151972626557,218.73375000000004,0.014548708786109612
131140.0,367.151972626557,218.89912500000003,0.014508813123435039
131140.0,367.151972626557,219.06450000000004,0.0144685219098733
131140.0,367.151972626557,219.22987500000002,0.014427838998502958
131140.0,367.151972626557,219.39525000000003,0.01438676826152857
131140.0,367.151972626557,219.56062500000004,0.014345313581368254
131140.0,367.151972626557,219.72600000000003,0.01430347884974508
131140.0,367.151972626557,219.89137500000004,0.014261267970530999
131140.0,367.151972626557,220.05675000000002,0.014218684859331409
131140.0,367.151972626557,220.22212500000003,0.014175733443079987
131140.0,367.151972626557,220.38750000000005,0.014132417659627491
131140.0,367.151972626557,220.55287500000003,0.014088741457339087
131140.0,367.151972626557,220.71825000000004,0.014044708794692768
131140.0,367.151972626557,220.88362500000002,0.014000323639879015
131140.0,367.151972626557,221.04900000000004,0.013955589970404404
131140.0,367.151972626557,221.21437500000005,0.013910511772698239
131140.0,367.151972626557,221.37975000000003,0.013865093041718958
131140.0,367.151972626557,221.54512500000004,0.013819337780567856
131140.0,367.151972626557,221.71050000000002,0.013773250000100372
131140.0,367.151972626557,221.87587500000004,0.013726833718543666
131140.0,367.151972626557,222.04125000000005,0.013680092961115985
131140.0,367.151972626557,222.20662500000003,0.013633031759647314
131140.0,367.151972626557,222.37200000000004,0.013585654152413392
131140.0,367.151972626557,222.53737500000003,0.01353796418862626
131140.0,367.151972626557,222.70275000000004,0.01348996591989201
131140.0,367.151972626557,222.86812500000002,0.013441663400609549
131140.0,367.151972626557,223.03350000000003,0.013393060689939566
131140.0,367.151972626557,223.19887500000004,0.013344161851440911
131140.0,367.151972626557,223.36425000000003,0.013294970952712861
131140.0,367.151972626557,223.52962500000004,0.013245492065036665
131140.0,367.151972626557,223.69500000000002,0.01319572926302103
131140.0,367.151972626557,223.86037500000003,0.013145686624251505
131140.0,367.151972626557,224.02575000000004,0.013095368228941424
131140.0,367.151972626557,224.19112500000003,0.013044778159584672
131140.0,367.151972626557,224.35650000000004,0.012993920500700066
131140.0,367.151972626557,224.52187500000002,0.012942799342746277
131140.0,367.151972626557,224.68725000000003,0.012891418775397482
131140.0,367.151972626557,224.85262500000005,0.012839782886728808
131140.0,367.151972626557,225.01800000000003,0.012787895765405885
131140.0,367.151972626557,225.18337500000004,0.012735761502060556
131140.0,367.151972626557,225.34875000000002,0.012683384187188052
131140.0,367.151972626557,225.51412500000004,0.012630767909195182
131140.0,367.151972626557,225.67950000000005,0.012577916755778785
131140.0,367.151972626557,225.84487500000003,0.012524834813605333
131140.0,367.151972626557,226.01025000000004,0.012471526167994528
131140.0,367.151972626557,226.17562500000003,0.0124179949026076
131140.0,367.151972626557,226.34100000000004,0.012364245099134152
131140.0,367.151972626557,226.50637500000005,0.012310280836984789
131140.0,367.151972626557,226.67175000000003,0.01225610619298655
131140.0,367.151972626557,226.83712500000004,0.012201725241078099
131140.0,367.151972626557,227.00250000000003,0.012147142052011707
131140.0,367.151972626557,227.16787500000004,0.012092360693054695
131140.0,367.151972626557,227.33325000000005,0.012037385227696009
131140.0,367.151972626557,227.49862500000003,0.01198221971535225
131140.0,367.151972626557,227.66400000000004,0.01192686821108086
131140.0,367.151972626557,227.82937500000003,0.011871334765292636
131140.0,367.151972626557,227.99475000000004,0.011815623423467174
131140.0,367.151972626557,228.16012500000002,0.011759738225873046
131140.0,367.151972626557,228.32550000000003,0.011703683207288778
131140.0,367.151972626557,228.49087500000005,0.011647462396727211
131140.0,367.151972626557,228.65625000000003,0.011591079817163142
131140.0,367.151972626557,228.82162500000004,0.011534539485262356
131140.0,367.151972626557,228.98700000000002,0.011477845411114055
131140.0,367.151972626557,229.15237500000003,0.011421001597966503
131140.0,367.151972626557,229.31775000000005,0.011364012041964102
131140.0,367.151972626557,229.48312500000003,0.011306880731888742
131140.0,367.151972626557,229.64850000000004,0.011249611648901635
131140.0,367.151972626557,229.81387500000002,0.01119220876629075
131140.0,367.151972626557,229.97925000000004,0.011134676049218256
131140.0,367.151972626557,230.14462500000005,0.011077017454471061
131140.0,367.151972626557,230.31000000000003,0.011019236930216364
131140.0,367.151972626557,230.47537500000004,0.010961338415756212
131140.0,367.151972626557,230.64075000000003,0.010903325841287958
131140.0,367.151972626557,230.80612500000004,0.010845203127665582
131140.0,367.151972626557,230.97150000000005,0.010786974186163454
131140.0,367.151972626557,231.13687500000003,0.0107286429182433
131140.0,367.151972626557,231.30225000000004,0.010670213215325675
131140.0,367.151972626557,231.46762500000003,0.0106116889585595
131140.0,367.151972626557,231.63300000000004,0.010553074018597782
131140.0,367.151972626557,231.79837500000005,0.010494372255376989
131140.0,367.151972626557,231.96375000000003,0.01043558751789396
131140.0,367.151972626557,232.12912500000004,0.010376723643990607
131140.0,367.151972626557,232.29450000000003,0.010317784460138249
131140.0,367.151972626557,232.45987500000004,0.010258773781225887
131140.0,367.151972626557,232.62525000000002,0.010199695410349574
131140.0,367.151972626557,232.79062500000003,0.010140553138607048
131140.0,367.151972626557,232.95600000000005,0.010081350744890872
131140.0,367.151972626557,233.12137500000003,0.010022091995688648
131140.0,367.151972626557,233.28675000000004,0.009962780644881972
131140.0,367.151972626557,233.45212500000002,0.0099034204335506
131140.0,367.151972626557,233.61750000000004,0.009844015089776748
131140.0,367.151972626557,233.78287500000005,0.009784568328454746
131140.0,367.151972626557,233.94825000000003,0.009725083851100482
131140.0,367.151972626557,234.11362500000004,0.009665565345665029
131140.0,367.151972626557,234.27900000000002,0.009606016486349858
131140.0,367.151972626557,234.44437500000004,0.009546440933425469
131140.0,367.151972626557,234.60975000000005,0.009486842333051543
131140.0,367.151972626557,234.77512500000003,0.009427224317099825
131140.0,367.151972626557,234.94050000000004,0.009367590502980078
131140.0,367.151972626557,235.10587500000003,0.009307944493468036
131140.0,367.151972626557,235.27125000000004,0.009248289876534902
131140.0,367.151972626557,235.43662500000005,0.009188630225181054
131140.0,367.151972626557,235.60200000000003,0.009128969097271095
131140.0,367.151972626557,235.76737500000004,0.009069310035370854
131140.0,367.151972626557,235.93275000000003,0.009009656566588168
131140.0,367.151972626557,236.09812500000004,0.008950012202415081
131140.0,367.151972626557,236.26350000000005,0.008890380438572397
131140.0,367.151972626557,236.42887500000003,0.008830764754857032
131140.0,367.151972626557,236.59425000000005,0.008771168614991614
131140.0,367.151972626557,236.75962500000003,0.008711595466475871
131140.0,367.151972626557,236.92500000000004,0.00865204874044213
131140.0,367.151972626557,237.09037500000002,0.008592531851509974
131140.0,367.151972626557,237.25575000000003,0.008533048197646748
131140.0,367.151972626557,237.42112500000005,0.008473601160028234
131140.0,367.151972626557,237.58650000000003,0.00841419410290194
131140.0,367.151972626557,237.75187500000004,0.008354830373452922
131140.0,367.151972626557,237.91725000000002,0.008295513301672133
131140.0,367.151972626557,238.08262500000004,0.008236246200226394
131140.0,367.151972626557,238.24800000000005,0.008177032364331701
131140.0,367.151972626557,238.41337500000003,0.008117875071626854
131140.0,367.151972626557,238.57875000000004,0.00805877758205201
131140.0,367.151972626557,238.74412500000003,0.007999743137726847
131140.0,367.151972626557,238.90950000000004,0.007940774962832572
131140.0,367.151972626557,239.07487500000005,0.007881876263495638
131140.0,367.151972626557,239.24025000000003,0.007823050227673945
131140.0,367.151972626557,239.40562500000004,0.007764300025044437
131140.0,367.151972626557,239.57100000000003,0.007705628806893425
131140.0,367.151972626557,239.73637500000004,0.00764703970601013
131140.0,367.151972626557,239.90175000000005,0.007588535836579326
131140.0,367.151972626557,240.06712500000003,0.007530120294080053
131140.0,367.151972626557,240.23250000000004,0.007471796155183429
131140.0,367.151972626557,240.39787500000003,0.0074135664776538235
131140.0,367.151972626557,240.56325000000004,0.007355434300252183
131140.0,367.151972626557,240.72862500000005,0.007297402642640766
131140.0,367.151972626557,240.89400000000003,0.007239474505290977
131140.0,367.151972626557,241.05937500000005,0.0071816528693924055
131140.0,367.151972626557,241.22475000000003,0.007123940696764582
131140.0,367.151972626557,241.39012500000004,0.007066340929769807
131140.0,367.151972626557,241.55550000000002,0.007008856491228946
131140.0,367.151972626557,241.72087500000004,0.006951490284339614
131140.0,367.151972626557,241.88625000000005,0.006894245192594309
131140.0,367.151972626557,242.05162500000003,0.006837124079703415
131140.0,367.151972626557,242.21700000000004,0.006780129789517914
131140.0,367.151972626557,242.38237500000002,0.006723265145954829
131140.0,367.151972626557,242.54775000000004,0.00666653295292503
131140.0,367.151972626557,242.71312500000005,0.006609935994262843
131140.0,367.151972626557,242.87850000000003,0.006553477033656819
131140.0,367.151972626557,243.04387500000004,0.006497158814583145
131140.0,367.151972626557,243.20925000000003,0.00644098406024154
131140.0,367.151972626557,243.37462500000004,0.006384955473491647
131140.0,367.151972626557,243.54000000000005,0.006329075736792148
131140.0,367.151972626557,243.70537500000003,0.006273347512141944
131140.0,367.151972626557,243.87075000000004,0.00621777344102281
131140.0,367.151972626557,244.03612500000003,0.006162356144343989
131140.0,367.151972626557,244.20150000000004,0.00610709822238833
131140.0,367.151972626557,244.36687500000005,0.006052002254761315
131140.0,367.151972626557,244.53225000000003,0.005997070800340569
131140.0,367.151972626557,244.69762500000004,0.005942306397228138
131140.0,367.151972626557,244.86300000000003,0.005887711562703805
131140.0,367.151972626557,245.02837500000004,0.005833288793180933
131140.0,367.151972626557,245.19375000000005,0.005779040564164018
131140.0,367.151972626557,245.35912500000003,0.005724969330206932
131140.0,367.151972626557,245.52450000000005,0.005671077524874517
131140.0,367.151972626557,245.68987500000003,0.005617367560704615
131140.0,367.151972626557,245.85525000000004,0.005563841829172388
131140.0,367.151972626557,246.02062500000002,0.005510502700656537
131140.0,367.151972626557,246.18600000000004,0.005457352524406613
131140.0,367.151972626557,246.35137500000005,0.005404393628512652
131140.0,367.151972626557,246.51675000000003,0.005351628319875949
131140.0,367.151972626557,246.68212500000004,0.005299058884182005
131140.0,367.151972626557,246.84750000000003,0.005246687585874512
131140.0,367.151972626557,247.01287500000004,0.005194516668131687
131140.0,367.151972626557,247.17825000000005,0.005142548352843372
131140.0,367.151972626557,247.34362500000003,0.005090784840590907
131140.0,367.151972626557,247.50900000000004,0.00503922831062736
131140.0,367.151972626557,247.67437500000003,0.004987880920860122
131140.0,367.151972626557,247.83975000000004,0.004936744807834799
131140.0,367.151972626557,248.00512500000005,0.0048858220867208126
131140.0,367.151972626557,248.17050000000003,0.0048351148512984846
131140.0,367.151972626557,248.33587500000004,0.004784625173947614
131140.0,367.151972626557,248.50125000000003,0.004734355105637723
131140.0,367.151972626557,248.66662500000004,0.004684306675919349
131140.0,367.151972626557,248.83200000000005,0.004634481892917601
131140.0,367.151972626557,248.99737500000003,0.00458488274332658
131140.0,367.151972626557,249.16275000000005,0.004535511192405695
131140.0,367.151972626557,249.32812500000003,0.004486369183976924
131140.0,367.151972626557,249.49350000000004,0.00443745864042416
131140.0,367.151972626557,249.65887500000005,0.004388781462693436
131140.0,367.151972626557,249.82425000000003,0.004340339530295232
131140.0,367.151972626557,249.98962500000005,0.004292134701307001
131140.0,367.151972626557,250.15500000000003,0.004244168812378973
131140.0,367.151972626557,250.32037500000004,0.004196443678739181
131140.0,367.151972626557,250.48575000000002,0.004148961094201824
131140.0,367.151972626557,250.65112500000004,0.0041017228311755185
131140.0,367.151972626557,250.81650000000005,0.004054730640673855
131140.0,367.151972626557,250.98187500000003,0.004007986252326907
131140.0,367.151972626557,251.14725000000004,0.003961491374393745
131140.0,367.151972626557,251.31262500000003,0.00391524769377733
131140.0,367.151972626557,251.47800000000004,0.003869256876039275
131140.0,367.151972626557,251.64337500000005,0.0038235205654173167
131140.0,367.151972626557,251.80875000000003,0.003778040384842866
131140.0,367.151972626557,251.97412500000004,0.003732817935960664
131140.0,367.151972626557,252.13950000000003,0.0036878547991492684
131140.0,367.151972626557,252.30487500000004,0.003643152533542885
131140.0,367.151972626557,252.47025000000005,0.0035987126770547794
131140.0,367.151972626557,252.63562500000003,0.003554536746401097
131140.0,367.151972626557,252.80100000000004,0.0035106262371267117
131140.0,367.151972626557,252.96637500000003,0.003466982623631899
131140.0,367.151972626557,253.13175000000004,0.0034236073592000807
131140.0,367.151972626557,253.29712500000005,0.003380501876027305
131140.0,367.151972626557,253.46250000000003,0.003337667585251961
131140.0,367.151972626557,253.62787500000005,0.00329510587698668
131140.0,367.151972626557,253.79325000000003,0.0032528181203505774
131140.0,367.151972626557,253.95862500000004,0.003210805663503004
131140.0,367.151972626557,254.12400000000005,0.003169069833678227
131140.0,367.151972626557,254.28937500000004,0.0031276119372216564
131140.0,367.151972626557,254.45475000000005,0.0030864332596263993
131140.0,367.151972626557,254.62012500000003,0.00304553506557161
131140.0,367.151972626557,254.78550000000004,0.0030049185989614964
131140.0,367.151972626557,254.95087500000002,0.0029645850829657
131140.0,367.151972626557,255.11625000000004,0.0029245357200601827
131140.0,367.151972626557,255.28162500000005,0.002884771692069931
131140.0,367.151972626557,255.44700000000003,0.0028452941602120163
131140.0,367.151972626557,255.61237500000004,0.0028061042651398678
131140.0,367.151972626557,255.77775000000003,0.0027672031269887513
131140.0,367.151972626557,255.94312500000004,0.0027285918454219996
131140.0,367.151972626557,256.10850000000005,0.0026902714996783618
131140.0,367.151972626557,256.27387500000003,0.0026522431486200922
131140.0,367.151972626557,256.43925,0.0026145078307823187
131140.0,367.151972626557,256.604625,0.0025770665644233763
131140.0,367.151972626557,256.77000000000004,0.0025399203475754343
131140.0,367.151972626557,256.935375,0.0025030701580969344
131140.0,367.151972626557,257.10075,0.0024665169537252765
131140.0,367.151972626557,257.26612500000005,0.0024302616721309143
131140.0,367.151972626557,257.4315,0.002394305230971772
131140.0,367.151972626557,257.596875,0.0023586485279490314
131140.0,367.151972626557,257.76225000000005,0.0023232924408636427
131140.0,367.151972626557,257.92762500000003,0.0022882378276735875
131140.0,367.151972626557,258.093,0.002253485526552006
131140.0,367.151972626557,258.258375,0.002219036355946352
131140.0,367.151972626557,258.42375000000004,0.0021848911146380994
131140.0,367.151972626557,258.589125,0.0021510505818035453
131140.0,367.151972626557,258.7545,0.002117515517075178
131140.0,367.151972626557,258.91987500000005,0.0020842866606039334
131140.0,367.151972626557,259.08525000000003,0.0020513647331223584
131140.0,367.151972626557,259.250625,0.0020187504360082652
131140.0,367.151972626557,259.416,0.0019864444513493667
131140.0,367.151972626557,259.58137500000004,0.001954447442008757
131140.0,367.151972626557,259.74675,0.0019227600516908006
131140.0,367.151972626557,259.912125,0.0018913829050079816
131140.0,367.151972626557,260.07750000000004,0.0018603166075485654
131140.0,367.151972626557,260.242875,0.0018295617459446153
131140.0,367.151972626557,260.40825,0.0017991188879411329
131140.0,367.151972626557,260.57362500000005,0.0017689885824656493
131140.0,367.151972626557,260.73900000000003,0.0017391713596984553
131140.0,367.151972626557,260.904375,0.001709667731143675
131140.0,367.151972626557,261.06975,0.0016804781897008987
131140.0,367.151972626557,261.23512500000004,0.0016516032097375094
131140.0,367.151972626557,261.4005,0.001623043247161517
131140.0,367.151972626557,261.565875,0.001594798739495282
131140.0,367.151972626557,261.73125,0.001566870105949608
131140.0,367.151972626557,261.89662500000003,0.0015392577474985735
131140.0,367.151972626557,262.062,0.0015119620469549908
131140.0,367.151972626557,262.227375,0.001484983369046325
131140.0,367.151972626557,262.39275000000004,0.0014583220604913502
131140.0,367.151972626557,262.558125,0.0014319784500773033
131140.0,367.151972626557,262.7235,0.0014059528487375512
131140.0,367.151972626557,262.888875,0.0013802455496299284
131140.0,367.151972626557,263.05425,0.0013548568282155484
131140.0,367.151972626557,263.219625,0.0013297869423382076
131140.0,367.151972626557,263.385,0.0013050361323041194
131140.0,367.151972626557,263.55037500000003,0.001280604620962536
131140.0,367.151972626557,263.71575,0.0012564926137864866
131140.0,367.151972626557,263.881125,0.0012327002989542767
131140.0,367.151972626557,264.04650000000004,0.0012092278474314128
131140.0,367.151972626557,264.211875,0.0011860754130528647
131140.0,367.151972626557,264.37725,0.0011632431326060182
131140.0,367.151972626557,264.542625,0.001140731125914049
131140.0,367.151972626557,264.708,0.001118539495919505
131140.0,367.151972626557,264.873375,0.0010966683287687222
131140.0,367.151972626557,265.03875,0.0010751176938964008
131140.0,367.151972626557,265.20412500000003,0.00105388764411058
131140.0,367.151972626557,265.3695,0.0010329782156783991
131140.0,367.151972626557,265.534875,0.0010123894284117128
131140.0,367.151972626557,265.70025000000004,0.0009921212857535687
131140.0,367.151972626557,265.865625,0.0009721737748649493
131140.0,367.151972626557,266.031,0.0009525468667117146
131140.0,367.151972626557,266.196375,0.0009332405161522206
131140.0,367.151972626557,266.36175000000003,0.0009142546620250056
131140.0,367.151972626557,266.527125,0.0008955892272371526
131140.0,367.151972626557,266.6925,0.0008772441188526623
131140.0,367.151972626557,266.85787500000004,0.0008592192281814564
131140.0,367.151972626557,267.02325,0.0008415144308685755
131140.0,367.151972626557,267.188625,0.0008241295869837137
131140.0,367.151972626557,267.354,0.0008070645411110672
131140.0,367.151972626557,267.519375,0.0007903191224395268
131140.0,367.151972626557,267.68475,0.00077389314485323
131140.0,367.151972626557,267.850125,0.0007577864070221972
131140.0,367.151972626557,268.01550000000003,0.0007419986924935053
131140.0,367.151972626557,268.180875,0.0007265297697825828
131140.0,367.151972626557,268.34625,0.0007113793924648437
131140.0,367.151972626557,268.51162500000004,0.0006965472992675059
131140.0,367.151972626557,268.677,0.0006820332141618065
131140.0,367.151972626557,268.842375,0.0006678368464552991
131140.0,367.151972626557,269.00775,0.000653957890884548
131140.0,367.151972626557,269.173125,0.0006403960277078804
131140.0,367.151972626557,269.3385,0.000627150922798599
131140.0,367.151972626557,269.503875,0.0006142222277381235
131140.0,367.151972626557,269.66925000000003,0.000601609579909625
131140.0,367.151972626557,269.834625,0.0005893126025916761
131140.0,367.151972626557,270.0,0.0005773309050521259
