E_keV,central_raw_m100,central_raw_m200,central_raw_m1000
5.4,0.018416222519286853,0.009567912006585322,0.001955515780046788
5.565375,0.019261594922060678,0.010019152812653224,0.00204911909839888
5.7307500000000005,0.020109772823660502,0.010472943618231353,0.0021433704192137053
5.8961250000000005,0.02095988747955881,0.010928840829671771,0.002238180216907494
6.0615000000000006,0.021811101741839707,0.01138641519235034,0.0023334616626573624
6.226875000000001,0.022662609317365835,0.011845251488810458,0.0024291305715477404
6.392250000000001,0.023513634039323602,0.012304948241824754,0.0025251053505163405
6.557625000000001,0.024363429151951884,0.012765117422308377,0.0026213069470896497
6.723000000000001,0.02521127660826205,0.013225384162018617,0.002717658798898055
6.888375000000001,0.026056486380558734,0.013685386470976033,0.0028140867839607903
7.053750000000001,0.026898395783573743,0.01414477495954326,0.0029105191717310385
7.219125000000001,0.027736368810027254,0.014603212565098268,0.003006886574891597
7.384500000000001,0.02856979547843256,0.015060374283239548,0.0031031219018916147
7.549875,0.029398091192963115,0.015515946903461524,0.003199160310215039
7.715250000000001,0.030220696115202797,0.015969628749239163,0.0032949391603714975
7.880625,0.03103707454760196,0.01642112942246146,0.0033903979706004254
8.046000000000001,0.03184671432846459,0.016870169552154125,0.0034854783722793868
8.211375,0.032649126238293365,0.017316480547432546,0.003580124066027583
8.376750000000001,0.03344384341732219,0.01775980435462686,0.003674280778495713
8.542125,0.03423042079406716,0.018199893218521453,0.0037678962198333488
8.707500000000001,0.03500843452472926,0.018636509447652112,0.0038609200418252033
8.872875,0.035777481443284374,0.019069425183604424,0.003953303796687648
9.038250000000001,0.036537178522097646,0.019498422174258095,0.004045000896517015
9.203625,0.03728716234290155,0.019923291550922047,0.004135966573381274
9.369,0.038027088577979276,0.02034383360930618,0.00422615784004678
9.534375,0.03875663148139608,0.020759857594276062,0.00431553345133184
9.699750000000002,0.03947548339012432,0.021171181488337583,0.004404053866079028
9.865125,0.040183354234909034,0.021577631803799315,0.004491681209738176
10.0305,0.04087997106072287,0.021979043378560548,0.004578379237552067
10.195875000000001,0.041565077556661764,0.022375259175474265,0.004664113298337043
10.361250000000002,0.042238433595133296,0.022766130085234024,0.00474885029885066
10.526625000000001,0.042899814780193175,0.0231515147327354,0.004832558668738789
10.692,0.043549012004885694,0.02353127928686216,0.004915208326054513
10.857375000000001,0.04418583101744641,0.023905297273648676,0.0049967706433413
11.022750000000002,0.04481009199622732,0.02427344939277034,0.005077218414273043
11.188125000000001,0.0454216291332061,0.02463562333731452,0.005156525820843595
11.3535,0.04602029022594314,0.02499171361678484,0.005234668401098555
11.518875000000001,0.046605936277851354,0.02534162138329251,0.00531162301740208
11.684250000000002,0.04717844110664625,0.02568525426088878,0.005387367825231671
11.849625000000001,0.047737690960844355,0.026022526177993034,0.0054618822424938145
12.015,0.048283584144181366,0.026353357202872203,0.005535146919353684
12.180375000000002,0.04881603064782086,0.026677673382126506,0.005607143708571843
12.345750000000002,0.04933495179022844,0.026995406582138545,0.00567785563634131
12.511125000000002,0.04984027986458625,0.027306494333442233,0.005747266873618212
12.6765,0.050331957793624614,0.027610879677968856,0.005815362707939359
12.841875000000002,0.05080993879175015,0.02790851101912837,0.005882129515720244
13.007250000000003,0.051274186034349724,0.028199341974684062,0.005947554735026907
13.172625000000002,0.05172467233415288,0.028483331232379817,0.006011626838815306
13.338000000000001,0.05216137982453538,0.028760442408278932,0.006074335308631807
13.503375000000002,0.052584299649649405,0.02903064390777494,0.006135670608768561
13.668750000000001,0.05299343166126621,0.02929390878923415,0.006195624160867527
13.834125000000002,0.05338878412222002,0.029550214630231657,0.00625418831896706
13.999500000000001,0.05377037341634164,0.029799543396341287,0.0063113563449849735
14.164875000000002,0.054138223764773605,0.03004188131244199,0.0063671223846320825
14.330250000000001,0.054492366948558704,0.03027721873650273,0.0064214814437503496
14.495625000000002,0.05483284203739597,0.030505550035808633,0.006474429365069721
14.661000000000001,0.055159695124459326,0.030726873465591692,0.006525962805377923
14.826375000000002,0.0554729790671759,0.030941191050029904,0.006576079213097482
14.991750000000001,0.05577275323386162,0.031148508465578692,0.006624776806264293
15.157125000000002,0.05605908325611408,0.03134883492659945,0.006672054550902201
15.322500000000002,0.05633204078686324,0.03154218307325019,0.0067179121397880045
15.487875000000003,0.056591703263982544,0.03172856886160391,0.006762349971601512
15.653250000000002,0.056838153679363644,0.03190801145596024,0.006805369130455161
15.818625000000003,0.05707148035336018,0.032080533123317365,0.0068469713657979565
15.984000000000002,0.05729177671450644,0.03224615912997039,0.006887159072688415
16.149375,0.057499141084418365,0.03240491764020353,0.0069259352724312575
16.314750000000004,0.05769367646778662,0.03255683961704418,0.006963303593572852
16.480125,0.057875490347370606,0.03270195872504613,0.006999268253250149
16.645500000000002,0.05804469448390594,0.03284031123507114,0.00703383403888821
16.810875000000003,0.05820140472083695,0.032971935931037,0.007067006290241266
16.97625,0.058345740793789624,0.03309687401860215,0.007098790881772536
17.141625,0.05847782614469787,0.0332151690357555,0.007129194205367723
17.307000000000002,0.05859778774050167,0.033326866765282376,0.0071582231533776726
17.472375,0.05870575589633316,0.033432015149076566,0.007185885101985234
17.637750000000004,0.058801864103109884,0.03353066420426923,0.0072121878948917684
17.803125,0.05888624885945466,0.03362286594114598,0.007237139827318615
17.968500000000002,0.05895904950786393,0.03370867428282383,0.007260749630319002
18.133875000000003,0.05902040807504523,0.03378814498665932,0.0072830264553957885
18.29925,0.05907046911634902,0.03386133556736114,0.007303979859420757
18.464625,0.05910937956421711,0.03392830522177859,0.007323619789850788
18.630000000000003,0.05913728858057509,0.033989114755340104,0.007341956570236833
18.795375,0.059154347413093805,0.03404382651011432,0.007359000886021174
18.960750000000004,0.05916070925524874,0.0340925042944679,0.007374763770618849
19.126125000000002,0.059156529110105126,0.034135213314293866,0.007389256591778957
19.291500000000003,0.05914196365775893,0.03417202010578499,0.007402491038221765
19.456875000000004,0.059117171126364464,0.03420299246972679,0.007414479106547429
19.62225,0.05908231116668075,0.03422819940728558,0.007425233088412414
19.787625000000002,0.059037544730068704,0.03424771105726643,0.007434765557969452
19.953000000000003,0.05898303394987387,0.034261598634817134,0.007443089359567197
20.118375,0.05891894202612894,0.03426993437155408,0.007450217595705652
20.283750000000005,0.058845433113512195,0.034272791457086525,0.0074561636152434725
20.449125000000002,0.058762672212498576,0.034270243981915645,0.007460941001853397
20.614500000000003,0.05867082506364085,0.03426236688168566,0.007464563562721969
20.779875000000004,0.05857005804492027,0.03424923588276422,0.007467045317489915
20.94525,0.05846053807210534,0.03423092744912954,0.007468400487429412
21.110625000000002,0.05834243250206051,0.0342075187305425,0.007468643484854771
21.276000000000003,0.05821590903894446,0.034179087511981295,0.00746778890276271
21.441375,0.05808113564324282,0.03414571216431808,0.007465851504698991
21.606750000000005,0.057938280443575706,0.03410747159621532,0.007462846214847615
21.772125000000003,0.0577875116512268,0.034064445207221905,0.007458788108339385
21.9375,0.05762899747733705,0.03401671284204751,0.007453692401776252
22.102875000000004,0.05746290605271013,0.033964354745995774,0.007447574443968188
22.268250000000002,0.057289405350175356,0.03390745152153512,0.007440449706879158
22.433625,0.05710866310945655,0.03384608408598862,0.0074323337767790735
22.599000000000004,0.05692084676449421,0.03378033363032228,0.007423242345598286
22.764375,0.05672612337317116,0.03371028157901334,0.007413191202481573
22.929750000000006,0.056524659549390635,0.03363600955097883,0.007402196225538387
23.095125000000003,0.05631662139745894,0.03355759932154665,0.007390273373786329
23.2605,0.056102174448722106,0.03347513278544924,0.007377438679284558
23.425875000000005,0.05588148360041155,0.03338869192082337,0.007363708239454416
23.591250000000002,0.05565471305664952,0.03329835875419659,0.0073490982095839544
23.756625,0.055422026271569426,0.033204215326443486,0.007333624795513609
23.922000000000004,0.05518358589450552,0.0331063436596941,0.0073173042465000185
24.087375,0.054939553717206616,0.033004825725176934,0.00730015284825501
24.252750000000006,0.054690090623030777,0.03289974341198022,0.00728218691615713
24.418125000000003,0.05443535653807723,0.032791178496714174,0.007263422788632639
24.5835,0.05417551038421313,0.03267921261405794,0.0072438768207033905
24.748875000000005,0.053910710033952966,0.03256392722817493,0.007223565377698704
24.914250000000003,0.053641112267150876,0.032445403604980785,0.007202504829128703
25.079625,0.05336687272946289,0.03232372278524741,0.007180711542716159
25.245000000000005,0.05308814589254218,0.03219896555852854,0.0071582018785845405
25.410375000000002,0.052805085015926186,0.03207121243789064,0.0071349921835994045
25.575750000000006,0.0525178421105781,0.03194054363543444,0.007111098785860674
25.741125000000004,0.052226567904044535,0.031807039038592055,0.007086537989343245
25.9065,0.05193141180719219,0.03167077818718479,0.007061326068683366
26.071875000000006,0.05163252188248774,0.0315318402512279,0.007035479264108465
26.237250000000003,0.051330044813783296,0.031390304009466664,0.00700901377650774
26.402625,0.05102412587757436,0.03124624782863136,0.006981945762641388
26.568000000000005,0.05071490891569337,0.031099749643395666,0.006954291330485816
26.733375000000002,0.05040253630940706,0.03095088693702641,0.006926066534712798
26.89875,0.05008714895488144,0.030799736722709567,0.006897287372299909
27.064125000000004,0.049768886239983774,0.030646375525540594,0.006867969778270272
27.2295,0.04944788602238817,0.030490879365165466,0.006838129621559192
27.394875000000006,0.04912428460895235,0.030333323739059146,0.006807782701005418
27.560250000000003,0.048798216736336116,0.03017378360642982,0.006776944741465049
27.725625,0.048469815552829226,0.030012333372735577,0.006745631390045704
27.891000000000005,0.048139212601358554,0.029849046874801097,0.006713858212458845
28.056375000000003,0.047806537803646555,0.029683997366523263,0.006681640689488352
28.22175,0.047471919445490014,0.029517257505152734,0.006648994213573015
28.387125000000005,0.0471354841631312,0.029348899338139844,0.006615934085500997
28.552500000000002,0.04679735693069359,0.02917899429053368,0.006582475511214248
28.717875000000006,0.04645766104865512,0.029007613152923085,0.006548633598721008
28.883250000000004,0.046116518133329856,0.02883482606990713,0.006514423355114082
29.048625,0.04577404810733397,0.028660702529085456,0.006479859683693308
29.214000000000006,0.045430369191008534,0.028485311350556927,0.00644495738119015
29.379375000000003,0.04508559789477374,0.028308720676915606,0.006409731135092485
29.54475,0.04473984901238889,0.028130997963733716,0.006374195521067727
29.710125000000005,0.04439323561509588,0.02795220997052205,0.0063383650004827236
29.875500000000002,0.04404586904661747,0.027772422752155388,0.006302253918018028
30.040875000000007,0.04369785891899159,0.02759170165075554,0.006265876499375433
30.206250000000004,0.04334931310921494,0.02741011128802014,0.006229246849076566
30.371625,0.043000337756673584,0.027227715557987864,0.00619237894835085
30.537000000000006,0.042651037261339814,0.027044577620231252,0.006155286653111373
30.702375000000004,0.042301514282710506,0.026860759893466327,0.006117983692016623
30.86775,0.041951869739468364,0.026676324049571237,0.006080483664616796
31.033125000000005,0.041602202809841435,0.026491331008002852,0.00604280003958259
31.198500000000003,0.041252610932643964,0.026305840930604507,0.0060049461530154
31.363875000000007,0.04090318980897435,0.026119913216793855,0.005966935206836783
31.529250000000005,0.04055403340455343,0.025933606499123796,0.005928780267256061
31.694625000000002,0.040205233952681045,0.02574697863920666,0.005890494263314175
31.860000000000007,0.03985688195779311,0.025560086723993847,0.005852089985502481
32.025375000000004,0.03950906619960026,0.02537298706240268,0.0058135800844549435
32.19075,0.03916187373778876,0.025185735182281798,0.005774977069712145
32.356125000000006,0.03881538991726553,0.024998385827706786,0.005736293308555618
32.5215,0.03846969837393116,0.024810992956599397,0.005697541024911337
32.686875,0.03812488104096187,0.024623609738661387,0.0056587322983206526
32.852250000000005,0.0377810181555833,0.024436288553615255,0.005619879062977292
33.017625,0.03743818826632094,0.02424908098974534,0.005580993106829256
33.18300000000001,0.03709646824070928,0.024062037842730817,0.005542086070744042
33.348375000000004,0.03675593327344429,0.02387520911476374,0.005503169447735899
33.51375,0.036416656894963616,0.023688644013945045,0.005464254582253871
33.679125000000006,0.03607871098043923,0.023502390953951388,0.005425352669529286
33.844500000000004,0.035742165759166486,0.0233164975539654,0.0053864747549812785
34.009875,0.03540708982433594,0.023131010638863168,0.005347631733679292
34.175250000000005,0.03507355014317369,0.022945976239652378,0.005308834349861258
34.340625,0.034741612067434396,0.022761439594153374,0.005270093196506049
34.50600000000001,0.034411339344234966,0.02257744514791788,0.00523141871495921
34.671375000000005,0.03408279412721458,0.022394036555378517,0.005192821194610721
34.83675,0.03375603698800797,0.022211256681222914,0.005154310772623596
35.00212500000001,0.03343112692801846,0.02202914760198583,0.005115897433712064
35.167500000000004,0.033108121390478744,0.021847750607853902,0.0050775910099683874
35.332875,0.032787076272787215,0.021667106204676965,0.005039401180737118
35.498250000000006,0.03246804593910669,0.021487254116179584,0.005001337472535621
35.663625,0.03215108323321417,0.021308233286367332,0.0049634092590198
35.82900000000001,0.03183623949159017,0.021130081882122235,0.004925625760994012
35.994375000000005,0.03152356455673685,0.02095283729598234,0.0048879960464641705
36.15975,0.031213106790712503,0.020776536149098912,0.004850529030732842
36.32512500000001,0.030904913088871805,0.020601214294366215,0.004813233476535305
36.490500000000004,0.030599028893802803,0.02042690681971954,0.004776117994215824
36.655875,0.030295498209448317,0.020253648051595102,0.00473919104194286
36.821250000000006,0.029994363615403013,0.020081471558547632,0.004702460925962429
36.986625000000004,0.029695666281374947,0.019910410155019778,0.004665935800888476
37.152,0.02939944598180322,0.019740495905259274,0.004629623670029475
37.317375000000006,0.029105741110622738,0.01957176012737952,0.004593532385750452
37.48275,0.02881458869616341,0.01940423339755618,0.004557669649868889
37.648125,0.028526024416180015,0.01923794555435917,0.004522043014084549
37.813500000000005,0.028240082612999675,0.01907292570321216,0.004486659880441523
37.978875,0.027956796308780934,0.018909202220977056,0.00445152750182212
38.14425,0.02767619722087417,0.018746802760657884,0.004416652982471431
38.309625000000004,0.027398315777276777,0.018585754256220617,0.0043820432785519284
38.475,0.027123181132175284,0.01842608292752496,0.004347705198727322
38.640375000000006,0.026850821181564195,0.018267814285362262,0.004313645404774449
38.80575,0.026581262578937667,0.018110973136598048,0.004279870412223009
38.971125,0.02631453075104358,0.017955583589412894,0.0042463865910217875
39.136500000000005,0.026050649913694476,0.017801669058639127,0.0042132001662309486
39.301875,0.025789643087627757,0.017649252271188902,0.004180317218739441
39.46725,0.025531532114408312,0.01749835527156999,0.004147743686006838
39.632625000000004,0.025276337672368858,0.017348999427486887,0.004115485362829129
39.798,0.025024079292576665,0.017201205435520246,0.004083547902126945
39.963375000000006,0.024774775374826943,0.017054993326885717,0.004051936815756635
40.128750000000004,0.02452844320365064,0.016910382473264304,0.004020657475342389
40.294125,0.024285098964335637,0.016767391592704503,0.003989715113129596
40.459500000000006,0.024044757758952318,0.016626038755590447,0.0039591148228582135
40.624875,0.023807433622378173,0.016486341390673027,0.0039288615606554835
40.79025,0.02357313953831934,0.016348316291163255,0.0038989601459479693
40.955625000000005,0.02334188745531831,0.016211979620880782,0.0038694152623912972
41.121,0.023113688302747754,0.01607734692045818,0.0038402314588178474
41.28637500000001,0.02288855200678152,0.01594443311359517,0.0038114131502011168
41.451750000000004,0.022666487506340986,0.015813252513362002,0.0037829646186366447
41.617125,0.022447502769010315,0.015683818828547975,0.003754890014338617
41.782500000000006,0.022231604806915863,0.01555614517005197,0.003727193356651504
41.947875,0.022018799692567245,0.01543024405731385,0.0036998785350765345
42.11325,0.02180909257465214,0.015306127424781301,0.003672949310311767
42.278625000000005,0.021602487693785866,0.015183806628413163,0.003646409315306107
42.444,0.021398988398205705,0.015063292452212574,0.0036202620563257253
42.609375,0.02119859715941171,0.014944595114791232,0.0035945109140332492
42.774750000000004,0.02100131558774547,0.014827724275959044,0.0035691591445784535
42.940125,0.02080714444790634,0.014712689043338958,0.003544209880700406
43.105500000000006,0.020616083674400466,0.01459949797900386,0.003519666132840427
43.270875000000004,0.02042813238691893,0.01448815910613292,0.0034955307902652683
43.43625,0.020243288905642386,0.014378679915685855,0.0034718066222001903
43.601625000000006,0.020061550766467692,0.014271067373091676,0.003448496278971163
43.767,0.01988291473615546,0.01416532792495141,0.0034256022931561337
43.932375,0.019707376827393545,0.014061467505751222,0.003403127080744516
44.097750000000005,0.019534932313775285,0.013959491544585003,0.0033810729423047387
44.263125,0.01936557574468798,0.013859404971883177,0.0033594420641590906
44.42850000000001,0.01919930096011121,0.013761212226147498,0.0033382365195658605
44.593875000000004,0.019036101105318306,0.01366491726068681,0.003317458269907583
44.75925,0.018875968645485512,0.013570523550357014,0.0032971091658862005
44.924625000000006,0.01871889538019881,0.013478034098297873,0.0032771909487234
45.09,0.01856487245786026,0.01338745144266788,0.0032577052513664347
45.255375,0.018413890389992717,0.013298777663376098,0.0032386535996992132
45.420750000000005,0.018265939065436484,0.013212014388806311,0.003220037413757504
45.586125,0.018121007764440446,0.013127162802534903,0.0032018580089486774
45.75150000000001,0.01797908517264371,0.013044223650039575,0.0031841165972752525
45.916875000000005,0.017840159394944287,0.012963197245395967,0.003166814288561574
46.08225,0.017704217969257086,0.012884083477963628,0.0031499520916839934
46.247625000000006,0.01757124788015559,0.012806881819057038,0.003133530915803488
46.413000000000004,0.01744123557239835,0.012731591328602097,0.00311755157160086
46.578375,0.017314166964337015,0.012658210661775403,0.003102014772513868
46.743750000000006,0.017190027461206292,0.012586738075626288,0.0030869211359762574
46.909125,0.01706880196829117,0.012517171435677913,0.0030722711846578356
47.07450000000001,0.016950474903975457,0.012449508222509838,0.0030580653477061586
47.239875000000005,0.016835030212664606,0.01238374553831678,0.003044303961988528
47.40525,0.016722451377585355,0.012319880113444804,0.0030309872733346394
47.57062500000001,0.016612721436625934,0.012257908312903715,0.003018115437779528
47.736000000000004,0.0165058238275256,0.012197826142852714,0.003005688522806137
47.901375,0.01640174245130265,0.012139629257060585,0.0029937065085877696
48.066750000000006,0.01630045911602351,0.012083312963337357,0.002982169289229699
48.232125,0.0162019551275709,0.012028872229936326,0.0029710766740096337
48.3975,0.016106211408008463,0.011976301691928754,0.0029604283886176105
48.562875000000005,0.016013208507417453,0.011925595657543869,0.0029502240763934744
48.72825,0.01592292661560834,0.011876748114481302,0.002940463299563702
48.89362500000001,0.015835345573696386,0.011829752736187128,0.0029311455404753685
49.059000000000005,0.015750444885546708,0.011784602888097101,0.0029222702028281265
49.224375,0.015668203729089874,0.011741291633847416,0.0029138366129042676
49.38975000000001,0.015588600967500268,0.011699811741446508,0.0029058440207952374
49.555125000000004,0.015511615160245735,0.011660155689413807,0.0028982916016260557
49.7205,0.015437224573999861,0.011622315672878332,0.0028911784567758453
49.885875000000006,0.015365407193424465,0.011586283609642294,0.002884503615095738
50.05125,0.015296140731814956,0.011552051146203472,0.002878266034122586
50.21662500000001,0.015229402641615665,0.011519609663741277,0.00287246460128967
50.382000000000005,0.015165170124796522,0.01148895028405931,0.002867098135132593
50.547375,0.015103420143098872,0.011460063875489654,0.0028621653864916346
50.71275000000001,0.015044129428146051,0.011432941058755077,0.002857665039709583
50.878125000000004,0.014987274491420179,0.011407572212789478,0.002853595713825106
51.0435,0.014932831634102785,0.01138394748051434,0.002849955963761059
51.208875000000006,0.014880776956785951,0.01136205677457539,0.0028467442815087634
51.37425,0.01483108636904426,0.011341889783031658,0.002843959097306256
51.53962500000001,0.014783735598876854,0.011323435975003203,0.0028415987808120546
51.705000000000005,0.01473870020201275,0.011306684606271768,0.0028396616422729695
51.870375,0.014695955571087067,0.011291624724839395,0.002838145933687175
52.03575000000001,0.014655476944679672,0.011278245176438075,0.0028370498499607714
52.201125000000005,0.014617239416223043,0.01126653460999464,0.002836371530058871
52.3665,0.014581217942779588,0.01125648148305077,0.0028361090581511253
52.53187500000001,0.014547387353683286,0.011248074067133237,0.0028362604647504145
52.697250000000004,0.014515722359052095,0.011241300453078768,0.0028368237278458023
52.86262500000001,0.014486197558167054,0.011236148556309711,0.002837796774028706
53.028000000000006,0.01445878744772454,0.011232606122064764,0.002839177479613356
53.193375,0.014433466429953024,0.011230660730577435,0.00284096367174963
53.35875000000001,0.014410208820603416,0.011230299802208549,0.0028431531295298167
53.524125000000005,0.014388988856809183,0.011231510602529148,0.002845743585088349
53.6895,0.014369780704817973,0.011234280247354442,0.002848732724694625
53.85487500000001,0.014352558467592789,0.011238595707726624,0.002852118189838326
54.020250000000004,0.01433729619229132,0.01124444381485246,0.0028558975783086644
54.185625,0.014323967877611046,0.011251811264985447,0.002860068445264955
54.351000000000006,0.0143125474810114,0.011260684624260452,0.0028646283043004426
54.516375000000004,0.014303008925815023,0.011271050333481903,0.0028695746284996453
54.68175000000001,0.014295326108172596,0.0112828947128526,0.002874904851485838
54.847125000000005,0.014289472903915294,0.0112962039666612,0.0028806163684632594
55.0125,0.01428542317527643,0.011310964187913428,0.002886706537250163
55.17787500000001,0.014283150777493616,0.011327161362914982,0.0028931726793047013
55.343250000000005,0.014282629565285863,0.011344781375801118,0.002900012080742324
55.508625,0.014283833399213405,0.011363810013018455,0.0029072219933460354
55.67400000000001,0.014286736151914073,0.011384232967753167,0.0029147996355679898
55.839375000000004,0.014291311714219828,0.01140603584430801,0.0029227421935229883
56.00475000000001,0.014297534001157651,0.01142920416243054,0.002931046821974432
56.170125000000006,0.014305376957829036,0.011453723361587398,0.0029397106453113693
56.3355,0.01431481456517261,0.011479578805187535,0.0029487307585173254
56.50087500000001,0.014325820845613145,0.011506755784756219,0.0029581042281313164
56.666250000000005,0.014338369868593936,0.011535239524056731,0.0029678280932002327
56.831625,0.01435243575599214,0.01156501518315876,0.002977899366222254
56.99700000000001,0.014367992687422473,0.011596067862457052,0.002988315034082177
57.162375000000004,0.014385014905430708,0.01162838260664079,0.002999072058978712
57.32775000000001,0.014403476720572822,0.011661944408609718,0.0030101673793426808
57.493125000000006,0.014423352516380432,0.011696738213336756,0.003021597910745985
57.658500000000004,0.014444616754222492,0.011732748921684421,0.003033360546803187
57.82387500000001,0.014467243978052472,0.011769961394165817,0.0030454521600632558
57.989250000000006,0.014491208819051804,0.011808360454658001,0.003057869602893449
58.154625,0.014516486000165394,0.011847930894063824,0.0030706097083542613
58.32000000000001,0.014543050340526418,0.011888657473919146,0.0030836692910645854
58.485375000000005,0.014570876759784319,0.01193052492995618,0.003097045148059817
58.65075,0.014599940282320019,0.01197351797560912,0.0031107340596392523
58.81612500000001,0.014630216041366405,0.012017621305476293,0.003124732790206427
58.981500000000004,0.014661679283019173,0.012062819598725742,0.003139038089098937
59.14687500000001,0.014694305370153008,0.01210909752245598,0.003153646691410736
59.312250000000006,0.014728069786230567,0.012156439735000954,0.0031685553188040023
59.477625,0.01476294813902219,0.012204830889193132,0.00318376068031414
59.64300000000001,0.014798916164217005,0.012254255635568333,0.0031992594731436105
59.808375000000005,0.014835949728944971,0.01230469862552759,0.003215048383448477
59.97375,0.014874024835198212,0.012356144514445786,0.0032311240871149977
60.13912500000001,0.014913117623160835,0.012408577964734116,0.003247483250527983
60.304500000000004,0.014953204374442666,0.012461983648851788,0.0032641225313297184
60.46987500000001,0.014994261515219307,0.012516346252268398,0.00328103857916974
60.635250000000006,0.015036265619283172,0.012571650476380144,0.0032982280364462426
60.800625000000004,0.01507919341100235,0.01262788104137667,0.003315687539038225
60.96600000000001,0.015123021768187948,0.012685022689058339,0.0033334137170282787
61.131375000000006,0.01516772772487697,0.012743060185609344,0.00335140319541735
61.29675,0.015213288474022226,0.012801978324318727,0.003369652594829361
61.46212500000001,0.015259681370100083,0.012861761928257871,0.003388158532207893
61.627500000000005,0.01530688393163065,0.012922395852909205,0.0034069176215034682
61.79287500000001,0.015354873843613098,0.012983864988747863,0.0034259264743518353
61.95825000000001,0.01540362895987775,0.01304615426377691,0.0034451817007434033
62.123625000000004,0.01545312730535685,0.01310924864601734,0.0034646799096840243
62.28900000000001,0.015503347078272525,0.013173133145950738,0.003484417709846557
62.454375000000006,0.015554266652245529,0.013237792818917165,0.0035043917102138334
62.61975,0.0156058645783233,0.013303212767466514,0.0035245985207124765
62.78512500000001,0.015658119586930037,0.013369378143664774,0.003545034752837922
62.950500000000005,0.015711010589740525,0.013436274151356342,0.0035656970202708788
63.11587500000001,0.01576451668147859,0.013503886048382333,0.003586581939485186
63.28125000000001,0.015818617141633944,0.013572199148749133,0.0036076861303454295
63.446625000000004,0.015873291436116897,0.013641198824763206,0.003629006216698572
63.61200000000001,0.015928519218826438,0.013710870509110563,0.003650538826953771
63.777375000000006,0.015984280333155312,0.013781199696900547,0.003672280594655582
63.942750000000004,0.016040554813420625,0.013852171947663784,0.0036942281590477493
64.10812500000002,0.016097322886227734,0.013923772887309963,0.003716378165629094
64.27350000000001,0.016154564971755256,0.013995988210034825,0.0037387272666985732
64.43887500000001,0.016212261684987257,0.014068803680198038,0.0037612721218952465
64.60425000000001,0.016270393836863302,0.014142205134146168,0.003784009398726244
64.769625,0.01632894243537491,0.01421617848200488,0.003806935773089067
64.93500000000002,0.016387888686585524,0.014290709709420051,0.003830047929782811
65.10037500000001,0.01644721399559641,0.014365784879266569,0.0038533425630132108
65.26575000000001,0.0165068999674437,0.014441390133311617,0.003876816376887992
65.43112500000001,0.016566928407934247,0.014517511693838464,0.003900466085904001
65.5965,0.01662728132442196,0.014594135865231787,0.0039242884154264464
65.761875,0.016687940926521354,0.014671249035521031,0.0039482801021591555
65.92725000000002,0.016748889626765143,0.014748837677887466,0.003972437894607387
66.09262500000001,0.01681011004120148,0.014826888352130377,0.003996758553531893
66.25800000000001,0.016871584989932423,0.014905387706093402,0.004021238852394454
66.42337500000001,0.01693329749759971,0.014984322477055894,0.004045875577796154
66.58875,0.016995230793814205,0.01506367949308544,0.004070665529907304
66.75412500000002,0.017057368313527308,0.015143445674349856,0.004095605522888492
66.91950000000001,0.017119693697353982,0.015223608034396208,0.004120692385304787
67.08487500000001,0.017182190791839524,0.015304153681390162,0.0041459229605311995
67.25025000000001,0.01724484364967799,0.015385069819321319,0.004171294107150892
67.415625,0.01730763652987416,0.015466343749167725,0.004196802699344254
67.58100000000002,0.017370553897863128,0.01554796287003087,0.004222445627271852
67.74637500000001,0.017433580425574535,0.015629914680229794,0.0042482197974481155
67.91175000000001,0.017496700991453205,0.015712186778363894,0.004274122133108315
68.07712500000001,0.017559900680430278,0.015794766864338897,0.00430014957456731
68.2425,0.017623164783846297,0.015877642740356898,0.0043262990795702
68.407875,0.017686478799336606,0.01596080231187926,0.0043525676236372875
68.57325000000002,0.017749828430661658,0.016044233588546272,0.004378952200398897
68.73862500000001,0.017813199587500408,0.016127924685069548,0.004405449821924349
68.90400000000001,0.017876578385201517,0.016211863822092082,0.004432057519043666
69.06937500000001,0.017939951144487695,0.016296039327011173,0.004458772341660669
69.23475,0.01800330439112205,0.016380439634771874,0.004485591359059473
69.40012500000002,0.01806662485553668,0.016465053288630883,0.004512511660204378
69.56550000000001,0.018129899472414363,0.016549868940882062,0.004539530354030612
69.73087500000001,0.018193115380239697,0.016634875353558082,0.0045666445697299515
69.89625000000001,0.018256259920807177,0.016720061399096486,0.004593851457027857
70.06162500000002,0.01831932063869655,0.016805416060979052,0.0046211481864546254
70.22700000000002,0.018382285280705058,0.016890928434334884,0.004648531949607795
70.39237500000002,0.018445141795252563,0.01697658772652109,0.004675999959409644
70.55775000000001,0.018507878331746,0.017062383257668685,0.004703549450356257
70.72312500000001,0.018570483239914472,0.01714830446120335,0.004731177678760873
70.88850000000001,0.018632945069104838,0.017234340884331744,0.004758881922988796
71.05387500000002,0.018695252567553732,0.017320482188507312,0.004786659483687764
71.21925000000002,0.018757394681619258,0.017406718149860133,0.004814507684009411
71.38462500000001,0.01881936055498836,0.017493038659604963,0.004842423869825728
71.55000000000001,0.01888113952785194,0.017579433724420043,0.004870405409938384
71.71537500000001,0.018942721136048075,0.017665893466796482,0.004898449696280876
71.88075000000002,0.019004095110181824,0.017752408125365875,0.004926554144115518
72.04612500000002,0.019065251374711586,0.017838968055196486,0.004954716192222624
72.21150000000002,0.01912618004701342,0.017925563728068306,0.004982933303084622
72.37687500000001,0.019186871436413937,0.01801218573271776,0.0050112029630625865
72.54225000000001,0.019247316043200645,0.018098824775060498,0.005039522682567414
72.70762500000002,0.019307504557609226,0.018185471678390887,0.005067889996225289
72.87300000000002,0.01936742785877717,0.018272117383548434,0.005096302463034615
73.03837500000002,0.019427077013688447,0.01835875294907388,0.005124757666520774
73.20375000000001,0.01948644327607792,0.018445369551325298,0.005153253214880357
73.36912500000001,0.019545518085328756,0.018531958484585012,0.00518178674112344
73.53450000000001,0.01960429306533792,0.018618511161133975,0.005210355903207365
73.69987500000002,0.019662760023365998,0.01870501911130821,0.005238958384166052
73.86525000000002,0.019720910948860675,0.018791473983527398,0.0052675918922320255
74.03062500000001,0.01977873801227013,0.018877867544310416,0.005296254160955288
74.19600000000001,0.019836233563826904,0.01896419167825929,0.005324942949313784
74.36137500000001,0.01989339013231579,0.0190504383880241,0.005353656041818977
74.52675000000002,0.019950200423831277,0.019136599794254,0.005382391248617909
74.69212500000002,0.020006657320506865,0.019222668135517085,0.005411146405586863
74.85750000000002,0.020062753879233116,0.019308635768205008,0.00543991937442112
75.02287500000001,0.020118483330358105,0.019394495166416233,0.0054687080427189925
75.18825000000001,0.02017383907637383,0.019480238921820728,0.005497510324060892
75.35362500000001,0.020228814690587234,0.019565859743505064,0.0055263241580832
75.51900000000002,0.02028340391577023,0.01965135045779191,0.005555147510545055
75.68437500000002,0.020337600662807685,0.01973670400805209,0.005583978373393329
75.84975000000001,0.02039139900932157,0.019821913454488117,0.0056128147648196545
76.01512500000001,0.02044479319828715,0.019906971973904126,0.005641654729313791
76.18050000000001,0.020497777636633522,0.019991872859454574,0.005670496337711092
76.34587500000002,0.020550346893837303,0.02007660952038034,0.005699337687236499
76.51125000000002,0.020602495700499036,0.020161175481721368,0.005728176901541941
76.67662500000002,0.020654218946914705,0.02024556438401834,0.005757012130740718
76.84200000000001,0.020705511681629322,0.020329769982989864,0.005785841551434889
77.00737500000001,0.02075636910999068,0.020413786149203247,0.00581466336674087
77.17275000000002,0.02080678659268222,0.020497606867717677,0.0058434758063071425
77.33812500000002,0.020856759644255284,0.020581226237719522,0.005872277126329669
77.50350000000002,0.020906283931654213,0.020664638472143573,0.005901065609563227
77.66887500000001,0.020955355272721726,0.020747837897267175,0.005929839565324904
77.83425000000001,0.021003969634713536,0.02083081895230589,0.005958597329497923
77.99962500000001,0.021052123132790316,0.020913576188979068,0.005987337264526699
78.16500000000002,0.021099812028513285,0.02099610427107116,0.006016057759410543
78.33037500000002,0.02114703272832908,0.02107839797397419,0.006044757229691745
78.49575000000002,0.021193781782051342,0.02116045218421902,0.0060734341174402675
78.66112500000001,0.02124005588133437,0.021242261898990283,0.00610208689123351
78.82650000000001,0.021285851858143807,0.02132382222562993,0.006130714046132549
78.99187500000002,0.021331166683220004,0.021405128381125037,0.0061593141036535804
79.15725000000002,0.021375997464542537,0.021486175691587926,0.006187885611736852
79.32262500000002,0.021420341445787108,0.021566959591719975,0.006216427144710599
79.48800000000001,0.021464196004780906,0.021647475624265028,0.006244937303251641
79.65337500000001,0.02150755865194839,0.021727719439444,0.006273414714340199
79.81875000000001,0.02155042702876869,0.021807686794392187,0.0063018580312151
79.98412500000002,0.021592798906217264,0.02188737355257143,0.006330265933321367
80.14950000000002,0.02163467218321048,0.021966775683175874,0.006358637126255488
80.31487500000001,0.021676044885051544,0.022045889260529698,0.006386970341707974
80.48025000000001,0.021716915161872817,0.02212471046347153,0.006415264337401595
80.64562500000001,0.02175728128707726,0.022203235574728673,0.0064435178970261705
80.81100000000002,0.0217971416557744,0.022281460980275572,0.00647172983016834
80.97637500000002,0.021836494783233053,0.022359383168699926,0.006499898972243012
81.14175000000002,0.02187533930331155,0.02243699873053585,0.0065280241844147295
81.30712500000001,0.021913673966904683,0.022514304357603987,0.006556104353520533
81.47250000000001,0.021951497640387674,0.022591296842338827,0.006584138391988508
81.63787500000002,0.02198880930405827,0.022667973077103658,0.006612125237752188
81.80325000000002,0.022025608050582738,0.02274433005349962,0.006640063854162606
81.96862500000002,0.02206189308344357,0.02282036486166597,0.0066679532298972366
82.13400000000001,0.022097663715387187,0.022896074689570174,0.0066957923788652845
82.29937500000001,0.022132919366881033,0.022971456822297193,0.006723580340112143
82.46475000000001,0.022167659564561525,0.02304650864131899,0.006751316177717376
82.63012500000002,0.02220188393969721,0.023121227623769076,0.006778998980693535
82.79550000000002,0.02223559222664467,0.023195611341698927,0.006806627862878978
82.96087500000002,0.022268784261316565,0.02326965746133666,0.006834201962830632
83.12625000000001,0.022301459979647498,0.023343363742332337,0.006861720443712157
83.29162500000001,0.022333619416065494,0.023416728036998687,0.0068891824931799905
83.45700000000002,0.022365262701972498,0.023489748289550326,0.006916587323268252
83.62237500000002,0.022396390064217432,0.02356242253532432,0.006943934170267386
83.78775000000002,0.022427001823586694,0.023634748900008263,0.006971222294604256
83.95312500000001,0.02245709839329495,0.023706725598857455,0.006998450980718244
84.11850000000001,0.02248668027747663,0.023778350935902328,0.007025619536933692
84.28387500000002,0.022515748069690956,0.023849623303158637,0.007052727295332342
84.44925000000002,0.0225443024514245,0.023920541179824308,0.0070797736116210335
84.61462500000002,0.022572344190607434,0.02399110313147954,0.007106757864999516
84.78000000000002,0.022599874140127638,0.02406130780927377,0.007133679458023554
84.94537500000001,0.022626893236358962,0.02413115394911618,0.007160537816468226
85.11075000000001,0.0226534024976883,0.024200640370854024,0.00718733238918674
85.27612500000002,0.022679403023056977,0.024269765977455084,0.007214062647969614
85.44150000000002,0.022704895990500948,0.024338529754177385,0.007240728087399178
85.60687500000002,0.02272988265570673,0.024406930767744854,0.007267328224704973
85.77225000000001,0.022754364350566946,0.02447496816551101,0.007293862599614655
85.93762500000001,0.022778342481745914,0.02454264117462242,0.0073203307742039396
86.10300000000002,0.022801818529254406,0.024609949101180646,0.007346732332745171
86.26837500000002,0.022824794045026187,0.02467689132939484,0.007373066881552151
86.43375000000002,0.022847270651516628,0.02474346732074684,0.0073993340488277826
86.59912500000002,0.02286925004028796,0.024809676613130664,0.00742553348450311
86.76450000000001,0.02289073397062177,0.024875518820010066,0.007451664860080799
86.92987500000001,0.022911724268129003,0.024940993629562133,0.007477727868473444
87.09525000000002,0.022932222823373906,0.025006100803824795,0.0075037222238421375
87.26062500000002,0.022952231590499562,0.02507084017783468,0.007529647661431083
87.42600000000002,0.022971752585871055,0.025135211658772985,0.007555503937403706
87.59137500000001,0.02299078788672248,0.025199215225104096,0.00758129082867551
87.75675000000001,0.023009339629811967,0.02526285092571194,0.00760700813274529
87.92212500000002,0.023027410010088036,0.025326118879037303,0.007632655667525631
88.08750000000002,0.023045001279364177,0.02538901927221293,0.007658233271171682
88.25287500000002,0.023062115745003206,0.025451552360198207,0.007683740801908821
88.41825000000001,0.023078755768612652,0.025513718464914667,0.0077091781378595
88.58362500000001,0.023094923764742106,0.02557551797437254,0.007734545176866374
88.74900000000002,0.023110622199603196,0.025636951341810973,0.007759841836318483
88.91437500000002,0.02312585358978754,0.025698019084825004,0.007785068052972431
89.07975000000002,0.02314062050099818,0.02575872178449614,0.0078102237827735585
89.24512500000002,0.023154925546795005,0.02581906008452742,0.007835309000677398
89.41050000000001,0.023168771387344203,0.02587903469037197,0.00786032370046816
89.57587500000001,0.02318216072818113,0.02593864636836515,0.00788526789457716
89.74125000000002,0.023195096318984525,0.025997895944858494,0.007910141613900768
89.90662500000002,0.023207580952354697,0.026056784305347105,0.007934944907615234
90.07200000000002,0.02321961746260944,0.02611531239363051,0.007959677842993172
90.23737500000001,0.023231208724587712,0.02617348121240068,0.007984340505218126
90.40275000000001,0.023242357652459952,0.026231291823591508,0.008008932997197194
90.56812500000002,0.02325306719855753,0.026288746016430307,0.008033455439375621
90.73350000000002,0.02326334035220058,0.02634584547078694,0.008057907969546503
90.89887500000002,0.02327318013855006,0.026402591413334543,0.008082290742664422
91.06425000000002,0.023282589617457893,0.02645898512374667,0.008106603930653988
91.22962500000001,0.023291571882339684,0.026515027933845203,0.008130847722221852
91.39500000000001,0.02330013005904532,0.02657072122673517,0.008155022322663586
91.56037500000002,0.023308267304753553,0.02662606643595632,0.008179127953674491
91.72575000000002,0.023315986806867917,0.026681065044625224,0.0082031648531565
91.89112500000002,0.023323291781926932,0.02673571858458377,0.00822713327502582
92.05650000000001,0.023330185474525575,0.026790028635549305,0.00825103348902001
92.22187500000001,0.023336671156248493,0.02684399682426826,0.00827486578050498
92.38725000000002,0.02334275212461077,0.026897624823667827,0.008298630450280236
92.55262500000002,0.023348431702013183,0.026950914352013803,0.008322327814384951
92.71800000000002,0.023353713234709216,0.027003867172071958,0.008345958203903934
92.88337500000002,0.023358600091774956,0.02705648509026205,0.008369521964770227
93.04875000000001,0.02336309566410614,0.027108769955833185,0.008393019457573137
93.21412500000002,0.023367203363407005,0.027160723660019735,0.008416451057359149
93.37950000000002,0.023370926621205802,0.027212348135217414,0.008439817153437931
93.54487500000002,0.023374268887873657,0.027263645354153786,0.008463118149185456
93.71025000000002,0.023377233631657078,0.027314617329064404,0.008486354461847773
93.87562500000001,0.023379824337721396,0.027365266110871655,0.008509526522344449
94.04100000000001,0.023382044507201834,0.027415593788362672,0.008532634775070574
94.20637500000002,0.023383897656272898,0.027465602487378928,0.008555679677701331
94.37175000000002,0.023385387315222,0.02751529437000068,0.008578661700993735
94.53712500000002,0.023386517027543106,0.027564671633745586,0.008601581328591708
94.70250000000001,0.02338729034902773,0.027613736510754355,0.00862443905682599
94.86787500000001,0.023387710846880794,0.027662491266995888,0.008647235394518917
95.03325000000002,0.02338778209883807,0.027710938201465155,0.008669970862785913
95.19862500000002,0.02338750769230357,0.027759079645394577,0.008692645994839958
95.36400000000002,0.023386891223489307,0.0278069179614596,0.008715261335793216
95.52937500000002,0.023385936296572086,0.027854455542994202,0.008737817442460523
95.69475000000001,0.023384646522857166,0.02790169481320599,0.008760314883161766
95.86012500000001,0.02338302551995954,0.027948638224402654,0.008782754237526523
96.02550000000002,0.02338107691098917,0.02799528825721414,0.008805136096296432
96.19087500000002,0.023378804323749527,0.028041647419821437,0.008827461061128332
96.35625000000002,0.023376211389950562,0.028087718247193933,0.008849729744399116
96.52162500000001,0.02337330174442947,0.02813350330032673,0.008871942769009381
96.68700000000001,0.023370079024381606,0.028179005165481635,0.008894100768187136
96.85237500000002,0.023366546868603927,0.02822422645343419,0.00891620438529229
97.01775000000002,0.02336270891675137,0.02826916979872754,0.008938254273622256
97.18312500000002,0.023358568808600762,0.028313837858926848,0.008960251096216515
97.34850000000002,0.02335413018332766,0.028358233313880543,0.008982195525662292
97.51387500000001,0.02334939667879368,0.028402358864985926,0.009004088243900555
97.67925000000002,0.02334437193083951,0.028446217234452963,0.009025929942030244
97.84462500000002,0.02333905957260204,0.028489811164589447,0.009047721320118234
98.01000000000002,0.02333346323382718,0.028533143417071905,0.009069463087003673
98.17537500000002,0.023327586540201298,0.02857621677223178,0.009091155960106132
98.34075000000001,0.023321433112696174,0.028619034028349064,0.009112800665234911
98.50612500000001,0.023315006566913234,0.028661598000937972,0.009134397936394867
98.67150000000002,0.023308310512453145,0.028703911522054603,0.009155948515598108
98.83687500000002,0.023301348552278417,0.02874597743958905,0.009177453152669622
99.00225000000002,0.023294124282108763,0.028787798616589214,0.009198912605062021
99.16762500000002,0.023286641289806256,0.028829377930564577,0.009220327637662772
99.33300000000001,0.023278903154779457,0.028870718272805764,0.009241699022605403
99.49837500000002,0.023270913447403816,0.028911822547716324,0.009263027539083608
99.66375000000002,0.023262675728436065,0.02895269367212976,0.00928431397315954
99.82912500000002,0.02325419354845952,0.0289933345746572,0.009305559117580872
99.99450000000002,0.023245470447323537,0.029033748195020474,0.009326763771592137
100.15987500000001,0.023236509953598376,0.029073937483397268,0.009347928740748935
100.32525000000003,0.023227315584042375,0.02911390539977402,0.009369054836733542
100.49062500000002,0.023217890843078032,0.02915365491330303,0.009390142877170849
100.65600000000002,0.02320823922227323,0.029193189001658758,0.009411193685443091
100.82137500000002,0.023198364199840633,0.02923251065041011,0.009432208090508576
100.98675000000001,0.02318826924013925,0.029271622852388192,0.009453186926718064
101.15212500000001,0.023177957793195803,0.029310528607072377,0.009474131033635947
101.31750000000002,0.02316743329421917,0.029349230919960917,0.009495041255855494
101.48287500000002,0.023156699163144095,0.0293877328019714,0.009515918442822714
101.64825000000002,0.023145758804169875,0.02942603726882878,0.009536763448655231
101.81362500000002,0.02313461560531593,0.02946414734046792,0.009557577131964782
101.97900000000001,0.023123272937984305,0.02950206604043849,0.009578360355679676
102.14437500000003,0.023111734156528653,0.02953979639531199,0.009599113986866737
102.30975000000002,0.02310000259784749,0.02957734143411288,0.009619838896560286
102.47512500000002,0.02308808158095796,0.029614704187719318,0.009640535959580162
102.64050000000002,0.023075974406614266,0.029651887688314088,0.009661206054365207
102.80587500000001,0.02306368435690094,0.029688894968797962,0.009681850062793462
102.97125000000001,0.023051214694865006,0.02972572906224654,0.009702468870015642
103.13662500000002,0.023038568664135107,0.029762393001344457,0.009723063364280294
103.30200000000002,0.023025749488560836,0.029798889817840023,0.009743634436764641
103.46737500000002,0.023012760371859318,0.029835222542003263,0.009764182981405667
103.63275000000002,0.022999604497269392,0.02987139420208807,0.009784709894731548
103.79812500000001,0.02298628502721125,0.029907407823796243,0.009805216075692841
103.96350000000002,0.022972805102965718,0.02994326642976091,0.009825702425499091
104.12887500000002,0.0229591678443476,0.02997897303901738,0.0098461698474504
104.29425000000002,0.022945376349398278,0.03001453066649313,0.009866619246774412
104.45962500000002,0.02293143369408202,0.030049942322498007,0.009887051530462402
104.62500000000001,0.022917342931995936,0.03008521101222654,0.009907467607108549
104.79037500000003,0.022903107094074452,0.030120339735248348,0.009927868386744339
104.95575000000002,0.022888729188324887,0.030155331485033927,0.009948254780683797
105.12112500000002,0.022874212199547418,0.030190189248455488,0.00996862770135959
105.28650000000002,0.022859559089082493,0.030224916005318445,0.009988988062168405
105.45187500000002,0.022844772794549575,0.030259514727877274,0.010009336777310304
105.61725000000001,0.022829856229610434,0.030293988380378552,0.010029674761636232
105.78262500000002,0.022814812283723875,0.030328339918588507,0.010050002930489528
105.94800000000002,0.022799643821921935,0.03036257228934416,0.010070322199554425
106.11337500000002,0.022784353684590284,0.030396688430105602,0.01009063348470415
106.27875000000002,0.022768944687244535,0.030430691268498636,0.010110937701844916
106.44412500000001,0.02275341962033648,0.030464583721892743,0.010131235766770916
106.60950000000003,0.02273778124904442,0.030498368696953684,0.010151528595010045
106.77487500000002,0.02272203231308966,0.03053204908922702,0.010171817101679073
106.94025000000002,0.022706175526548578,0.03056562778271135,0.01019210220133471
107.10562500000002,0.0226902135776768,0.030599107649444054,0.010212384807827922
107.27100000000002,0.022674149128743038,0.03063249154909611,0.010232665834160588
107.43637500000001,0.022657984815859865,0.03066578232855871,0.010252946192338628
107.60175000000002,0.022641723248835045,0.030698982821553894,0.010273226793232374
107.76712500000002,0.02262536701102209,0.030732095848240677,0.010293508546434679
107.93250000000002,0.02260891865917511,0.03076512421482308,0.010313792360118985
108.09787500000002,0.022592380723318612,0.030798070713175058,0.010334079140902177
108.26325000000001,0.022575755706619394,0.030830938120464668,0.010354369793706592
108.42862500000003,0.022559046085267317,0.030863729198787083,0.010374665221624165
108.59400000000002,0.022542254308352317,0.030896446694789137,0.010394966325777088
108.75937500000002,0.022525382797769906,0.03092909333932939,0.010415274005189629
108.92475000000002,0.022508433948110005,0.03096167184711234,0.01043558915665062
109.09012500000001,0.022491410126564672,0.03099418491634567,0.010455912674582953
109.25550000000003,0.022474313672839193,0.031026635228398297,0.010476245450912676
109.42087500000002,0.02245714689907734,0.031059025447476078,0.010496588374943381
109.58625000000002,0.02243991208976908,0.0310913582202697,0.010516942333220487
109.75162500000002,0.022422611501698074,0.03112363617565466,0.010537308209412528
109.91700000000002,0.022405247363865323,0.03115586192435617,0.010557686884179846
110.08237500000001,0.022387821877439266,0.031188038058647345,0.010578079235053937
110.24775000000002,0.022370337215694727,0.031220167152029812,0.010598486136310193
110.41312500000002,0.02235279552397646,0.03125225175894573,0.010618908458850716
110.57850000000002,0.022335198919650884,0.0312842944144711,0.010639347070080005
110.74387500000002,0.022317549492075647,0.03131629763403139,0.010659802833787793
110.90925000000001,0.022299849302567804,0.031348263913113225,0.010680276610029791
111.07462500000003,0.022282100384379444,0.03138019572698398,0.010700769255010569
111.24000000000002,0.022264304742681096,0.031412095530420216,0.010721281620968921
111.40537500000002,0.022246464354545928,0.031443965757435216,0.010741814556062143
111.57075000000002,0.02222858116894674,0.03147580882102248,0.010762368904255427
111.73612500000002,0.022210657106746533,0.03150762711288816,0.010782945505206665
111.90150000000001,0.02219269406070556,0.03153942300320503,0.010803545194158272
112.06687500000002,0.022174693895487634,0.031571198840363204,0.010824168801827136
112.23225000000002,0.022156658447670955,0.031602956950726194,0.010844817154295952
112.39762500000002,0.022138589525770736,0.03163469963840125,0.010865491072908944
112.56300000000002,0.02212048891025064,0.03166642918499297,0.01088619137416121
112.72837500000001,0.02210235835356304,0.03169814784939559,0.010906918869600893
112.89375000000003,0.022084199580172794,0.03172985786756109,0.010927674365722503
113.05912500000002,0.0220660142865877,0.031761561452274774,0.010948458663862301
113.22450000000002,0.02204780414141677,0.03179326079296978,0.010969272560106528
113.38987500000002,0.022029570785398356,0.031824958055496795,0.010990116845183842
113.55525000000002,0.02201131583146027,0.03185665538193863,0.011010992304372571
113.72062500000003,0.021993040864765494,0.031888354890403016,0.011031899717400085
113.88600000000002,0.021974747442776874,0.03192005867484132,0.011052839858350559
114.05137500000002,0.02195643709531946,0.031951768804863105,0.01107381349557096
114.21675000000002,0.02193811132464367,0.031983487325551146,0.01109482139157655
114.38212500000002,0.02191977160549714,0.03201521625728743,0.011115864302959987
114.54750000000001,0.021901419385197445,0.03204695759558025,0.011136942980300086
114.71287500000003,0.021883056083719727,0.032078713310911874,0.011158058168077512
114.87825000000002,0.021864683093763635,0.03211048534855545,0.011179210604579248
115.04362500000002,0.021846301780854414,0.03214227562844085,0.011200401021819696
115.20900000000002,0.021827913483424024,0.032174086044991175,0.011221630145451088
115.37437500000001,0.021809519512906765,0.032205918466979636,0.011242898694680727
115.53975000000003,0.021791121153837106,0.03223777473738886,0.011264207382188541
115.70512500000002,0.02177271966395061,0.0322696566732753,0.011285556914046065
115.87050000000002,0.021754316274284875,0.032301566065632115,0.011306947989634577
116.03587500000002,0.021735912189293122,0.03233350467927126,0.011328381301569471
116.20125000000002,0.02171750858695076,0.032365474252694634,0.011349857535620492
116.36662500000003,0.02169910661886944,0.03239747649797585,0.011371377370635368
116.53200000000002,0.02168070741041079,0.03242951310064185,0.011392941478462908
116.69737500000002,0.021662312060817864,0.032461585719580424,0.011414550523884992
116.86275000000002,0.021643921643328595,0.03249369598692108,0.011436205164538775
117.02812500000002,0.021625537205306484,0.03252584550794126,0.011457906050847491
117.19350000000001,0.021607159768366694,0.03255803586096655,0.011479653825948836
117.35887500000003,0.021588790328513352,0.03259026859728655,0.011501449125628517
117.52425000000002,0.021570429856269373,0.03262254524106116,0.011523292578250157
117.68962500000002,0.021552079296818984,0.03265486728924476,0.011545184804691178
117.85500000000002,0.021533739570144945,0.03268723621150368,0.011567126418276062
118.02037500000002,0.02151541157117506,0.032719653450147566,0.011589118024714164
118.18575000000003,0.021497096169920838,0.03275212042004921,0.011611160222033255
118.35112500000002,0.02147879421163735,0.03278463850859727,0.011633253600524357
118.51650000000002,0.021460506516964323,0.03281720907562035,0.011655398742676258
118.68187500000002,0.02144223388208119,0.03284983345333344,0.011677596223117578
118.84725000000002,0.021423977078866292,0.032882512946290875,0.011699846608561043
119.01262500000001,0.021405736855049973,0.03291524883133077,0.01172215045774432
119.17800000000003,0.021387513934379,0.03294804235753702,0.01174450832137703
119.34337500000002,0.02136930901677615,0.032980894746195394,0.011766920742085338
119.50875000000002,0.021351122778503942,0.03301380719075574,0.011789388254358518
119.67412500000002,0.02133295587233212,0.033046780856801655,0.01181191138449793
119.83950000000002,0.021314808927707644,0.033079816882024195,0.0118344906505673
120.00487500000003,0.02129668255092221,0.033112916376192895,0.011857126562341827
120.17025000000002,0.02127857732528484,0.03314608042113584,0.01187981962126022
120.33562500000002,0.02126049381129909,0.03317931007072703,0.011902570320379387
120.50100000000002,0.021242432546833324,0.03321260635086524,0.01192537914432562
120.66637500000002,0.02122439404730306,0.0332459702594713,0.011948246569252462
120.83175000000003,0.02120637880585127,0.03327940276648436,0.011971173062797871
120.99712500000003,0.02118838729352125,0.03331290481384721,0.011994159084037385
121.16250000000002,0.021170419959448954,0.03334647731552324,0.012017205083448442
121.32787500000002,0.021152477231039822,0.033380121157490464,0.012040311502866417
121.49325000000002,0.02113455951415957,0.033413837197758506,0.01206347877544863
121.65862500000001,0.021116667193318478,0.0334476262663768,0.012086707325635193
121.82400000000003,0.021098800631857765,0.033481489165447395,0.012109997569111354
121.98937500000002,0.02108096017214197,0.03351542666914866,0.012133349912773558
122.15475000000002,0.021063146135752338,0.0335494395237617,0.012156764754696535
122.32012500000002,0.02104535882367036,0.03358352844768303,0.01218024248409525
122.48550000000002,0.021027598516479,0.033617694131466404,0.012203783481297232
122.65087500000003,0.021009865474559936,0.03365193723786015,0.012227388117713268
122.81625000000003,0.0209921599382756,0.033686258401821614,0.012251056755799739
122.98162500000002,0.020974482128180053,0.03372065823057926,0.012274789749038053
123.14700000000002,0.02095683224520956,0.03375513730366407,0.012298587441902981
123.31237500000002,0.02093921047087883,0.03378969617295153,0.012322450169834638
123.47775000000001,0.02092161696749,0.03382433536272555,0.012346378259218575
123.64312500000003,0.020904051878327,0.03385905536972127,0.012370372027357902
123.80850000000002,0.02088651532784942,0.03389385666316793,0.0123944317824456
123.97387500000002,0.020869007421911515,0.03392873968487482,0.012418557823552312
124.13925000000002,0.020851528247946727,0.03396370484926292,0.012442750440594464
124.30462500000002,0.020834077875188685,0.03399875254345755,0.012467009914324454
124.47000000000003,0.020816656354859676,0.03403388312733012,0.012491336516302385
124.63537500000002,0.02079926372038428,0.03406909693358276,0.012515730508883327
124.80075000000002,0.02078189998759468,0.0341043942678211,0.01254019214520035
124.96612500000002,0.02076456515493097,0.03413977540862116,0.01256472166914526
125.13150000000002,0.02074725920365243,0.034175240607616154,0.012589319315356796
125.29687500000003,0.020729982098042686,0.03421079008957471,0.012613985309205551
125.46225000000003,0.02071273378561499,0.03424642405248218,0.01263871986678012
125.62762500000002,0.020695514197327722,0.034282142667640444,0.012663523194880011
125.79300000000002,0.02067832324777448,0.034317946079727504,0.01268839549099384
125.95837500000002,0.020661160835419363,0.034353834406934784,0.012713336943306154
126.12375000000002,0.02064402684277796,0.03438980774101597,0.01273834773067165
126.28912500000003,0.020626921136642776,0.03442586614741199,0.012763428022617585
126.45450000000002,0.02060984356828687,0.0344620096653418,0.012788577979333528
126.61987500000002,0.020592793973674115,0.03449823830790691,0.012813797751666366
126.78525000000002,0.02057577217366717,0.034534552062193684,0.0128390874811144
126.95062500000002,0.020558777974238978,0.034570950889384444,0.01286444729982486
127.11600000000003,0.020541811166679167,0.03460743472486171,0.01288987733058894
127.28137500000003,0.02052487152780235,0.0346440034783185,0.01291537768683911
127.44675000000002,0.02050795882016667,0.03468065703388771,0.012940948472653629
127.61212500000002,0.02049107279226839,0.03471739525023414,0.01296658978274722
127.77750000000002,0.020474213178764616,0.034754217960695534,0.012992301702480155
127.94287500000002,0.020457379700673746,0.034791124973389,0.013018084307854444
128.10825000000003,0.020440572065591096,0.03482811607134548,0.013043937665520621
128.273625,0.02042378996788921,0.03486519101262031,0.013069861832775746
128.43900000000002,0.020407033088929993,0.03490234953042686,0.013095856857570061
128.604375,0.020390301097286817,0.034939591333289,0.01312192277852089
128.76975000000002,0.02037359364892392,0.03497691610512403,0.01314805962490054
128.93512500000003,0.020356910387429858,0.035014323505419484,0.013174267416659618
129.1005,0.020340250944213562,0.035051813169349515,0.013200546164427649
129.26587500000002,0.02032361493871529,0.035089384707918496,0.013226895869524241
129.43125,0.020307001978607214,0.03512703770808988,0.01325331652396467
129.59662500000002,0.020290411660008393,0.03516477173294213,0.01327980811047595
129.76200000000003,0.020273843567684625,0.035202586321801385,0.013306370602504124
129.927375,0.020257297275256058,0.03524048099039002,0.013333003964227865
130.09275000000002,0.020240772345402017,0.03527845523097315,0.013359708150571345
130.258125,0.020224268330066002,0.035316508512507484,0.013386483107218189
130.42350000000002,0.020207784770657686,0.03535464028078862,0.01341332877062504
130.588875,0.020191321198259504,0.03539284995860824,0.013440245068038963
130.75425,0.020174877133827287,0.0354311369459036,0.013467231917512163
130.91962500000002,0.02015845208839135,0.03546950061991121,0.013494289227918512
131.085,0.02014204556326076,0.03550794033532759,0.013521416898972813
131.25037500000002,0.020125657050223792,0.03554645542446743,0.013548614821249381
131.41575,0.020109286031747203,0.03558504519742118,0.013575882876200582
131.58112500000001,0.020092931981175125,0.035623708942215684,0.013603220936176677
131.74650000000003,0.020076594362930283,0.035662445924980676,0.013630628864448165
131.911875,0.020060272632711495,0.03570125539011228,0.013658106515227093
132.07725000000002,0.020043966237685062,0.03574013656042854,0.013685653733685715
132.242625,0.02002767461669389,0.03577908863735772,0.013713270355987581
132.40800000000002,0.02001139720044157,0.035818110801087266,0.013740956209304172
132.57337500000003,0.019995133411693514,0.0358572022107435,0.013768711111843199
132.73875,0.019978882665467084,0.03589636200455636,0.013796534872871588
132.90412500000002,0.019962644369230998,0.03593558930004226,0.013824427292745531
133.0695,0.019946417923088943,0.035974883194162185,0.013852388162931384
133.23487500000002,0.0199302027199782,0.03601424276350937,0.013880417266038041
133.40025000000003,0.019913998145857266,0.03605366706447971,0.01390851437584296
133.565625,0.01989780357989844,0.036093155133454624,0.01393667925732325
133.73100000000002,0.0198816183946685,0.0361327059869643,0.01396491166667943
133.89637500000003,0.019865441956327647,0.036172318621887814,0.013993211351373623
134.06175000000002,0.01984927362480933,0.03621199201562077,0.014021578050155515
134.22712500000003,0.019833112754003013,0.03625172512625152,0.01405001149309186
134.3925,0.019816958691949063,0.03629151689276168,0.014078511401605643
134.55787500000002,0.01980081078101005,0.03633136623518771,0.014107077488500496
134.72325000000004,0.019784668358065693,0.036371272054826785,0.014135709458002362
134.88862500000002,0.019768530754684103,0.03641123323440408,0.014164407005786717
135.05400000000003,0.019752397297310056,0.036451248638272656,0.014193169819018562
135.219375,0.01973626730743703,0.03649131711258712,0.014221997576382477
135.38475000000003,0.019720140101791597,0.03653143748550264,0.014250889948122951
135.55012500000004,0.019704014992508772,0.03657160856736048,0.014279846596079608
135.71550000000002,0.019687891287307226,0.03661182915087543,0.01430886717372357
135.88087500000003,0.019671768289662783,0.03665209801132379,0.014337951326194249
136.04625000000001,0.01965564529898531,0.03669241390674031,0.014367098690339964
136.21162500000003,0.01963952161079357,0.036732775578113316,0.014396308894758148
136.377,0.019623396516877504,0.036773181749561096,0.014425581559828446
136.54237500000002,0.019607269305474632,0.03681363112853554,0.01445491629775697
136.70775000000003,0.019591139261442816,0.03685412240602313,0.014484312712619584
136.87312500000002,0.019575005666417452,0.036894654256719284,0.014513770400395237
137.03850000000003,0.01955886779898986,0.03693522533924538,0.014543288949016247
137.203875,0.019542724934864503,0.0369758342963286,0.014572867938404288
137.36925000000002,0.019526576347024545,0.03701647975500084,0.01460250694051434
137.53462500000003,0.019510421305897415,0.03705716032679991,0.014632205519379623
137.70000000000002,0.01949425907951629,0.037097874607966416,0.014661963231155336
137.86537500000003,0.019478088933672495,0.037138621179626,0.014691779624156886
138.03075,0.01946191013208795,0.03717939860801232,0.014721654238914444
138.19612500000002,0.01944572193656211,0.03722020544464495,0.01475158660821019
138.36150000000004,0.019429523607134083,0.03726104022653853,0.01478157625712808
138.52687500000002,0.01941331440223451,0.03730190147639538,0.014811622703097466
138.69225000000003,0.019397093578841226,0.03734278770280825,0.014841725455941115
138.857625,0.019380860392631018,0.03738369740045823,0.01487188401792153
139.02300000000002,0.019364614098130863,0.03742462905031484,0.014902097883788589
139.18837500000004,0.019348353948871296,0.037465581119842634,0.014932366540830024
139.35375000000002,0.019332079197527947,0.03750655206318807,0.014962689468914481
139.51912500000003,0.019315789096073153,0.037547540321388906,0.014993066140543802
139.6845,0.019299482895923644,0.03758854432257775,0.015023496020903424
139.84987500000003,0.019283159848079823,0.03762956248217381,0.015053978567908285
140.01525000000004,0.019266819203272004,0.037670593203089235,0.015084513232255058
140.18062500000002,0.019250460212104043,0.037711634875934305,0.015115099457474163
140.34600000000003,0.019234082125190885,0.037752685879213294,0.015145736679978487
140.51137500000002,0.01921768419329843,0.03779374457952698,0.015176424329115033
140.67675000000003,0.019201265667477558,0.0378348093317678,0.015207161827214058
140.842125,0.019184825799207782,0.03787587847933527,0.015237948589646645
141.00750000000002,0.019168363840527954,0.037916950354329494,0.015268784024873939
141.17287500000003,0.01915187904417064,0.03795802327775442,0.015299667534500459
141.33825000000002,0.01913537066368944,0.037999095559710115,0.015330598513323593
141.50362500000003,0.019118837953598863,0.038040165499612394,0.015361576349394335
141.669,0.019102280169495875,0.03808123138637849,0.015392600424064724
141.83437500000002,0.01908569656819096,0.03812229149863527,0.01542367011204477
141.99975000000003,0.019069086407835455,0.038163344104921955,0.01545478478145752
142.16512500000002,0.019052448948047078,0.03820438746389173,0.015485943793894046
142.33050000000003,0.019035783450026184,0.03824541982449904,0.015517146504463075
142.495875,0.019019089176688306,0.03828643942621946,0.015548392261853953
142.66125000000002,0.019002365392783344,0.03832744449924848,0.015579680408391887
142.82662500000004,0.018985611365005754,0.038368433264682526,0.01561101028008584
142.99200000000002,0.018968826362122587,0.038409403934739725,0.015642381206693326
143.15737500000003,0.018952009655087657,0.03845035471295505,0.015673792511774975
143.32275,0.01893516051715443,0.03849128379437522,0.015705243512749496
143.48812500000003,0.01891827822399189,0.03853218936576293,0.015736733520952687
143.65350000000004,0.018901362053797485,0.038573069605796644,0.01576826184169519
143.81887500000002,0.018884411287404056,0.03861392268526192,0.015799827774316995
143.98425000000003,0.018867425208394222,0.038654746767259794,0.015831430612249463
144.14962500000001,0.018850403103207385,0.03869554000740267,0.015863069643072474
144.31500000000003,0.018833344261245097,0.0387363005540097,0.015894744148571886
144.48037500000004,0.01881624797497554,0.038777026548302646,0.015926453404797543
144.64575000000002,0.018799113540039887,0.03881771612460819,0.015958196682124167
144.81112500000003,0.018781940255355973,0.03885836741055732,0.015989973245311744
144.97650000000002,0.018764727423214313,0.03889897852727126,0.01602178235356044
145.14187500000003,0.018747474349384712,0.03893954758957169,0.01605362326057617
145.30725,0.018730180343205075,0.03898007270615714,0.016085495214622443
145.47262500000002,0.018712844717688075,0.039020551979817866,0.016117397458588575
145.63800000000003,0.018695466789611037,0.03906098350761952,0.016149329230045344
145.80337500000002,0.018678045879613435,0.039101365381103884,0.016181289761308115
145.96875000000003,0.018660581312283393,0.03914169568647009,0.016213278279492385
146.134125,0.01864307241625811,0.03918197250478658,0.016245294006582235
146.29950000000002,0.01862551852430739,0.03922219391217056,0.01627733615948589
146.46487500000003,0.018607918973419655,0.039262357979974925,0.016309403950094774
146.63025000000002,0.018590273104897477,0.03930246277499729,0.01634149658535193
146.79562500000003,0.0185725802644394,0.03934250635966241,0.016373613267310086
146.961,0.018554839802221213,0.03938248679220693,0.016405753193190823
147.12637500000002,0.01853705107298109,0.03942240212687269,0.0164379155554479
147.29175000000004,0.018519213436101734,0.03946225041409751,0.016470099541829698
147.45712500000002,0.01850132625569718,0.03950202970071748,0.01650230433544715
147.62250000000003,0.01848338890067613,0.03954173803012172,0.016534529114822012
147.787875,0.0184654007448306,0.03958137344246364,0.016566773053959157
147.95325000000003,0.01844736116691526,0.03962093397485383,0.016599035322411658
148.11862500000004,0.018429269550710323,0.03966041766152042,0.0166313150853327
148.28400000000002,0.018411125285101908,0.03969982253400936,0.01666361150354444
148.44937500000003,0.018392927764161737,0.03973914662138492,0.016695923733607447
148.61475000000002,0.018374676387198426,0.03977838795037176,0.016728250927866162
148.78012500000003,0.018356370558847198,0.03981754454558096,0.016760592234529744
148.94550000000004,0.018338009689124267,0.0398566144296636,0.016792946797723075
149.11087500000002,0.018319593193502324,0.0398955956235102,0.01682531375755737
149.27625000000003,0.018301120492971713,0.039934486146422705,0.016857692250189616
149.44162500000002,0.018282591014101655,0.03997328401628793,0.01689008140788312
149.60700000000003,0.018264004189109017,0.04001198724976963,0.016922480359076147
149.772375,0.018245359455918063,0.04005059386248266,0.016954888228443547
149.93775000000002,0.01822665625822066,0.04008910186917119,0.016987304136960382
150.10312500000003,0.01820789404553059,0.04012750928387448,0.017019727201960797
150.26850000000002,0.018189072273250704,0.04016581412012437,0.017052156537210577
150.43387500000003,0.018170190402721255,0.04020401439110177,0.017084591252962897
150.59925,0.018151247901274047,0.04024210810980973,0.017117030456021323
150.76462500000002,0.018132244242296487,0.04028009328926898,0.017149473249812853
150.93000000000004,0.018113178905272122,0.040317967942663124,0.017181918734439944
151.09537500000002,0.018094051375840053,0.04035573008352951,0.017214366006752364
151.26075000000003,0.01807486114584196,0.040393377725922,0.017246814160407426
151.426125,0.018055607713370864,0.04043090888458136,0.017279262285933957
151.59150000000002,0.018036290582817763,0.04046832157510192,0.017311709470794967
151.75687500000004,0.01801690926492165,0.040505613814107465,0.017344154799454684
151.92225000000002,0.01799746327680991,0.04054278361940815,0.017376597353437922
152.08762500000003,0.017977952142045412,0.040579829010173506,0.01740903621139669
152.25300000000001,0.017958375390669072,0.040616748007097324,0.017441470449173626
152.41837500000003,0.017938732559239605,0.04065353863255817,0.01747389913986415
152.58375000000004,0.01791902319087442,0.040690198910783806,0.017506321353880465
152.74912500000002,0.017899246835290254,0.040726726868016996,0.017538736159016667
152.91450000000003,0.01787940304884066,0.04076312053267611,0.017571142620511997
153.07987500000002,0.017859491394549426,0.04079937793550783,0.017603539801111033
153.24525000000003,0.017839511442150496,0.04083549710975589,0.017635926761131227
153.41062500000004,0.017819462768120447,0.040871476091315806,0.017668302558524727
153.57600000000002,0.017799344955709992,0.040907312918887793,0.017700666248939866
153.74137500000003,0.017779157594980968,0.040943005634144394,0.017733016885789318
153.90675000000002,0.017758900282833518,0.040978552281877016,0.017765353520309623
154.07212500000003,0.017738572623036467,0.041013950910151524,0.017797675201624896
154.2375,0.0177181742262544,0.04104919957045797,0.017829980976808414
154.40287500000002,0.017697704710080538,0.04108429631787458,0.01786226989095083
154.56825000000003,0.017677163699054553,0.04111923921119935,0.017894540987214623
154.73362500000002,0.017656550824702147,0.04115402631313243,0.017926793306910972
154.89900000000003,0.0176358657255399,0.041188655690380827,0.01795902588954342
155.064375,0.017615108047117953,0.041223125413851223,0.017991237772889936
155.22975000000002,0.017594277442030005,0.04125743355876878,0.018023427993053464
155.39512500000004,0.017573373569932983,0.04129157820481996,0.018055595584522997
155.56050000000002,0.017552396097580775,0.041325557436329,0.018087739580249958
155.72587500000003,0.017531344698825932,0.041359369342361604,0.018119859011693037
155.89125,0.01751021905464921,0.04139301201689489,0.018151952908892377
156.05662500000003,0.01748901885317228,0.041426483558949,0.018184020300527348
156.22200000000004,0.017467743789675864,0.04145978207273295,0.018216060213980947
156.38737500000002,0.017446393566608563,0.04149290566777007,0.018248071675395605
156.55275000000003,0.017424967893612198,0.041525852459063185,0.01828005370974686
156.71812500000001,0.01740346648751857,0.04155862056719402,0.018312005340888313
156.88350000000003,0.017381889072378327,0.041591208118499694,0.018343925591631127
157.04887500000004,0.01736023537945587,0.041623613245169555,0.018375813483788504
157.21425000000002,0.017338505147255007,0.041655834085416815,0.01840766803825372
157.37962500000003,0.01731669812150995,0.04168786878356867,0.01843948827504253
157.54500000000002,0.017294814055214477,0.04171971549024822,0.01847127321337634
157.71037500000003,0.01727285270860614,0.04175137236245065,0.018503021871719073
157.87575000000004,0.017250813849190975,0.04178283756371737,0.018534733267857803
158.04112500000002,0.017228697251738458,0.04181410926423999,0.018566406418952512
158.20650000000003,0.017206502698287007,0.04184518564098996,0.018598040341597698
158.37187500000002,0.01718422997815156,0.04187606487785536,0.018629634051887473
158.53725000000003,0.0171618788879205,0.041906745165752615,0.018661186565469827
158.70262500000004,0.01713944923145919,0.04193722470275475,0.018692696897608663
158.86800000000002,0.017116940819911833,0.041967501694217396,0.018724164063245098
159.03337500000004,0.01709435347169702,0.04199757435288991,0.018755587077052566
159.19875000000002,0.017071687012512635,0.04202744089905019,0.018786964953502714
159.36412500000003,0.017048941275331832,0.04205709956061939,0.01881829670692278
159.5295,0.017026116100393972,0.04208654857326441,0.01884958135154778
159.69487500000002,0.017003211335205635,0.04211578618052625,0.018880817901584645
159.86025000000004,0.016980226834541243,0.04214481063394877,0.01891200537127681
160.02562500000002,0.016957162460425466,0.042173620193162516,0.018943142774949004
160.19100000000003,0.016934018082138555,0.04220221312602709,0.01897422912707874
160.356375,0.016910793576200706,0.04223058770872171,0.019005263442344746
160.52175000000003,0.016887488826368945,0.042258742225868146,0.01903624473569036
160.68712500000004,0.016864103723627837,0.04228667497063837,0.01906717202238027
160.85250000000002,0.016840638166175443,0.0423143842448527,0.019098044318053464
161.01787500000003,0.01681709205942392,0.04234186835911303,0.01912886063879213
161.18325000000002,0.01679346531597236,0.04236912563286923,0.01915962000116088
161.34862500000003,0.01676975785560665,0.0423961543945533,0.019190321422276793
161.51400000000004,0.016745969605286196,0.04242295298168154,0.01922096391986534
161.67937500000002,0.01672210049912811,0.04244951974095018,0.01925154651231372
161.84475000000003,0.016698150478390076,0.04247585302832974,0.019282068218723837
162.01012500000002,0.01667411949146037,0.04250195120917676,0.01931252805897357
162.17550000000003,0.016650007493839443,0.04252781265832574,0.01934292505376929
162.34087500000004,0.01662581444812722,0.042553435760195935,0.019373258224705443
162.50625000000002,0.01660154032400075,0.04257881890887415,0.019403526594313575
162.67162500000003,0.016577185098200876,0.04260396050822098,0.01943372918612231
162.83700000000002,0.016552748754509815,0.04262885897195453,0.019463865024707355
163.00237500000003,0.016528231283740494,0.04265351272376527,0.019493933135755943
163.16775000000004,0.01650363268370528,0.04267792019737772,0.01952393254610751
163.33312500000002,0.0164789529592032,0.042702079836660634,0.019553862283816576
163.49850000000004,0.016454192121995545,0.04272599009570743,0.019583721378202464
163.66387500000002,0.016429350190787725,0.042749649438934466,0.019613508859907456
163.82925000000003,0.016404427191208614,0.04277305634117123,0.01964322376095148
163.994625,0.01637942315577551,0.04279620928771529,0.019672865114771093
164.16000000000003,0.016354338123884673,0.04281910677445401,0.019702431956289068
164.32537500000004,0.016329172141778214,0.0428417473079234,0.019731923321955797
164.49075000000002,0.016303925262523555,0.042864129405403156,0.01976133824980719
164.65612500000003,0.016278597545989124,0.04288625159499949,0.019790675779517666
164.82150000000001,0.016253189058814604,0.042908112415715016,0.019819934952447105
164.98687500000003,0.01622769987438645,0.04292971041753383,0.01984911481169527
165.15225000000004,0.01620213007280902,0.04295104416149311,0.019878214402150228
165.31762500000002,0.016176479740879865,0.04297211221976882,0.019907232770543563
165.48300000000003,0.016150748972059828,0.04299291317574516,0.019936168965498324
165.64837500000002,0.01612493786644595,0.043013445624093656,0.01996502203758175
165.81375000000003,0.016099046530735024,0.04303370817082738,0.0199937910393467
165.97912500000004,0.01607307507820659,0.04305369943340567,0.02002247502539676
166.14450000000002,0.01604702362868226,0.043073418040778855,0.020051073052423783
166.30987500000003,0.016020892308497535,0.04309286263346283,0.020079584179259605
166.47525000000002,0.015994681250469562,0.04311203186360675,0.020108007466924652
166.64062500000003,0.015968390593870417,0.04313092439507267,0.02013634197868256
166.80600000000004,0.01594202048438845,0.043149538903484705,0.020164586780080766
166.97137500000002,0.015915571074098987,0.04316787407630371,0.02019274093900318
167.13675000000003,0.01588904252142866,0.04318592861288439,0.020220803525715026
167.30212500000002,0.015862434991125027,0.043203701224546476,0.020248773612914415
167.46750000000003,0.015835748654219668,0.04322119063462875,0.020276650275776156
167.63287500000004,0.01580898368799422,0.043238395578552,0.02030443259200007
167.79825000000002,0.015782140275945284,0.04325531480387713,0.020332119641857112
167.96362500000004,0.015755218607748925,0.043271947070363054,0.02035971050823585
168.12900000000002,0.015728218879224605,0.04328829115002404,0.020387204276688563
168.29437500000003,0.01570114129229916,0.04330434582718566,0.02041460003547744
168.45975,0.01567398605497032,0.043320109898539585,0.02044189687561992
168.62512500000003,0.015646753381269047,0.043335582173196746,0.020469093890933897
168.79050000000004,0.015619443491220946,0.043350761472736365,0.020496190178081
168.95587500000002,0.015592056610809164,0.043365646631258796,0.02052318483661191
169.12125000000003,0.015564592971939649,0.043380236495446256,0.020550076969015726
169.28662500000002,0.015537052812393783,0.04339452992458727,0.020576865680752256
169.45200000000003,0.015509436375798316,0.043408525790649514,0.020603550080307575
169.61737500000004,0.01548174391158123,0.04342222297831362,0.02063012927923116
169.78275000000002,0.01545397567493331,0.04343562038502186,0.02065660239218039
169.94812500000003,0.015426131926767528,0.04344871692102226,0.02068296853696313
170.11350000000002,0.01539821293367772,0.04346151150940786,0.02070922683457802
170.27887500000003,0.015370218967900497,0.043474003086168354,0.02073537640926104
170.44425000000004,0.015342150307270971,0.04348619060022049,0.020761416388522184
170.60962500000002,0.015314007235183828,0.043498073013456526,0.02078734590319072
170.77500000000003,0.015285790040552388,0.04350964930078491,0.020813164087457228
170.94037500000002,0.015257499017761347,0.0435209184501531,0.0208388700789071
171.10575000000003,0.015229134466630746,0.043531879462602334,0.02086446301856952
171.27112500000004,0.015200696692369287,0.04354253135229156,0.020889942050952057
171.43650000000002,0.01517218600553677,0.04355287314654738,0.02091530632408764
171.60187500000004,0.015143602721991393,0.04356290388587035,0.020940554989561037
171.76725000000002,0.015114947162855788,0.0435726226239944,0.020965687202560902
171.93262500000003,0.015086219654469761,0.043582028427907676,0.020990702121913365
172.09800000000004,0.015057420528345173,0.043591120377879974,0.021015598910119296
172.26337500000002,0.015028550121123635,0.04359989756749735,0.0210403767333948
172.42875000000004,0.014999608774531418,0.04360835910368761,0.021065034761707777
172.59412500000002,0.014970596835336684,0.043616504106753745,0.021089572168818384
172.75950000000003,0.014941514655301247,0.043624331710390034,0.021113988132311343
172.92487500000001,0.014912362591136945,0.043631841061710974,0.021138281833634504
173.09025000000003,0.014883141004464698,0.04363903132128902,0.02116245245814202
173.25562500000004,0.014853850261761267,0.043645901663153866,0.02118649919511892
173.42100000000002,0.01482449073431779,0.043652451274827045,0.021210421237822987
173.58637500000003,0.014795062798195525,0.04365867935734835,0.021234217783522864
173.75175000000002,0.01476556683417885,0.043664585125292366,0.021257888033531486
173.91712500000003,0.014736003227728634,0.043670167806786925,0.021281431193240684
174.08250000000004,0.014706372368931034,0.04367542664351617,0.021304846472148267
174.24787500000002,0.014676674652462345,0.0436803608907721,0.021328133083909035
174.41325000000003,0.014646910477530604,0.04368496981743532,0.02135129024635142
174.57862500000002,0.014617080247839732,0.04368925270602312,0.021374317181527023
174.74400000000003,0.014587184371527763,0.04369320885265984,0.021397213115722392
174.90937500000004,0.014557223261138603,0.043696837567145985,0.021419977279519227
175.07475000000002,0.01452719733355762,0.04370013817291887,0.021442608907801697
175.24012500000003,0.014497107009975242,0.0437031100070981,0.021465107239805273
175.40550000000002,0.014466952715835552,0.04370575242048218,0.021487471519141953
175.57087500000003,0.014436734880790981,0.0437080647775665,0.021509700993835937
175.73625000000004,0.014406453938646913,0.04371004645652767,0.021531794916343022
175.90162500000002,0.014376110327325374,0.04371169684926598,0.021553752543598585
176.06700000000004,0.014345704488810574,0.04371301536139224,0.021575573137038444
176.23237500000002,0.014315236869100707,0.043714001412232556,0.02159725596262855
176.39775000000003,0.014284707918161957,0.04371465443483967,0.021618800290898216
176.56312500000004,0.014254118089877678,0.04371497387598813,0.0216402053969652
176.72850000000003,0.01422346784200389,0.04371495919618945,0.021661470560571043
176.89387500000004,0.014192757636119577,0.04371460986968911,0.0216825950661075
177.05925000000002,0.014161987937575855,0.04371392538445956,0.0217035782026409
177.22462500000003,0.014131159215452703,0.04371290524221751,0.02172441926394888
177.39000000000001,0.014100271942504242,0.04371154895840296,0.021745117548538227
177.55537500000003,0.014069326595116293,0.04370985606219675,0.021765672359681694
177.72075000000004,0.01403832365325094,0.04370782609649684,0.021786083005434782
177.88612500000002,0.014007263600408795,0.04370545861794825,0.021806348798679057
178.05150000000003,0.013976146923564674,0.04370275319689031,0.021826469057124417
178.21687500000002,0.013944974113136506,0.04369970941740603,0.02184644310336248
178.38225000000003,0.013913745662922958,0.04369632687727393,0.021866270264871247
178.54762500000004,0.013882462070061413,0.04369260518798143,0.021885949874050747
178.71300000000002,0.013851123834976598,0.04368854397470877,0.021905481268243827
178.87837500000003,0.013819731461337121,0.043684142876337956,0.02192486378976987
179.04375000000002,0.013788285455995863,0.04367940154540727,0.021944096785930976
179.20912500000003,0.013756786328955602,0.043674319648148635,0.021963179609060003
179.37450000000004,0.013725234593307356,0.04366889686443337,0.021982111616522637
179.53987500000002,0.013693630765188324,0.043663132887782743,0.022000892170752146
179.70525000000004,0.0136619753637358,0.0436570274253635,0.022019520639276403
179.87062500000002,0.01363026891103086,0.043650580197948596,0.022037996394727963
180.03600000000003,0.0135985119320553,0.04364379093992268,0.022056318814876207
180.20137500000004,0.013566704954641103,0.043636659399259085,0.02207448728264557
180.36675000000002,0.013534848509423143,0.04362918533750912,0.0220925011861398
180.53212500000004,0.013502943129790626,0.043621368529784633,0.02211035991866314
180.69750000000002,0.013470989351836729,0.04361320876473442,0.02212806287873817
180.86287500000003,0.013438987714310704,0.04360470584452818,0.022145609470127704
181.02825000000004,0.01340693875857269,0.04359585958484772,0.022162999101860446
181.19362500000003,0.013374843028542258,0.04358666981485641,0.022180231188245508
181.35900000000004,0.013342701070648093,0.04357713637717312,0.022197305148889367
181.52437500000002,0.013310513433787603,0.04356725912787464,0.02221422040872737
181.68975000000003,0.01327828066927087,0.04355703793644955,0.022230976398030546
181.85512500000002,0.013246003330774934,0.04354647268578159,0.0222475725524274
182.02050000000003,0.013213681974299073,0.04353556327213796,0.022264008312928393
182.18587500000004,0.013181317158115928,0.04352430960514097,0.02228028312594204
182.35125000000002,0.013148909442714327,0.043512711607713014,0.022296396443277113
182.51662500000003,0.013116459390770163,0.043500769216110874,0.022312347722190873
182.68200000000002,0.013083967567081736,0.04348848237984476,0.022328136425378148
182.84737500000003,0.0130514345385296,0.043475851061674585,0.022343762021000173
183.01275000000004,0.013018860874030974,0.04346287523758763,0.022359223982703697
183.17812500000002,0.012986247144485086,0.043449554896747816,0.02237452178962581
183.34350000000003,0.012953593922736841,0.04343589004150007,0.022389654926426795
183.50887500000002,0.012920901783519255,0.043421880687307096,0.022404622883288615
183.67425000000003,0.012888171303410825,0.04340752686273334,0.022419425155937353
183.83962500000004,0.012855403060792966,0.043392828609428086,0.02243406124734953
184.00500000000002,0.012822597635796483,0.04337778598206991,0.022448530732976035
184.17037500000004,0.01278975561025525,0.043362399048336615,0.022462833161600696
184.33575000000002,0.012756877567668107,0.04334666788889903,0.022476968051972534
184.50112500000003,0.012723964093141232,0.043330592597349796,0.022490934928440516
184.66650000000004,0.012691015773350248,0.04331417328019687,0.022504733320981206
184.83187500000003,0.012658033196490408,0.04329741005681611,0.022518362765205115
184.99725000000004,0.012625016952232448,0.04328030305942031,0.022531822802371815
185.16262500000002,0.012591967631673712,0.04326285243301444,0.022545112979397604
185.32800000000003,0.012558885827301117,0.04324505833538607,0.02255823284888174
185.49337500000004,0.012525772132930397,0.04322692093701694,0.02257118196909135
185.65875000000003,0.012492627143675026,0.04320844042109309,0.022583959903997995
185.82412500000004,0.012459451455898636,0.043189616983457566,0.022596566223284
185.98950000000002,0.012426245667160928,0.04317045083254061,0.022609000502337214
186.15487500000003,0.012393010376184042,0.043150942189357624,0.022621262352812335
186.32025000000002,0.01235974618280214,0.04313109128744953,0.022633351458380593
186.48562500000003,0.012326453687915486,0.04311089837283609,0.022645267418286437
186.65100000000004,0.012293133493453082,0.04309036370399933,0.022657009830316675
186.81637500000002,0.012259786202318844,0.0430694875518068,0.022668578298010007
186.98175000000003,0.01222641241835733,0.04304827019950376,0.02267997243068394
187.14712500000002,0.01219301274630201,0.04302671194264095,0.022691191843428205
187.31250000000003,0.01215958779174051,0.04300481308906304,0.0227022361571299
187.47787500000004,0.012126138161058762,0.04298257395882011,0.02271310499845794
187.64325000000002,0.01209266446140857,0.04295999488416036,0.02272379799989052
187.80862500000003,0.012059167300662303,0.042937076209477634,0.022734314799718713
187.97400000000002,0.012025647287366352,0.042913818291251835,0.022744655042046008
188.13937500000003,0.011992105030703519,0.042890221498021366,0.022754818376805083
188.30475000000004,0.011958541140440954,0.04286628621030056,0.0227648044597453
188.47012500000002,0.011924956226905661,0.04284201282059652,0.022774612952472593
188.63550000000004,0.011891350900922044,0.04281740173328916,0.02278424352241735
188.80087500000002,0.011857725773783068,0.04279245336462775,0.02279369584286344
188.96625000000003,0.011824081457209753,0.04276716814268672,0.022802969592956017
189.13162500000004,0.011790418563295046,0.042741546507264874,0.022812064457679013
189.29700000000003,0.011756737704482753,0.042715588909906343,0.022820980127897274
189.46237500000004,0.011723039493510907,0.042689295813794575,0.02282971630033137
189.62775000000002,0.011689324543377885,0.04266266769372744,0.02283827267757515
189.79312500000003,0.0116555934673019,0.04263570503606519,0.022846648968099178
189.95850000000004,0.011621846878677962,0.042608408338669815,0.022854844886249157
190.12387500000003,0.011588085391038274,0.042580778110855005,0.022862860152250225
190.28925000000004,0.011554309618016132,0.04255281487334706,0.022870694492217084
190.45462500000002,0.011520520173298928,0.042524519158206014,0.022878347638142425
190.62000000000003,0.011486717670596683,0.042495891508800954,0.022885819327914753
190.78537500000002,0.011452902723598925,0.042466932479742245,0.02289310930531277
190.95075000000003,0.011419075945932108,0.04243764263681509,0.022900217320000554
191.11612500000004,0.011385237951129255,0.04240802255695471,0.022907143127544896
191.28150000000002,0.01135138935258447,0.04237807282816647,0.022913886489403124
191.44687500000003,0.011317530763516177,0.04234779404947662,0.02292044717292723
191.61225000000002,0.011283662796931975,0.04231718683088641,0.02292682495136978
191.77762500000003,0.011249786065586515,0.04228625179330134,0.022933019603876316
191.94300000000004,0.01121590118194871,0.04225498956849195,0.022939030915494873
192.10837500000002,0.011182008758157252,0.04222340079900988,0.022944858677160847
192.27375000000004,0.011148109405992292,0.04219148613816501,0.02295050268571535
192.43912500000002,0.011114203736831177,0.042159246249938775,0.022955962743888586
192.60450000000003,0.011080292361616857,0.04212668180894593,0.022961238660309462
192.76987500000004,0.011046375890818062,0.04209379350036334,0.022966330249497284
192.93525000000002,0.011012454934393675,0.04206058201987321,0.022971237331861204
193.10062500000004,0.0109785301017596,0.042027048073614515,0.02297595973370401
193.26600000000002,0.010944602001750804,0.04199319237811493,0.022980497287215247
193.43137500000003,0.010910671242585625,0.04195901566023069,0.022984849830468626
193.59675000000004,0.010876738431831841,0.04192451865709001,0.022989017207421053
193.76212500000003,0.010842804176370872,0.041889702116030846,0.022992999267908848
193.92750000000004,0.010808869082361196,0.04185456679453241,0.022996795867640064
194.09287500000002,0.01077493375521133,0.0418191134601821,0.023000406868206445
194.25825000000003,0.010740998799534381,0.04178334289057125,0.023003832137056042
194.42362500000004,0.010707064819127464,0.041747255873284914,0.02300707154751745
194.58900000000003,0.010673132416925295,0.04171085320579143,0.02301012497876887
194.75437500000004,0.01063920219497428,0.04167413569540749,0.02301299231584849
194.91975000000002,0.010605274754396207,0.041637104159224614,0.02301567344964374
195.08512500000003,0.01057135069536098,0.04159975942406931,0.023018168276898773
195.25050000000005,0.010537430617045807,0.04156210232640549,0.023020476700190202
195.41587500000003,0.010503515117607725,0.04152413371229293,0.023022598627933398
195.58125000000004,0.010469604794152269,0.0414858544373255,0.023024533974377943
195.74662500000002,0.010435700242697677,0.041447265366551855,0.02302628265959268
195.91200000000003,0.010401802058149282,0.04140836737443558,0.02302784460947317
196.07737500000002,0.010367910834259137,0.041369161344754116,0.023029219755714418
196.24275000000003,0.010334027163606752,0.04132964817058285,0.02303040803583134
196.40812500000004,0.010300151637557306,0.04128982875418433,0.02303140939312611
196.57350000000002,0.010266284846241105,0.041249704006984377,0.02303222377670365
196.73887500000004,0.01023242737851286,0.04120927484946596,0.023032851141441477
196.90425000000002,0.010198579821931522,0.04116854221114131,0.02303329144800287
197.06962500000003,0.010164742762722927,0.04112750703045695,0.023033544662812443
197.23500000000004,0.010130916785754914,0.04108617025474595,0.023033610758058147
197.40037500000003,0.010097102474506537,0.04104453284015551,0.023033489711679192
197.56575000000004,0.01006330041104226,0.04100259575159298,0.023033181507364255
197.73112500000002,0.010029511175976388,0.04096035996263256,0.02303268613452759
197.89650000000003,0.009995735348452987,0.0409178264554816,0.02303200358831825
198.06187500000004,0.009961973506110923,0.040874996220885806,0.02303113386959505
198.22725000000003,0.009928226225058411,0.04083187025807275,0.023030076984922897
198.39262500000004,0.009894494079850713,0.04078844957470624,0.023028832946575005
198.55800000000002,0.009860777643451273,0.04074473518677051,0.02302740177249568
198.72337500000003,0.009827077487218925,0.04070072811856397,0.023025783486324405
198.88875000000004,0.009793394180868414,0.04065642940257708,0.02302397811735475
199.05412500000003,0.009759728292449678,0.04061184007944847,0.02302198570053711
199.21950000000004,0.009726080388324005,0.04056696119790827,0.023019806276474104
199.38487500000002,0.009692451033134255,0.04052179381469344,0.02301743989140018
199.55025000000003,0.009658840789780623,0.040476338994486175,0.02301488659717386
199.71562500000005,0.009625250219393863,0.04043059780983922,0.023012146451262712
199.88100000000003,0.009591679881311101,0.04038457134111128,0.023009219516733685
200.04637500000004,0.00955813033305487,0.04033826067641687,0.023006105862251616
200.21175000000002,0.009524602130299615,0.04029166691151863,0.023002805562044933
200.37712500000004,0.009491095826856581,0.04024479114979694,0.022999318695915087
200.54250000000002,0.00945761197464412,0.04019763450215898,0.022995645349211308
200.70787500000003,0.009424151123667047,0.040150198086981954,0.022991785612825062
200.87325000000004,0.0093907138219901,0.040102483030031805,0.02298773958316972
201.03862500000002,0.009357300615716747,0.04005449046440204,0.022983507362172285
201.20400000000004,0.009323912048967358,0.04000622153045071,0.02297908905726341
201.36937500000002,0.009290548663853797,0.039957677375718606,0.022974484781356684
201.53475000000003,0.009257211000458641,0.03990885915486725,0.022969694652839184
201.70012500000004,0.009223899596813304,0.03985976802961046,0.022964718795558024
201.86550000000003,0.009190614988872787,0.039810405168631754,0.022959557338798817
202.03087500000004,0.009157357710501975,0.0397607717475461,0.022954210417289227
202.19625000000002,0.00912412829344509,0.03971086894879343,0.022948678171163386
202.36162500000003,0.009090927267308275,0.039660697961584945,0.02294296074595638
202.52700000000004,0.009057755159542082,0.039610259981844295,0.02293705829259559
202.69237500000003,0.009024612495416855,0.03955955621212437,0.022930970967377968
202.85775000000004,0.008991499798002876,0.03950858786153642,0.02292469893195416
203.02312500000002,0.00895841758815373,0.039457356145696315,0.02291824235332242
203.18850000000003,0.008925366384480831,0.03940586228662975,0.022911601403798526
203.35387500000004,0.008892346703338654,0.039354107512722225,0.02290477626101161
203.51925000000003,0.008859359058804212,0.03930209305864366,0.022897767107885027
203.68462500000004,0.008826403962656507,0.03924982016527135,0.02289057413261608
203.85000000000002,0.00879348192436256,0.039197290079641754,0.02288319752867239
204.01537500000003,0.008760593451052952,0.0391445040548521,0.022875637494758967
204.18075000000005,0.008727739047507642,0.039091463350009334,0.022867894234812457
204.34612500000003,0.008694919216135553,0.039038169230148696,0.02285996795797786
204.51150000000004,0.008662134456959559,0.038984622966175275,0.02285185887859816
204.67687500000002,0.008629385267597855,0.03893082583478749,0.02284356721619334
204.84225000000004,0.008596672143247087,0.038876779118410545,0.022835093195445244
205.00762500000002,0.008563995576664967,0.03882248410512099,0.022826437046176866
205.17300000000003,0.008531356058152955,0.038767942088575646,0.022817599003333945
205.33837500000004,0.00849875407554385,0.03871315436795912,0.022808579306977578
205.50375000000003,0.008466190114179623,0.038658122247885215,0.022799378202249386
205.66912500000004,0.00843366465690105,0.0386028470383525,0.022789995939368254
205.83450000000002,0.008401178184029766,0.03854733005466361,0.022780432773605943
205.99987500000003,0.00836873117335223,0.0384915726173514,0.02277068896526613
206.16525000000004,0.008336324100107567,0.0384355760521238,0.022760764779674515
206.33062500000003,0.008303957436969316,0.038379341689776705,0.022750660487149903
206.49600000000004,0.008271631654033006,0.0383228708661332,0.02274037636299056
206.66137500000002,0.008239347218802132,0.03826616492197818,0.022729912687457797
206.82675000000003,0.008207104596171608,0.03820922520297389,0.022719269745747946
206.99212500000004,0.00817490424841716,0.03815205305960648,0.02270844782798268
207.15750000000003,0.008142746635181691,0.03809464984711576,0.022697447229189018
207.32287500000004,0.008110632213457963,0.03803701692540752,0.022686268249268993
207.48825000000002,0.008078561437580477,0.037979155659005503,0.022674911192992607
207.65362500000003,0.008046534759210642,0.03792106741697421,0.022663376369973162
207.81900000000005,0.008014552627323394,0.03786275357284413,0.02265166409464403
207.98437500000003,0.007982615488194168,0.037804215504540044,0.022639774686236964
208.14975000000004,0.007950723785393073,0.03774545459434095,0.022627708468779165
208.31512500000002,0.007918877959764058,0.037686472228767864,0.022615465771046953
208.48050000000003,0.007887078449420956,0.03762726979855165,0.022603046926567318
208.64587500000005,0.007855325689730578,0.03756784869853688,0.022590452273580794
208.81125000000003,0.007823620113306468,0.037508210327635946,0.022577682155034296
208.97662500000004,0.007791962149995326,0.03744835608874822,0.022564736918553083
209.14200000000002,0.00776035222686498,0.03738828738868325,0.02255161691641442
209.30737500000004,0.007728790768197881,0.03732800563811156,0.022538322505538166
209.47275000000002,0.007697278195478465,0.0372675122514837,0.022524854047457795
209.63812500000003,0.007665814927384558,0.037206808646968154,0.022511211908302676
209.80350000000004,0.007634401379777447,0.03714589624638204,0.02249739645877575
209.96887500000003,0.007603037965690334,0.037084776475112116,0.022483408074125338
210.13425000000004,0.007571725095322297,0.03702345076206256,0.0224692471341326
210.29962500000002,0.007540463176029677,0.03696192053958834,0.022454914023090515
210.46500000000003,0.007509252612311283,0.036900187243397706,0.02244040912976371
210.63037500000004,0.007478093805810132,0.03683825231253476,0.02242573284739661
210.79575000000003,0.007446987155296483,0.03677611718926936,0.02241088557366534
210.96112500000004,0.0074159330566637045,0.0367137833190483,0.02239586771066658
211.12650000000002,0.007384931902918824,0.036651252150420324,0.022380679664890237
211.29187500000003,0.0073539840841776935,0.036588525134982376,0.022365321847204977
211.45725000000004,0.007323089987655632,0.03652560372730274,0.02234979467282945
211.62262500000003,0.007292249997657704,0.03646248938484138,0.022334098561301467
211.78800000000004,0.007261464495579127,0.0363991835679186,0.02231823393647688
211.95337500000002,0.007230733859892403,0.03633568773961951,0.022302201226488415
212.11875000000003,0.007200058466141806,0.036272003365730374,0.022286000863724516
212.28412500000005,0.007169438686939511,0.036208131914685374,0.02226963328481383
212.44950000000003,0.007138874891957983,0.03614407485749183,0.022253098930596515
212.61487500000004,0.007108367447923673,0.03607983366766246,0.022236398246099742
212.78025000000002,0.007077916718614892,0.03601540982116612,0.022219531680524176
212.94562500000004,0.007047523064850702,0.035950804796333675,0.022202499687202826
213.11100000000005,0.007017186844490776,0.03588602007381832,0.02218530272359307
213.27637500000003,0.006986908412428451,0.03582105713651896,0.022167941251245875
213.44175000000004,0.006956688120586455,0.03575591746951855,0.02215041573578399
213.60712500000002,0.006926526317911463,0.035690602560013565,0.022132726646874414
213.77250000000004,0.006896423350370904,0.03562511389725583,0.022114874458208332
213.93787500000002,0.006866379560950287,0.03555945297249409,0.022096859647480725
214.10325000000003,0.0068363952896462205,0.03549362127889492,0.0220786826963571
214.26862500000004,0.006806470873463245,0.03542762031148008,0.022060344090449872
214.43400000000003,0.006776606646412897,0.035361451567076645,0.022041844319302867
214.59937500000004,0.0067468029395099756,0.03529511654424973,0.022023183876364552
214.76475000000002,0.006717060080764779,0.035228616743215535,0.022004363258949014
214.93012500000003,0.006687378395188923,0.03516195366582243,0.021985382968238935
215.09550000000004,0.006657758204783787,0.035095128815441724,0.021966243509232212
215.26087500000003,0.006628199828543423,0.03502814369693252,0.021946945390734468
215.42625000000004,0.006598703582451383,0.034960999816574176,0.02192748912533133
215.59162500000002,0.006569269779477877,0.03489369868199997,0.021907875229361076
215.75700000000003,0.006539898729576721,0.034826241802128066,0.021888104222885438
215.92237500000005,0.006510590739688703,0.034758630687126264,0.021868176629681456
216.08775000000003,0.006481346113733967,0.034690866848317514,0.021848092977195928
216.25312500000004,0.006452165152613316,0.03462295179813211,0.02182785379652891
216.41850000000002,0.0064230481542093265,0.03455488705005756,0.021807459622415655
216.58387500000003,0.006393995413380042,0.034486674118548846,0.021786910993183455
216.74925000000005,0.006365007221965155,0.034418314519004505,0.02176620845074949
216.91462500000003,0.006336083868779534,0.034349809767673364,0.021745352540575143
217.08000000000004,0.006307225639614905,0.03428116138160525,0.021724343811647603
217.24537500000002,0.006278432817244425,0.03421237087861641,0.021703182816470556
217.41075000000004,0.006249705681412572,0.034143439777173885,0.02168187011100371
217.57612500000005,0.006221044508843092,0.034074369596378315,0.021660406254663884
217.74150000000003,0.006192449573238174,0.03400516185589713,0.021638791810295155
217.90687500000004,0.006163921145278571,0.03393581807590368,0.021617027344141913
218.07225000000003,0.006135459492623294,0.03386633977701074,0.02159511342581877
218.23762500000004,0.006107064879908485,0.03379672848020211,0.021573050628278363
218.40300000000002,0.006078737568757482,0.033726985706822074,0.021550839527816446
218.56837500000003,0.006050477817769996,0.03365711297845107,0.021528480704003834
218.73375000000004,0.006022285882532498,0.033587111816896144,0.021505974739691697
218.89912500000003,0.005994162015615924,0.033516983744112105,0.02148332222097201
219.06450000000004,0.005966106466576637,0.033446730282139056,0.02146052373714861
219.22987500000002,0.00593811948196301,0.033376352953070273,0.021437579880727406
219.39525000000003,0.005910201305312712,0.033305853278969184,0.02141449124737363
219.56062500000004,0.005882352177155095,0.0332352327818118,0.02139125843588533
219.72600000000003,0.005854572335019499,0.03316449298346329,0.021367882048188708
219.89137500000004,0.005826862013429433,0.03309363540557503,0.021344362689281842
220.05675000000002,0.005799221443911855,0.033022661569563745,0.021320700967231255
220.22212500000003,0.005771650854996881,0.032951572996538114,0.021296897493134525
220.38750000000005,0.005744150472221941,0.0328803712072498,0.021272952881098067
220.55287500000003,0.005716720518133791,0.032809057722029175,0.021248867748205322
220.71825000000004,0.0056893612122947655,0.03273763406074874,0.02122464271450219
220.88362500000002,0.005662072771283513,0.03266610174275039,0.021200278402959356
221.04900000000004,0.005634855408699584,0.032594462286796515,0.021175775439449356
221.21437500000005,0.005607709335165951,0.03252271721100865,0.02115113445271572
221.37975000000003,0.005580634758336613,0.032450868032832356,0.021126356074358844
221.54512500000004,0.0055536318828961545,0.03237891626895874,0.021101440938793438
221.71050000000002,0.005526700910568274,0.032306863435293695,0.02107638968323687
221.87587500000004,0.005499842040117969,0.032234711046893245,0.02105120294767532
222.04125000000005,0.005473055467354639,0.032162460617900124,0.021025881374830333
222.20662500000003,0.005446341385140265,0.03209011366151191,0.02100042561014586
222.37200000000004,0.005419699983392987,0.032017671689921465,0.020974836301757345
222.53737500000003,0.0053931314490904825,0.0319451362142538,0.0209491141004576
222.70275000000004,0.0053666359662750416,0.03187250874451504,0.020923259659670974
222.86812500000002,0.005340213716063233,0.031799790789565505,0.020897273635442935
223.03350000000003,0.005313864876647128,0.031726983857043964,0.02087115668639741
223.19887500000004,0.005287589623298575,0.031654089453308346,0.02084490947370473
223.36425000000003,0.005261388128380744,0.031581109083420544,0.020818532661078464
223.52962500000004,0.005235260561348005,0.031508044251059165,0.020792026914724517
223.69500000000002,0.0052092070887554305,0.03143489645849207,0.020765392903329467
223.86037500000003,0.005183227874263081,0.031361667206513566,0.020738631298025542
224.02575000000004,0.005157323078642916,0.03128835799439994,0.020711742772367116
224.19112500000003,0.00513149285978569,0.031214970319863616,0.020684728002306668
224.35650000000004,0.005105737372706385,0.0311415056789967,0.02065758766616304
224.52187500000002,0.00508005676955113,0.03106796556622518,0.020630322444596803
224.68725000000003,0.005054451199603845,0.03099435147425885,0.020602933020582553
224.85262500000005,0.005028920809294795,0.030920664894053866,0.02057542007938932
225.01800000000003,0.005003465742202803,0.03084690731473593,0.02054778430853476
225.18337500000004,0.004978086139068239,0.030773080223588073,0.02052002639778208
225.34875000000002,0.004952782137796356,0.03069918510598051,0.020492147039098033
225.51412500000004,0.004927553873465966,0.03062522344533071,0.020464146926631215
225.67950000000005,0.004902401478335487,0.03055119672304868,0.02043602675667991
225.84487500000003,0.004877325081854006,0.030477106418512027,0.02040778722767995
226.01025000000004,0.004852324810664055,0.030402954008989208,0.020379429040157538
226.17562500000003,0.004827400788612493,0.030328740969612945,0.02035095289671555
226.34100000000004,0.0048025531367584294,0.03025446877333496,0.020322359502007226
226.50637500000005,0.004777781973379792,0.030180138890871788,0.020293649562703363
226.67175000000003,0.004753087413981715,0.03010575279066046,0.020264823787466413
226.83712500000004,0.004728469571305741,0.030031311938821376,0.020235882886928822
227.00250000000003,0.004703928555337503,0.02995681779910936,0.02020682757366338
227.16787500000004,0.004679464473314413,0.029882271832864068,0.020177658562153138
227.33325000000005,0.0046550774297353485,0.02980767549897433,0.020148376568770124
227.49862500000003,0.0046307675263695,0.0297330302538363,0.020118982311750078
227.66400000000004,0.004606534862261872,0.029658337551288112,0.020089476511150905
227.82937500000003,0.004582379533746522,0.029583598842596717,0.020059859888846395
227.99475000000004,0.004558301634453184,0.029508815576399866,0.02003013316848915
228.16012500000002,0.004534301255316077,0.029433989198662018,0.02000029707548307
228.32550000000003,0.004510378484585059,0.02935912115264595,0.019970352336966028
228.49087500000005,0.004486533407829148,0.029284212878833905,0.01994029968175838
228.65625000000003,0.004462766107955425,0.029209265814948752,0.019910139840378992
228.82162500000004,0.004439076665208255,0.029134281395846097,0.019879873544973406
228.98700000000002,0.004415465157185999,0.029059261053521218,0.019849501529320076
229.15237500000003,0.004391931658846007,0.02898420621703754,0.019819024528782925
229.31775000000005,0.004368476242517754,0.02890911831251079,0.019788443280301552
229.48312500000003,0.004345098977910146,0.02883399876305156,0.01975775852235306
229.64850000000004,0.004321799932122263,0.02875884898873223,0.019726970994930367
229.81387500000002,0.004298579169652545,0.02868367040654277,0.019696081439512406
229.97925000000004,0.004275436752410513,0.02860846443036303,0.019665090599045906
230.14462500000005,0.00425237273972514,0.028533232470912995,0.019633999217911542
230.31000000000003,0.004229387188355651,0.028457975935718256,0.01960280804190047
230.47537500000004,0.004206480152499495,0.02838269622905648,0.019571517818177606
230.64075000000003,0.004183651683808253,0.028307394751958016,0.019540129295282038
230.80612500000004,0.004160901831391756,0.02823207290212499,0.0195086432230711
230.97150000000005,0.0041382306418322416,0.02815673207392011,0.019477060352712187
231.13687500000003,0.004115638159195115,0.0280813736583301,0.019445381436657146
231.30225000000004,0.004093124425034789,0.02800599904289785,0.01941360722859473
231.46762500000003,0.004070689478412192,0.027930609611731674,0.019381738483455986
231.63300000000004,0.004048333355900442,0.027855206745434784,0.01934977595736491
231.79837500000005,0.004026056091598572,0.02777979182108959,0.01931772040762603
231.96375000000003,0.004003857717140192,0.027704366212207142,0.01928557259268837
232.12912500000004,0.003981738261705574,0.02762893128869929,0.019253333272124702
232.29450000000003,0.0039596977520323946,0.027553488416842215,0.01922100320660452
232.45987500000004,0.003937736212427398,0.027478038959245978,0.019188583157871357
232.62525000000002,0.003915853664776998,0.02740258427481636,0.019156073888714334
232.79062500000003,0.0038940501285581043,0.027327125718718343,0.019123476162940654
232.95600000000005,0.003872325620849483,0.027251664642342632,0.01909079074535021
233.12137500000003,0.003850680156345503,0.02717620239329,0.01905801840172242
233.28675000000004,0.0038291137473617587,0.027100740315297273,0.019025159898762016
233.45212500000002,0.0038076264038542826,0.027025279748259662,0.018992216004112182
233.61750000000004,0.0037862181334226913,0.026949822028138677,0.01895918748628732
233.78287500000005,0.003764888941329408,0.026874368486984518,0.018926075114686015
233.94825000000003,0.0037436388305064254,0.026798920452870467,0.018892879659541822
234.11362500000004,0.003722467801567142,0.02672347924986173,0.01885960189189856
234.27900000000002,0.003701375852821284,0.02664804619800684,0.018826242583600793
234.44437500000004,0.003680362980284655,0.026572622613293642,0.018792802507259468
234.60975000000005,0.0036594291776881867,0.026497209807597673,0.018759282436212214
234.77512500000003,0.0036385744364961434,0.02642180908869704,0.018725683144529888
234.94050000000004,0.003617798745911058,0.026346421760193396,0.018692005406957223
235.10587500000003,0.003597102092893255,0.02627104912153615,0.018658249998925864
235.27125000000004,0.003576484462163336,0.02619569246792328,0.018624417696480156
235.43662500000005,0.003555945836223641,0.02612035309034237,0.018590509276301917
235.60200000000003,0.0035354861953649456,0.026045032275499848,0.01855652551565613
235.76737500000004,0.0035151055176796436,0.025969731305803177,0.018522467192373528
235.93275000000003,0.003494803779074804,0.025894451459336436,0.018488335084828913
236.09812500000004,0.003474580953283647,0.025819194009827927,0.018454129971913206
236.26350000000005,0.0034544370118771255,0.025743960226617568,0.018419852633005333
236.42887500000003,0.003434371924276643,0.025668751374632516,0.01838550384794988
236.59425000000005,0.0034143856577697083,0.025593568714384826,0.018351084397050386
236.75962500000003,0.003394478177516061,0.02551841350189814,0.018316595061011444
236.92500000000004,0.0033746494465651685,0.025443286988718544,0.01828203662094139
237.09037500000002,0.0033548994258655795,0.02536819042186686,0.018247409858312198
237.25575000000003,0.0033352280742796657,0.025293125043828128,0.01821271555494672
237.42112500000005,0.0033156353485963336,0.025218092092528094,0.01817795449299573
237.58650000000003,0.0032961212035389105,0.02514309280127327,0.018143127454888972
237.75187500000004,0.003276685591785542,0.025068128398784913,0.01810823522335371
237.91725000000002,0.003257328463973571,0.024993200109111654,0.018073278581345442
238.08262500000004,0.0032380497687180937,0.024918309151650067,0.018038258312056615
238.24800000000005,0.003218849452622437,0.024843456741104525,0.01800317519888109
238.41337500000003,0.003199727460290249,0.024768644087458706,0.017968030025387053
238.57875000000004,0.00318068373434025,0.024693872395967167,0.017932823575304298
238.74412500000003,0.0031617182154163024,0.024619142867111886,0.01789755663248587
238.90950000000004,0.003142830842202425,0.024544456696597522,0.017862229980897787
239.07487500000005,0.003124021551434114,0.024469815075315666,0.01782684440458599
239.24025000000003,0.0031052902779121743,0.02439521918933278,0.017791400687660434
239.40562500000004,0.003086636954515194,0.024320670219862846,0.017755899614267955
239.57100000000003,0.003068061512210905,0.024246169343236146,0.017720341968562002
239.73637500000004,0.003049563880072886,0.02417171773090636,0.017684728534700416
239.90175000000005,0.0030311439852892816,0.02409731654939768,0.01764906009679906
240.06712500000003,0.0030128017531777917,0.024022966960299482,0.017613337438920233
240.23250000000004,0.0029945371071984674,0.023948670120245083,0.01757756134504928
240.39787500000003,0.0029763499689665295,0.023874427180890827,0.0175417325990711
240.56325000000004,0.0029582402582643687,0.023800239288887734,0.017505851984741357
240.72862500000005,0.002940207893057689,0.02372610758588736,0.01746992028568252
240.89400000000003,0.0029222527895027806,0.023652033208477488,0.017433938285328295
241.05937500000005,0.0029043748619653094,0.023578017288207603,0.017397906766933716
241.22475000000003,0.0028865740230307694,0.02350406095155138,0.01736182651353904
241.39012500000004,0.0028688501835172,0.023430165319884497,0.01732569830794478
241.55550000000002,0.0028512032524887205,0.023356331509471008,0.01728952293269259
241.72087500000004,0.002833633137268206,0.023282560631441615,0.01725330117004039
241.88625000000005,0.0028161397434510456,0.023208853791782606,0.017217033801945208
242.05162500000003,0.002798722974918665,0.023135212091321817,0.017180721610043394
242.21700000000004,0.002781382733848963,0.023061636625689264,0.017144365375612404
242.38237500000002,0.0027641189207328817,0.022988128485330578,0.017107965879571165
242.54775000000004,0.0027469314343847697,0.022914688755466567,0.01707152390244066
242.71312500000005,0.002729820171956933,0.022841318516089806,0.01703504022433169
242.87850000000003,0.002712785028951411,0.022768018841937143,0.016998515624914796
243.04387500000004,0.0026958258992347403,0.022694790802488676,0.01696195088340942
243.20925000000003,0.0026789426750513006,0.022621635461953782,0.016925346778563784
243.37462500000004,0.002662135247031943,0.022548553879218853,0.01688870408860564
243.54000000000005,0.002645403504213994,0.022475547107890334,0.016852023591264375
243.70537500000003,0.002628747334049064,0.02240261619623498,0.016815306063715944
243.87075000000004,0.002612166622417945,0.022329762187181836,0.01677855228257393
244.03612500000003,0.0025956612536440103,0.02225698611830995,0.016741763023869975
244.20150000000004,0.002579231110505099,0.02218428902182384,0.01670493906302469
244.36687500000005,0.0025628760742492243,0.022111671924564074,0.01666808117484486
244.53225000000003,0.002546596024603961,0.02203913584796014,0.016631190133477258
244.69762500000004,0.0025303908397920592,0.021966681808040945,0.016594266712405534
244.86300000000003,0.0025142603965444574,0.02189431081542028,0.01655731168442833
245.02837500000004,0.002498204570112132,0.021822023875274873,0.01652032582163162
245.19375000000005,0.002482223234279868,0.02174982198733736,0.016483309895372097
245.35912500000003,0.002466316261378687,0.021677706145879612,0.016446264676253156
245.52450000000005,0.0024504835223005464,0.02160567733971493,0.01640919093411542
245.68987500000003,0.0024347248865100916,0.021533736552176025,0.0163720894380082
245.85525000000004,0.0024190402220565983,0.02146188476109344,0.016334960956161694
246.02062500000002,0.002403429395590101,0.021390122938813087,0.016297806255988576
246.18600000000004,0.002387892272370376,0.021318452052148808,0.016260626104035954
246.35137500000005,0.0023724287162838866,0.021246873062408377,0.016223421265993396
246.51675000000003,0.0023570385898538863,0.021175386925356303,0.01618619250665254
246.68212500000004,0.0023417217542558415,0.02110399459122717,0.016148940589905066
246.84750000000003,0.0023264780693264897,0.021032697004680308,0.016111666278696018
247.01287500000004,0.0023113073935824963,0.02096149510484239,0.016074370335043865
247.17825000000005,0.002296209584227313,0.020890389825242273,0.016037053519978462
247.34362500000003,0.002281184497168787,0.020819382093846196,0.015999716593555334
247.50900000000004,0.002266231987029012,0.0207484728330213,0.015962360314815134
247.67437500000003,0.0022513519071599587,0.020677662959551046,0.015924985441783033
247.83975000000004,0.0022365441096526897,0.020606953384594943,0.01588759273142463
248.00512500000005,0.002221808445354541,0.020536345013720203,0.015850182939657745
248.17050000000003,0.0022071447638779443,0.02046583874685739,0.015812756821305066
248.33587500000004,0.0021925529136165643,0.020395435478323214,0.01577531513009894
248.50125000000003,0.0021780327417549542,0.02032513609678508,0.015737858618640667
248.66662500000004,0.0021635840942832284,0.02025494148527176,0.015700388038395553
248.83200000000005,0.0021492068160112086,0.02018485252117902,0.01566290413968409
248.99737500000003,0.0021349007505773085,0.02011487007622898,0.015625407671636962
249.16275000000005,0.002120665740464452,0.02004499501649231,0.015587899382198758
249.32812500000003,0.002106501627011208,0.0199752282023686,0.015550380018099233
249.49350000000004,0.002092408250425066,0.01990557048858692,0.015512850324840097
249.65887500000005,0.002078385449795433,0.019836022724202887,0.01547531104667891
249.82425000000003,0.0020644330631046414,0.019766585752579006,0.015437762926600053
249.98962500000005,0.002050550927242183,0.01969726041139483,0.01540020670630863
250.15500000000003,0.0020367388780174137,0.019628047532644403,0.015362643126214636
250.32037500000004,0.0020229967501703807,0.019558947942614195,0.015325072925401534
250.48575000000002,0.00200932437738504,0.019489962461886744,0.015287496841614838
250.65112500000004,0.0019957215923036044,0.01942109190535403,0.01524991561125868
250.81650000000005,0.001982188226536334,0.01935233708218829,0.015212329969358318
250.98187500000003,0.0019687241106748346,0.019283698795846176,0.01517474064954916
251.14725000000004,0.001955329074305613,0.019215177844077603,0.015137148384069175
251.31262500000003,0.001942002946020355,0.0191467750189013,0.015099553903725159
251.47800000000004,0.0019287455534314673,0.019078491106634225,0.01506195793790125
251.64337500000005,0.0019155567231800303,0.019010326887844792,0.01502436121450732
251.80875000000003,0.0019024362809516911,0.018942283137387744,0.01498676445999182
251.97412500000004,0.0018893840514874463,0.018874360624385255,0.014949168399311877
252.13950000000003,0.001876399858596528,0.01880656011223322,0.014911573755923408
252.30487500000004,0.0018634835251678324,0.018738882358591773,0.014873981251758633
252.47025000000005,0.0018506348731820847,0.018671328115382586,0.014836391607208751
252.63562500000003,0.0018378537237245716,0.01860389812879502,0.014798805541113787
252.80100000000004,0.0018251398969968522,0.018536593139280008,0.014761223770742448
252.96637500000003,0.0018124932123291576,0.01846941388155368,0.014723647011779691
253.13175000000004,0.0017999134881929275,0.018402361084600794,0.014686075978314206
253.29712500000005,0.0017874005422099846,0.018335435471646365,0.014648511382800239
253.46250000000003,0.0017749541911690416,0.01826863776020164,0.014610953936078828
253.62787500000005,0.001762574251033263,0.018201968662018782,0.014573404347326062
253.79325000000003,0.0017502605369553305,0.01813542888312448,0.014535863324064282
253.95862500000004,0.0017380128632876741,0.018069019123803837,0.014498331572133451
254.12400000000005,0.0017258310435943306,0.018002740078599803,0.014460809795675007
254.28937500000004,0.0017137148906637124,0.017936592436326167,0.014423298697126309
254.45475000000005,0.0017016642165189303,0.01787057688005189,0.014385798977192384
254.62012500000003,0.0016896788324316761,0.017804694087127072,0.014348311334850516
254.78550000000004,0.0016777585489307456,0.017738944729149653,0.01431083646730774
254.95087500000002,0.001665903175816687,0.017673329471999295,0.014273375070011748
255.11625000000004,0.0016541125221720267,0.017607848975825388,0.014235927836625275
255.28162500000005,0.0016423863963728584,0.01754250389504841,0.014198495459010873
255.44700000000003,0.0016307246061005528,0.017477294878364583,0.014161078627218441
255.61237500000004,0.001619126958352809,0.017412222568744404,0.01412367802946762
255.77775000000003,0.0016075932594557863,0.017347287603441727,0.014086294352138835
255.94312500000004,0.0015961233150751514,0.017282490613993378,0.014048928279756418
256.10850000000005,0.0015847169302275611,0.017217832226222536,0.014011580494974928
256.27387500000003,0.001573373909291952,0.017153313060243678,0.013974251678566493
256.43925,0.0015620940560202004,0.01708893373045689,0.013936942509399737
256.604625,0.001550877173549898,0.01702469484557,0.013899653664440799
256.77000000000004,0.001539723064414511,0.01696059700859006,0.013862385818729972
256.935375,0.0015286315305533982,0.016896640816815425,0.013825139645358184
257.10075,0.0015176023733258323,0.01683282686187139,0.013787915815479357
257.26612500000005,0.001506635393518933,0.016769155729680615,0.01375071499826939
257.4315,0.0014957303913607511,0.016705628000489796,0.013713537860930804
257.596875,0.0014848871665317253,0.01664224424887992,0.013676385068684321
257.76225000000005,0.0014741055181728385,0.016579005043740293,0.0136392572847305
257.92762500000003,0.0014633852448993905,0.016515910948305644,0.013602155170262881
258.093,0.0014527261448106055,0.016452962520147125,0.01356507938444368
258.258375,0.0014421280154997117,0.016390160311170448,0.013528030584384818
258.42375000000004,0.0014315906540667042,0.016327504867642895,0.013491009425153022
258.589125,0.0014211138571278358,0.01626499673018601,0.013454016559746472
258.7545,0.0014106974208251196,0.0162026364337677,0.013417052639070847
258.91987500000005,0.0014003411408399498,0.016140424507743837,0.013380118311956395
259.08525000000003,0.0013900448124016817,0.0160783614758395,0.013343214225124835
259.250625,0.0013798082302969813,0.016016447856143406,0.013306341023167351
259.416,0.0013696311888832932,0.015954684161148567,0.013269499348560697
259.58137500000004,0.0013595134820977408,0.01589307089774116,0.013232689841640366
259.74675,0.0013494549034669219,0.01583160856720001,0.0131959131405825
259.912125,0.001339455246118999,0.0157702976652244,0.013159169881409437
260.07750000000004,0.0013295143027920858,0.015709138681919876,0.01312246069796004
260.242875,0.0013196318658456729,0.015648132101817355,0.013085786221887958
260.40825,0.0013098077272705112,0.015587278403879218,0.013049147082648808
260.57362500000005,0.0013000416786996566,0.015526578061515382,0.01301254390749592
260.73900000000003,0.0012903335114169442,0.015466031542573942,0.012975977321454387
260.904375,0.0012806830163676394,0.015405639309353757,0.012939447947313904
261.06975,0.0012710899841704634,0.015345401818639567,0.012902956405640122
261.23512500000004,0.0012615542051234879,0.015285319521658904,0.012866503314720423
261.4005,0.0012520754692186453,0.015225392864147595,0.012830089290601115
261.565875,0.0012426535661480855,0.015165622286315263,0.012793714947040093
261.73125,0.001233288285316327,0.015106008222882593,0.01275738089552031
261.89662500000003,0.0012239794158479863,0.015046551103066078,0.01272108774521868
262.062,0.0012147267465996707,0.014987251350611977,0.012684836103016524
262.227375,0.0012055300661675187,0.01492810938378187,0.012648626573469138
262.39275000000004,0.0011963891628986815,0.01486912561538271,0.01261245975881304
262.558125,0.0011873038249001259,0.014810300452767856,0.012576336258948502
262.7235,0.00117827384004828,0.014751634297848926,0.012540256671431318
262.888875,0.0011692989959975906,0.014693127547093255,0.0125042215914522
263.05425,0.0011603790801922975,0.014634780591563368,0.012468231611852077
263.219625,0.0011515138798731915,0.014576593816895033,0.012432287323084906
263.385,0.001142703182088476,0.014518567603325925,0.012396389313223658
263.55037500000003,0.001133946773702719,0.014460702325703392,0.012360538167948517
263.71575,0.001125244441406746,0.01440299835350206,0.012324734470543395
263.881125,0.0011165959717247139,0.014345456050808437,0.012288978801864147
264.04650000000004,0.0011080011510258767,0.01428807577636578,0.012253271740358557
264.211875,0.0010994597655323837,0.014230857883568815,0.012217613862043075
264.37725,0.0010909716013280434,0.014173802720470679,0.012182005740490338
264.542625,0.0010825364443679025,0.014116910629803255,0.012146447946827798
264.708,0.0010741540804867678,0.014060181948982432,0.012110941049723677
264.873375,0.0010658242954093603,0.014003617010136866,0.012075485615393115
265.03875,0.001057546874756586,0.013947216140086894,0.012040082207561118
265.20412500000003,0.0010493216040567608,0.01389097966038731,0.012004731387480823
265.3695,0.0010411482687529379,0.013834907887322341,0.01196943371391043
265.534875,0.0010330266542131795,0.01377900113193775,0.011934189743122102
265.70025000000004,0.0010249565457366664,0.01372325970002096,0.011899000028866001
265.865625,0.0010169377285640152,0.013667683892136443,0.011863865122382144
266.031,0.0010089699878866123,0.013612274003648566,0.011828785572401336
266.196375,0.0010010531088521304,0.0135570303246955,0.011793761925103674
266.36175000000003,0.000993186876576381,0.013501953140247868,0.011758794724150739
266.527125,0.0009853710761493384,0.013447042730090621,0.011723884510650729
266.6925,0.0009776054926438152,0.013392299368840406,0.011689031823154885
266.85787500000004,0.0009698899111250404,0.013337723325977163,0.011654237197666012
267.02325,0.0009622241166574535,0.01328331486583776,0.011619501167614009
267.188625,0.0009546078943127563,0.013229074247628609,0.01158482426384785
267.354,0.0009470410291800572,0.013175001725466363,0.011550207014652463
267.519375,0.0009395233063710221,0.013121097548352613,0.01151564994570723
267.68475,0.0009320545110304368,0.01306736196022248,0.011481153580109912
267.850125,0.0009246344283417402,0.013013795199925342,0.011446718438340485
268.01550000000003,0.0009172628435378347,0.012960397501279036,0.011412345038289924
268.180875,0.0009099395419061452,0.012907169093045893,0.01137803389521995
268.34625,0.0009026643087984567,0.012854110198974528,0.011343785521780819
268.51162500000004,0.0008954369296369133,0.012801221037790566,0.011309600427984135
268.677,0.0008882571899237012,0.01274850182323942,0.011275479121221569
268.842375,0.000881124875246349,0.012695952764067132,0.011241422106228704
269.00775,0.0008740397712875166,0.012643574064066944,0.011207429885107237
269.173125,0.0008670016638310045,0.01259136592207234,0.011173502957299745
269.3385,0.000860010338770458,0.012539328531989205,0.011139641819599031
269.503875,0.0008530655821148928,0.012487462082784128,0.011105846966118688
269.66925000000003,0.0008461671799984843,0.0124357667585338,0.011072118888317885
269.834625,0.0008393149186862659,0.012384242738416444,0.011038458074974484
270.0,0.0008325085845819432,0.012332890196736713,0.011004865012188291
