E_keV,raw_per_keV_m100,raw_per_keV_m200,raw_per_keV_m1000
5.4,0.007400641722884573,0.0037003208614422864,0.0007400641722884575
5.565375,0.007759793351674674,0.003879896675837337,0.0007759793351674673
5.7307500000000005,0.008121853745679922,0.004060926872839961,0.0008121853745679922
5.8961250000000005,0.008486488739228146,0.004243244369614073,0.0008486488739228146
6.0615000000000006,0.008853373547362616,0.004426686773681308,0.0008853373547362616
6.226875000000001,0.009222192595661573,0.004611096297830786,0.0009222192595661571
6.392250000000001,0.009592639352416749,0.004796319676208374,0.0009592639352416747
6.557625000000001,0.009964416163143953,0.004982208081571977,0.0009964416163143954
6.723000000000001,0.010337234087399325,0.005168617043699662,0.0010337234087399326
6.888375000000001,0.01071081273787479,0.005355406368937395,0.001071081273787479
7.053750000000001,0.011084880121746838,0.005542440060873419,0.0011084880121746837
7.219125000000001,0.011459172484252796,0.005729586242126398,0.0011459172484252797
7.384500000000001,0.011833434154469023,0.0059167170772345115,0.0011833434154469023
7.549875,0.012207417393265769,0.006103708696632884,0.001220741739326577
7.715250000000001,0.012580882243413753,0.006290441121706876,0.0012580882243413752
7.880625,0.012953596381817516,0.006476798190908758,0.001295359638181752
8.046000000000001,0.013325334973851199,0.006662667486925599,0.00133253349738512
8.211375,0.013695880529772213,0.006847940264886106,0.0013695880529772215
8.376750000000001,0.014065022763188977,0.007032511381594489,0.001406502276318898
8.542125,0.014432558451558723,0.007216279225779361,0.0014432558451558722
8.707500000000001,0.014798291298691866,0.007399145649345933,0.0014798291298691866
8.872875,0.015162031799239532,0.007581015899619766,0.0015162031799239532
9.038250000000001,0.015523597105141167,0.007761798552570583,0.0015523597105141168
9.203625,0.015882810894009267,0.007941405447004633,0.0015882810894009265
9.369,0.016239503239428632,0.008119751619714316,0.0016239503239428635
9.534375,0.01659351048314761,0.008296755241573806,0.0016593510483147611
9.699750000000002,0.016944675109139138,0.008472337554569569,0.0016944675109139139
9.865125,0.017292845619509688,0.008646422809754844,0.001729284561950969
10.0305,0.017637876412234077,0.008818938206117038,0.0017637876412234079
10.195875000000001,0.01797962766069489,0.008989813830347445,0.001797962766069489
10.361250000000002,0.01831796519500485,0.009158982597502426,0.001831796519500485
10.526625000000001,0.018652760385091265,0.009326380192545633,0.0018652760385091266
10.692,0.01898389002552147,0.009491945012760735,0.0018983890025521472
10.857375000000001,0.019311236222048552,0.009655618111024276,0.001931123622204855
11.022750000000002,0.01963468627985689,0.009817343139928445,0.001963468627985689
11.188125000000001,0.019954132593487238,0.009977066296743619,0.0019954132593487236
11.3535,0.02026947253842115,0.010134736269210576,0.002026947253842115
11.518875000000001,0.020580608364304913,0.010290304182152456,0.0020580608364304913
11.684250000000002,0.02088744708979335,0.010443723544896675,0.0020887447089793353
11.849625000000001,0.02118990039899375,0.010594950199496874,0.0021189900398993753
12.015,0.02148788453949108,0.01074394226974554,0.0021487884539491083
12.180375000000002,0.021781320221934807,0.010890660110967404,0.0021781320221934807
12.345750000000002,0.02207013252116884,0.01103506626058442,0.002207013252116884
12.511125000000002,0.022354250778885785,0.011177125389442892,0.002235425077888579
12.6765,0.022633608507786795,0.011316804253893397,0.0022633608507786796
12.841875000000002,0.02290814329722891,0.011454071648614455,0.002290814329722891
13.007250000000003,0.023177796720341586,0.011588898360170793,0.002317779672034159
13.172625000000002,0.023442514242594532,0.011721257121297266,0.0023442514242594534
13.338000000000001,0.023702245131798926,0.011851122565899463,0.002370224513179892
13.503375000000002,0.02395694236952465,0.011978471184762324,0.0023956942369524653
13.668750000000001,0.024206562563915818,0.012103281281957909,0.0024206562563915818
13.834125000000002,0.024451065863887643,0.012225532931943821,0.0024451065863887646
13.999500000000001,0.024690415874687323,0.012345207937343661,0.002469041587468732
14.164875000000002,0.02492457957480227,0.012462289787401135,0.0024924579574802275
14.330250000000001,0.025153527234198825,0.012576763617099413,0.002515352723419883
14.495625000000002,0.025377232333874896,0.012688616166937448,0.0025377232333874903
14.661000000000001,0.025595671486710266,0.012797835743355133,0.002559567148671027
14.826375000000002,0.02580882435959831,0.012904412179799155,0.0025808824359598312
14.991750000000001,0.02601667359684301,0.013008336798421505,0.002601667359684301
15.157125000000002,0.026219204744805474,0.013109602372402737,0.0026219204744805475
15.322500000000002,0.026416406177784287,0.013208203088892144,0.0026416406177784298
15.487875000000003,0.026608269025114057,0.013304134512557029,0.0026608269025114057
15.653250000000002,0.026794787099466755,0.013397393549733377,0.002679478709946676
15.818625000000003,0.026975956826340852,0.013487978413170426,0.0026975956826340852
15.984000000000002,0.02715177717472292,0.01357588858736146,0.002715177717472292
16.149375,0.02732224958890681,0.013661124794453404,0.0027322249588906805
16.314750000000004,0.027487377921456016,0.013743688960728008,0.002748737792145602
16.480125,0.027647168367294098,0.013823584183647049,0.00276471683672941
16.645500000000002,0.027801629398909164,0.013900814699454582,0.002780162939890917
16.810875000000003,0.027950771702657806,0.013975385851328903,0.0027950771702657806
16.97625,0.028094608116154798,0.014047304058077399,0.0028094608116154794
17.141625,0.02823315356673379,0.014116576783366894,0.0028233153566733786
17.307000000000002,0.028366425010966086,0.014183212505483043,0.0028366425010966085
17.472375,0.02849444137522315,0.014247220687611575,0.002849444137522315
17.637750000000004,0.028617223497269525,0.014308611748634762,0.002861722349726953
17.803125,0.028734794068872735,0.014367397034436367,0.002873479406887274
17.968500000000002,0.028847177579417065,0.014423588789708532,0.002884717757941706
18.133875000000003,0.02895440026050757,0.014477200130253784,0.002895440026050757
18.29925,0.029056490031552296,0.014528245015776148,0.0029056490031552293
18.464625,0.029153476446308654,0.014576738223154327,0.002915347644630865
18.630000000000003,0.029245390640382382,0.014622695320191191,0.0029245390640382386
18.795375,0.029332265279665655,0.014666132639832827,0.002933226527966566
18.960750000000004,0.029414134509702584,0.014707067254851292,0.0029414134509702585
19.126125000000002,0.029491033905969233,0.014745516952984617,0.0029491033905969227
19.291500000000003,0.029563000425056437,0.014781500212528218,0.0029563000425056442
19.456875000000004,0.02963007235674301,0.014815036178371505,0.002963007235674301
19.62225,0.029692289276947913,0.014846144638473956,0.0029692289276947916
19.787625000000002,0.029749692001548964,0.014874846000774482,0.0029749692001548966
19.953000000000003,0.029802322541057094,0.014901161270528547,0.002980232254105709
20.118375,0.02985022405613414,0.01492511202806707,0.0029850224056134143
20.283750000000005,0.02989344081394305,0.014946720406971524,0.002989344081394305
20.449125000000002,0.029932018145319157,0.014966009072659579,0.002993201814531916
20.614500000000003,0.02996600240275127,0.014983001201375634,0.0029966002402751265
20.779875000000004,0.029995440919161696,0.014997720459580848,0.00299954409191617
20.94525,0.030020381967474228,0.015010190983737114,0.0030020381967474224
21.110625000000002,0.030040874720959402,0.015020437360479701,0.0030040874720959404
21.276000000000003,0.030056969214345954,0.015028484607172977,0.0030056969214345953
21.441375,0.03006871630568873,0.015034358152844365,0.0030068716305688727
21.606750000000005,0.030076167638981584,0.015038083819490792,0.0030076167638981586
21.772125000000003,0.030079375607505936,0.015039687803752968,0.003007937560750593
21.9375,0.03007839331790397,0.015039196658951984,0.0030078393317903972
22.102875000000004,0.03007327455496704,0.01503663727748352,0.003007327455496704
22.268250000000002,0.030064073747128675,0.015032036873564338,0.0030064073747128675
22.433625,0.030050845932652975,0.015025422966326488,0.0030050845932652974
22.599000000000004,0.03003364672650801,0.015016823363254005,0.0030033646726508006
22.764375,0.03001253228791502,0.01500626614395751,0.003001253228791502
22.929750000000006,0.02998755928856362,0.01499377964428181,0.0029987559288563626
23.095125000000003,0.02995878488148389,0.014979392440741946,0.0029958784881483893
23.2605,0.02992626667056528,0.01496313333528264,0.0029926266670565285
23.425875000000005,0.029890062680714268,0.014945031340357134,0.0029890062680714273
23.591250000000002,0.029850231328640495,0.014925115664320247,0.0029850231328640495
23.756625,0.02980683139426303,0.014903415697131515,0.002980683139426304
23.922000000000004,0.02975992199272789,0.014879960996363946,0.002975992199272789
24.087375,0.02970956254702726,0.01485478127351363,0.0029709562547027253
24.252750000000006,0.029655812761212742,0.014827906380606371,0.002965581276121275
24.418125000000003,0.02959873259419329,0.014799366297096645,0.002959873259419329
24.5835,0.029538382234109442,0.014769191117054721,0.002953838223410944
24.748875000000005,0.029474822073275533,0.014737411036637766,0.002947482207327553
24.914250000000003,0.02940811268368179,0.014704056341840894,0.002940811268368179
25.079625,0.029338314793047278,0.014669157396523639,0.0029338314793047283
25.245000000000005,0.029265489261416602,0.014632744630708301,0.0029265489261416605
25.410375000000002,0.029189697058291608,0.014594848529145804,0.0029189697058291603
25.575750000000006,0.02911099924029029,0.014555499620145145,0.0029110999240290294
25.741125000000004,0.029029456929325303,0.014514728464662651,0.0029029456929325305
25.9065,0.02894513129129374,0.01447256564564687,0.002894513129129374
26.071875000000006,0.028858083515271415,0.014429041757635708,0.002885808351527141
26.237250000000003,0.02876837479320282,0.01438418739660141,0.0028768374793202815
26.402625,0.028676066300080613,0.014338033150040307,0.0028676066300080613
26.568000000000005,0.02858121917460593,0.014290609587302964,0.002858121917460593
26.733375000000002,0.02848389450032352,0.01424194725016176,0.0028483894500323527
26.89875,0.028384153287223043,0.014192076643611521,0.002838415328722304
27.064125000000004,0.028282056453800518,0.014141028226900259,0.002828205645380052
27.2295,0.028177664809572456,0.014088832404786228,0.002817766480957245
27.394875000000006,0.028071039038035164,0.014035519519017582,0.002807103903803517
27.560250000000003,0.02796223968006347,0.013981119840031735,0.0027962239680063465
27.725625,0.02785132711774097,0.013925663558870484,0.0027851327117740968
27.891000000000005,0.027738361558615282,0.013869180779307641,0.002773836155861528
28.056375000000003,0.02762340302037237,0.013811701510186186,0.002762340302037237
28.22175,0.027506511315922435,0.013753255657961217,0.0027506511315922434
28.387125000000005,0.02738774603889109,0.013693873019445545,0.002738774603889109
28.552500000000002,0.027267166549509666,0.013633583274754833,0.002726716654950966
28.717875000000006,0.027144831960898612,0.013572415980449306,0.002714483196089861
28.883250000000004,0.027020801125736328,0.013510400562868164,0.002702080112573633
29.048625,0.026895132623308872,0.013447566311654436,0.0026895132623308868
29.214000000000006,0.026767884746933555,0.013383942373466778,0.002676788474693356
29.379375000000003,0.026639115491750402,0.013319557745875201,0.0026639115491750407
29.54475,0.026508882542875305,0.013254441271437652,0.002650888254287531
29.710125000000005,0.02637724326391034,0.01318862163195517,0.0026377243263910337
29.875500000000002,0.026244254685802736,0.013122127342901368,0.0026244254685802736
30.040875000000007,0.02610997349604979,0.013054986748024895,0.002610997349604979
30.206250000000004,0.025974456028241846,0.012987228014120923,0.0025974456028241845
30.371625,0.025837758251938323,0.012918879125969162,0.0025837758251938325
30.537000000000006,0.025699935762871967,0.012849967881435984,0.0025699935762871964
30.702375000000004,0.02556104377347446,0.01278052188673723,0.0025561043773474467
30.86775,0.02542113710371964,0.01271056855185982,0.0025421137103719643
31.033125000000005,0.025280270172276905,0.012640135086138453,0.0025280270172276906
31.198500000000003,0.02513849698797194,0.01256924849398597,0.002513849698797194
31.363875000000007,0.024995871141547235,0.012497935570773618,0.0024995871141547236
31.529250000000005,0.024852445797719013,0.012426222898859507,0.0024852445797719017
31.694625000000002,0.024708273687524186,0.012354136843762093,0.0024708273687524185
31.860000000000007,0.02456340710095322,0.01228170355047661,0.002456340710095322
32.025375000000004,0.02441789787986361,0.012208948939931805,0.002441789787986361
32.19075,0.024271797411169024,0.012135898705584512,0.0024271797411169025
32.356125000000006,0.02412515662029868,0.01206257831014934,0.002412515662029867
32.5215,0.023978025964923773,0.011989012982461886,0.002397802596492378
32.686875,0.02383045542894478,0.01191522771447239,0.002383045542894478
32.852250000000005,0.02368249451673505,0.011841247258367524,0.002368249451673505
33.017625,0.02353419224763722,0.01176709612381861,0.0023534192247637218
33.18300000000001,0.023385597150706625,0.011692798575353313,0.0023385597150706624
33.348375000000004,0.0232367572596979,0.01161837862984895,0.0023236757259697902
33.51375,0.023087720108290227,0.011543860054145113,0.0023087720108290223
33.679125000000006,0.02293853272554702,0.01146926636277351,0.002293853272554702
33.844500000000004,0.02278924163160503,0.011394620815802515,0.002278924163160503
34.009875,0.022639892833589467,0.011319946416794733,0.002263989283358947
34.175250000000005,0.02249053182175083,0.011245265910875416,0.0022490531821750836
34.340625,0.022341203565818455,0.011170601782909228,0.0022341203565818457
34.50600000000001,0.022191952511567567,0.011095976255783783,0.0022191952511567566
34.671375000000005,0.022042822577595676,0.011021411288797838,0.0022042822577595677
34.83675,0.021893857152304047,0.010946928576152024,0.002189385715230405
35.00212500000001,0.02174509909108014,0.01087254954554007,0.0021745099091080144
35.167500000000004,0.02159659071367765,0.010798295356838825,0.002159659071367765
35.332875,0.021448373801790224,0.010724186900895112,0.0021448373801790225
35.498250000000006,0.021300489596814708,0.010650244798407354,0.0021300489596814713
35.663625,0.021152978797800204,0.010576489398900102,0.0021152978797800205
35.82900000000001,0.021005881559579623,0.010502940779789811,0.0021005881559579627
35.994375000000005,0.020859237491080238,0.010429618745540119,0.002085923749108024
36.15975,0.02071308565380897,0.010356542826904486,0.002071308565380897
36.32512500000001,0.02056746456050896,0.01028373228025448,0.002056746456050896
36.490500000000004,0.020422412173984793,0.010211206086992396,0.0020422412173984796
36.655875,0.020277965906091974,0.010138982953045987,0.0020277965906091975
36.821250000000006,0.02013416261688788,0.01006708130844394,0.002013416261688788
36.986625000000004,0.019991038613940054,0.009995519306970027,0.0019991038613940055
37.152,0.01984862965178945,0.009924314825894724,0.0019848629651789446
37.317375000000006,0.019706970931565527,0.009853485465782763,0.0019706970931565528
37.48275,0.019566097100747727,0.009783048550373864,0.001956609710074773
37.648125,0.01942604225307375,0.009713021126536875,0.0019426042253073755
37.813500000000005,0.019286839928588373,0.009643419964294186,0.0019286839928588375
37.978875,0.019148523113831636,0.009574261556915818,0.0019148523113831635
38.14425,0.019011124242162024,0.009505562121081012,0.0019011124242162023
38.309625000000004,0.018874675194212674,0.009437337597106337,0.0018874675194212674
38.475,0.01873920729847768,0.00936960364923884,0.0018739207298477684
38.640375000000006,0.01860475133202395,0.009302375666011975,0.0018604751332023952
38.80575,0.018471337521328336,0.009235668760664168,0.0018471337521328338
38.971125,0.01833899554323479,0.009169497771617395,0.001833899554323479
39.136500000000005,0.018207754526030243,0.009103877263015122,0.0018207754526030242
39.301875,0.018077643050635677,0.009038821525317839,0.0018077643050635674
39.46725,0.01794868915190997,0.008974344575954986,0.0017948689151909968
39.632625000000004,0.01782092032006489,0.008910460160032444,0.0017820920320064885
39.798,0.017694363502185298,0.008847181751092649,0.0017694363502185298
39.963375000000006,0.017569045103856706,0.008784522551928353,0.001756904510385671
40.128750000000004,0.017444990990892934,0.008722495495446467,0.0017444990990892935
40.294125,0.017322226491165185,0.008661113245582592,0.0017322226491165186
40.459500000000006,0.017200776396527586,0.008600388198263793,0.0017200776396527583
40.624875,0.017080664964836834,0.008540332482418417,0.001708066496483683
40.79025,0.016961915922066202,0.008480957961033101,0.0016961915922066202
40.955625000000005,0.016844552464507338,0.008422276232253669,0.001684455246450734
41.121,0.016728597261061323,0.008364298630530662,0.0016728597261061328
41.28637500000001,0.016614072455613815,0.008307036227806907,0.0016614072455613817
41.451750000000004,0.016500999669494136,0.008250499834747068,0.001650099966949414
41.617125,0.016389400004014943,0.008194700002007472,0.0016389400004014943
41.782500000000006,0.01627929404308993,0.008139647021544965,0.0016279294043089932
41.947875,0.01617070185592903,0.008085350927964516,0.0016170701855929032
42.11325,0.016063642999806168,0.008031821499903084,0.001606364299980617
42.278625000000005,0.01595813652290131,0.007979068261450655,0.0015958136522901314
42.444,0.01585420096721038,0.00792710048360519,0.0015854200967210382
42.609375,0.01575185437152506,0.00787592718576253,0.0015751854371525062
42.774750000000004,0.015651114274477095,0.007825557137238547,0.0015651114274477093
42.940125,0.015551997717647266,0.007775998858823633,0.0015551997717647267
43.105500000000006,0.015454521248736496,0.007727260624368248,0.00154545212487365
43.270875000000004,0.01535870092479668,0.00767935046239834,0.001535870092479668
43.43625,0.015264552315520187,0.0076322761577600935,0.0015264552315520184
43.601625000000006,0.015172090506584836,0.007586045253292418,0.0015172090506584838
43.767,0.01508133010305434,0.00754066505152717,0.0015081330103054338
43.932375,0.014992285232830681,0.0074961426164153406,0.0014992285232830684
44.097750000000005,0.014904969550158065,0.007452484775079033,0.0014904969550158067
44.263125,0.014819396239175168,0.007409698119587584,0.0014819396239175167
44.42850000000001,0.014735578017515946,0.007367789008757973,0.0014735578017515945
44.593875000000004,0.01465352713995397,0.007326763569976985,0.001465352713995397
44.75925,0.014573255402093987,0.007286627701046993,0.001457325540209399
44.924625000000006,0.014494774144103315,0.007247387072051657,0.0014494774144103318
45.09,0.014418094254484478,0.007209047127242239,0.0014418094254484478
45.255375,0.014343226173888397,0.007171613086944199,0.00143432261738884
45.420750000000005,0.014270179898963151,0.007135089949481576,0.0014270179898963151
45.586125,0.014198964986240322,0.007099482493120161,0.0014198964986240322
45.75150000000001,0.014129590556055862,0.007064795278027931,0.0014129590556055864
45.916875000000005,0.014062065296502581,0.007031032648251291,0.0014062065296502582
46.08225,0.013996397467416037,0.0069981987337080186,0.0013996397467416037
46.247625000000006,0.013932594904389318,0.006966297452194659,0.001393259490438932
46.413000000000004,0.013870665022817336,0.006935332511408668,0.0013870665022817335
46.578375,0.013810614821967888,0.006905307410983944,0.001381061482196789
46.743750000000006,0.013752450889079584,0.006876225444539792,0.0013752450889079582
46.909125,0.013696179403482642,0.006848089701741321,0.0013696179403482646
47.07450000000001,0.013641806140745517,0.0068209030703727585,0.0013641806140745518
47.239875000000005,0.013589336476841343,0.0067946682384206715,0.0013589336476841347
47.40525,0.01353877539233596,0.00676938769616798,0.001353877539233596
47.57062500000001,0.013490127476595963,0.006745063738297982,0.0013490127476595963
47.736000000000004,0.013443396932013834,0.006721698466006917,0.0013443396932013834
47.901375,0.013398587578251343,0.006699293789125671,0.0013398587578251342
48.066750000000006,0.013355702856498113,0.006677851428249056,0.001335570285649811
48.232125,0.013314745833743945,0.006657372916871972,0.0013314745833743946
48.3975,0.013275719207067552,0.006637859603533776,0.001327571920706755
48.562875000000005,0.013238625307933478,0.006619312653966739,0.001323862530793348
48.72825,0.01320346610650519,0.006601733053252595,0.001320346610650519
48.89362500000001,0.0131702432159643,0.00658512160798215,0.00131702432159643
49.059000000000005,0.01313895789684005,0.006569478948420025,0.001313895789684005
49.224375,0.01310961106134929,0.006554805530674645,0.001310961106134929
49.38975000000001,0.013082203277739622,0.006541101638869811,0.0013082203277739622
49.555125000000004,0.013056734774642262,0.006528367387321131,0.001305673477464226
49.7205,0.01303320544542659,0.006516602722713295,0.001303320544542659
49.885875000000006,0.013011614852561984,0.006505807426280992,0.0013011614852561984
50.05125,0.012991962231979962,0.006495981115989981,0.0012991962231979962
50.21662500000001,0.012974246497441909,0.0064871232487209544,0.0012974246497441909
50.382000000000005,0.0129584662449042,0.0064792331224521,0.0012958466244904203
50.547375,0.012944619756886558,0.006472309878443279,0.001294461975688656
50.71275000000001,0.012932705006838994,0.006466352503419497,0.0012932705006838995
50.878125000000004,0.012922719663507765,0.006461359831753883,0.001292271966350777
51.0435,0.012914661095297465,0.006457330547648733,0.0012914661095297466
51.208875000000006,0.012908526374633926,0.006454263187316963,0.0012908526374633925
51.37425,0.012904312282318841,0.006452156141159421,0.0012904312282318842
51.53962500000001,0.012902015311883086,0.006451007655941543,0.0012902015311883086
51.705000000000005,0.0129016316739319,0.00645081583696595,0.00129016316739319
51.870375,0.012903157300487564,0.006451578650243782,0.0012903157300487565
52.03575000000001,0.012906587849321364,0.006453293924660682,0.0012906587849321363
52.201125000000005,0.012911918708279457,0.006455959354139729,0.001291191870827946
52.3665,0.012919144999602268,0.006459572499801134,0.0012919144999602268
52.53187500000001,0.012928261584231542,0.006464130792115771,0.001292826158423154
52.697250000000004,0.012939263066109857,0.006469631533054928,0.0012939263066109857
52.86262500000001,0.01295214379646797,0.006476071898233985,0.001295214379646797
53.028000000000006,0.012966897878104577,0.006483448939052288,0.0012966897878104577
53.193375,0.012983519169649838,0.006491759584824919,0.0012983519169649839
53.35875000000001,0.013002001289819622,0.006501000644909811,0.001300200128981962
53.524125000000005,0.01302233762165597,0.006511168810827985,0.001302233762165597
53.6895,0.013044521316754295,0.006522260658377147,0.0013044521316754295
53.85487500000001,0.013068545299474446,0.006534272649737223,0.0013068545299474447
54.020250000000004,0.013094402271142174,0.006547201135571087,0.0013094402271142174
54.185625,0.0131220847142289,0.00656104235711445,0.0013122084714228901
54.351000000000006,0.013151584896518603,0.006575792448259302,0.0013151584896518604
54.516375000000004,0.013182894875262835,0.0065914474376314175,0.0013182894875262835
54.68175000000001,0.013216006501308365,0.006608003250654183,0.0013216006501308364
54.847125000000005,0.013250911423218312,0.006625455711609156,0.0013250911423218314
55.0125,0.01328760109136885,0.006643800545684425,0.0013287601091368849
55.17787500000001,0.013326066762030561,0.006663033381015281,0.0013326066762030563
55.343250000000005,0.013366299501428168,0.006683149750714084,0.0013366299501428168
55.508625,0.013408290189784827,0.006704145094892413,0.0013408290189784824
55.67400000000001,0.013452029525343741,0.006726014762671871,0.0013452029525343743
55.839375000000004,0.013497508028369687,0.0067487540141848434,0.0013497508028369688
56.00475000000001,0.013544716045132774,0.006772358022566387,0.0013544716045132774
56.170125000000006,0.013593643751868133,0.006796821875934066,0.001359364375186813
56.3355,0.013644281158714485,0.006822140579357243,0.0013644281158714485
56.50087500000001,0.01369661811363342,0.00684830905681671,0.001369661811363342
56.666250000000005,0.01375064430630539,0.006875322153152695,0.0013750644306305389
56.831625,0.013806349272000796,0.006903174636000398,0.0013806349272000797
56.99700000000001,0.013863722395430076,0.006931861197715038,0.0013863722395430075
57.162375000000004,0.013922752914572912,0.006961376457286456,0.0013922752914572914
57.32775000000001,0.013983429924481528,0.006991714962240764,0.0013983429924481526
57.493125000000006,0.01404574238105724,0.00702287119052862,0.001404574238105724
57.658500000000004,0.014109679104808762,0.007054839552404381,0.0014109679104808764
57.82387500000001,0.014175228784580704,0.007087614392290352,0.0014175228784580704
57.989250000000006,0.014242379981261263,0.007121189990630631,0.0014242379981261265
58.154625,0.014311121131464086,0.007155560565732043,0.001431112113146409
58.32000000000001,0.014381440551180064,0.007190720275590032,0.0014381440551180064
58.485375000000005,0.01445332643941169,0.007226663219705845,0.0014453326439411692
58.65075,0.014526766881772856,0.007263383440886428,0.001452676688177286
58.81612500000001,0.01460174985407087,0.007300874927035435,0.0014601749854070874
58.981500000000004,0.014678263225854464,0.007339131612927232,0.0014678263225854464
59.14687500000001,0.01475629476394161,0.007378147381970805,0.001475629476394161
59.312250000000006,0.014835832135913392,0.007417916067956696,0.001483583213591339
59.477625,0.01491686291359049,0.007458431456795245,0.0014916862913590492
59.64300000000001,0.014999374576471925,0.0074996872882359625,0.0014999374576471925
59.808375000000005,0.015083354515154145,0.007541677257577073,0.0015083354515154147
59.97375,0.015168790034717798,0.007584395017358899,0.0015168790034717796
60.13912500000001,0.015255668358090052,0.007627834179045026,0.0015255668358090055
60.304500000000004,0.015343976629376721,0.007671988314688361,0.001534397662937672
60.46987500000001,0.015433701917165386,0.007716850958582693,0.0015433701917165388
60.635250000000006,0.015524831217802949,0.007762415608901474,0.001552483121780295
60.800625000000004,0.015617351458643396,0.007808675729321698,0.0015617351458643396
60.96600000000001,0.015711249501264984,0.007855624750632492,0.0015711249501264984
61.131375000000006,0.01580651214466311,0.007903256072331555,0.0015806512144663108
61.29675,0.015903126128408676,0.007951563064204338,0.0015903126128408677
61.46212500000001,0.01600107813578216,0.00800053906789108,0.001600107813578216
61.627500000000005,0.01610035479687636,0.00805017739843818,0.001610035479687636
61.79287500000001,0.01620094269166956,0.00810047134583478,0.001620094269166956
61.95825000000001,0.016302828353069617,0.008151414176534809,0.0016302828353069619
62.123625000000004,0.01640599826992978,0.00820299913496489,0.0016405998269929784
62.28900000000001,0.01651043889003339,0.008255219445016695,0.0016510438890033387
62.454375000000006,0.0166161366230502,0.0083080683115251,0.0016616136623050196
62.61975,0.016723077843461616,0.008361538921730808,0.0016723077843461619
62.78512500000001,0.01683124889345634,0.00841562444672817,0.001683124889345634
62.950500000000005,0.01694063608579726,0.00847031804289863,0.0016940636085797263
63.11587500000001,0.017051225706659453,0.008525612853329726,0.0017051225706659452
63.28125000000001,0.01716300401843107,0.008581502009215536,0.0017163004018431074
63.446625000000004,0.017275957262497497,0.008637978631248749,0.0017275957262497497
63.61200000000001,0.017390071661980564,0.008695035830990282,0.001739007166198056
63.777375000000006,0.017505333424457658,0.008752666712228829,0.0017505333424457656
63.942750000000004,0.017621728744647118,0.008810864372323559,0.0017621728744647118
64.10812500000002,0.017739243807066953,0.008869621903533477,0.0017739243807066956
64.27350000000001,0.01785786478865282,0.00892893239432641,0.001785786478865282
64.43887500000001,0.01797757786136238,0.00898878893068119,0.001797757786136238
64.60425000000001,0.018098369194732993,0.009049184597366497,0.0018098369194732994
64.769625,0.018220224958422803,0.009110112479211402,0.0018220224958422804
64.93500000000002,0.01834313132470911,0.009171565662354554,0.0018343131324709105
65.10037500000001,0.01846707447096746,0.00923353723548373,0.001846707447096746
65.26575000000001,0.018592040582114285,0.009296020291057142,0.0018592040582114285
65.43112500000001,0.01871801585302018,0.00935900792651009,0.0018718015853020182
65.5965,0.01884498649089499,0.009422493245447494,0.0018844986490894992
65.761875,0.018972938717639606,0.009486469358819803,0.0018972938717639607
65.92725000000002,0.019101858772171406,0.009550929386085703,0.0019101858772171405
66.09262500000001,0.019231732912717125,0.009615866456358563,0.0019231732912717125
66.25800000000001,0.019362547419073898,0.009681273709536949,0.0019362547419073898
66.42337500000001,0.01949428859484458,0.00974714429742229,0.0019494288594844576
66.58875,0.019626942769641744,0.009813471384820872,0.0019626942769641748
66.75412500000002,0.0197604963012579,0.00988024815062895,0.0019760496301257898
66.91950000000001,0.019894935577811294,0.009947467788905647,0.001989493557781129
67.08487500000001,0.020030247019858165,0.010015123509929082,0.0020030247019858166
67.25025000000001,0.02016641708247854,0.01008320854123927,0.002016641708247854
67.415625,0.02030343225732608,0.01015171612866304,0.0020303432257326084
67.58100000000002,0.02044127907465658,0.01022063953732829,0.0020441279074656575
67.74637500000001,0.020579944105319672,0.010289972052659836,0.0020579944105319674
67.91175000000001,0.0207194139627261,0.01035970698136305,0.0020719413962726092
68.07712500000001,0.020859675304782742,0.010429837652391371,0.0020859675304782744
68.2425,0.021000714835796203,0.010500357417898102,0.00210007148357962
68.407875,0.0211425193083563,0.01057125965417815,0.00211425193083563
68.57325000000002,0.021285075525177704,0.010642537762588852,0.0021285075525177702
68.73862500000001,0.021428370340920464,0.010714185170460232,0.0021428370340920463
68.90400000000001,0.02157239066398245,0.010786195331991225,0.0021572390663982446
69.06937500000001,0.021717123458256795,0.010858561729128397,0.002171712345825679
69.23475,0.021862555744864273,0.010931277872432137,0.002186255574486427
69.40012500000002,0.022008674603860107,0.011004337301930053,0.002200867460386011
69.56550000000001,0.02215546717590298,0.01107773358795149,0.002215546717590298
69.73087500000001,0.02230292066390552,0.01115146033195276,0.002230292066390552
69.89625000000001,0.022451022334649774,0.011225511167324887,0.0022451022334649775
70.06162500000002,0.02259975952037971,0.011299879760189854,0.002259975952037971
70.22700000000002,0.022749119620357174,0.011374559810178587,0.0022749119620357177
70.39237500000002,0.022899090102399808,0.011449545051199904,0.0022899090102399804
70.55775000000001,0.02304965850438366,0.01152482925219183,0.002304965850438366
70.72312500000001,0.023200812435723524,0.011600406217861762,0.002320081243572353
70.88850000000001,0.02335253957881762,0.01167626978940881,0.002335253957881762
71.05387500000002,0.023504827690475502,0.011752413845237751,0.0023504827690475497
71.21925000000002,0.023657664603307704,0.011828832301653852,0.00236576646033077
71.38462500000001,0.02381103822709612,0.01190551911354806,0.0023811038227096117
71.55000000000001,0.023964936550134472,0.011982468275067236,0.002396493655013447
71.71537500000001,0.024119347640538528,0.012059673820269264,0.002411934764053853
71.88075000000002,0.024274259647535976,0.012137129823767988,0.0024274259647535973
72.04612500000002,0.02442966080272251,0.012214830401361254,0.0024429660802722506
72.21150000000002,0.024585539421297868,0.012292769710648934,0.0024585539421297866
72.37687500000001,0.02474188390326886,0.01237094195163443,0.0024741883903268863
72.54225000000001,0.024898682734630587,0.012449341367315294,0.0024898682734630587
72.70762500000002,0.025055924488523743,0.012527962244261871,0.002505592448852374
72.87300000000002,0.025213597826354038,0.012606798913177019,0.002521359782635403
73.03837500000002,0.02537169149890507,0.012685845749452534,0.002537169149890507
73.20375000000001,0.025530194347402915,0.012765097173701457,0.002553019434740291
73.36912500000001,0.025689095304575284,0.012844547652287642,0.002568909530457528
73.53450000000001,0.025848383395672064,0.012924191697836032,0.0025848383395672063
73.69987500000002,0.026008047739467587,0.013004023869733794,0.002600804773946759
73.86525000000002,0.026168077549230263,0.013084038774615132,0.0026168077549230265
74.03062500000001,0.026328462133680064,0.013164231066840032,0.002632846213368006
74.19600000000001,0.026489190897907536,0.013244595448953768,0.0026489190897907543
74.36137500000001,0.026650253344271867,0.013325126672135933,0.0026650253344271866
74.52675000000002,0.026811639073284474,0.013405819536642237,0.002681163907328447
74.69212500000002,0.026973337784453967,0.013486668892226984,0.002697333778445397
74.85750000000002,0.027135339277114496,0.013567669638557248,0.00271353392771145
75.02287500000001,0.027297633451228414,0.013648816725614207,0.0027297633451228414
75.18825000000001,0.027460210308167008,0.013730105154083504,0.0027460210308167016
75.35362500000001,0.02762305995146769,0.013811529975733846,0.0027623059951467693
75.51900000000002,0.027786172587558618,0.013893086293779309,0.0027786172587558615
75.68437500000002,0.02794953852647641,0.013974769263238205,0.0027949538526476406
75.84975000000001,0.028113148182546628,0.014056574091273314,0.0028113148182546625
76.01512500000001,0.028276992075048083,0.014138496037524042,0.002827699207504808
76.18050000000001,0.02844106082884967,0.014220530414424835,0.0028441060828849674
76.34587500000002,0.028605345175031913,0.014302672587515957,0.002860534517503192
76.51125000000002,0.028769835951477314,0.014384917975738657,0.0028769835951477306
76.67662500000002,0.028934524103447396,0.014467262051723698,0.002893452410344739
76.84200000000001,0.029099400684126385,0.014549700342063192,0.0029099400684126386
77.00737500000001,0.029264456855157522,0.014632228427578761,0.0029264456855157524
77.17275000000002,0.029429683887141227,0.014714841943570613,0.0029429683887141228
77.33812500000002,0.02959507316012316,0.01479753658006158,0.0029595073160123163
77.50350000000002,0.02976061616406323,0.014880308082031614,0.002976061616406323
77.66887500000001,0.02992630449926618,0.01496315224963309,0.002992630449926618
77.83425000000001,0.030092129876815123,0.015046064938407561,0.0030092129876815124
77.99962500000001,0.030258084118961942,0.015129042059480971,0.0030258084118961943
78.16500000000002,0.03042415915951183,0.015212079579755915,0.0030424159159511827
78.33037500000002,0.03059034704418028,0.01529517352209014,0.003059034704418028
78.49575000000002,0.030756639930933912,0.015378319965466956,0.003075663993093391
78.66112500000001,0.030923030090306954,0.015461515045153477,0.0030923030090306953
78.82650000000001,0.031089509905700603,0.015544754952850301,0.00310895099057006
78.99187500000002,0.031256071873658656,0.015628035936829328,0.0031256071873658653
79.15725000000002,0.03142270860413085,0.015711354302065425,0.0031422708604130854
79.32262500000002,0.03158941282071132,0.01579470641035566,0.0031589412820711323
79.48800000000001,0.03175617736086037,0.015878088680430186,0.0031756177360860375
79.65337500000001,0.03192299517609717,0.015961497588048584,0.003192299517609717
79.81875000000001,0.0320898593321945,0.01604492966609725,0.003208985933219449
79.98412500000002,0.03225676300933491,0.016128381504667454,0.0032256763009334906
80.14950000000002,0.03242369950225512,0.01621184975112756,0.003242369950225512
80.31487500000001,0.03259066222037632,0.01629533111018816,0.0032590662220376323
80.48025000000001,0.03275764468791252,0.01637882234395626,0.003275764468791252
80.64562500000001,0.03292464054396092,0.01646232027198046,0.003292464054396091
80.81100000000002,0.03309164354256646,0.01654582177128323,0.0033091643542566456
80.97637500000002,0.03325864755279448,0.01662932377639724,0.0033258647552794483
81.14175000000002,0.03342564655875149,0.016712823279375746,0.0033425646558751495
81.30712500000001,0.03359263465961286,0.01679631732980643,0.003359263465961286
81.47250000000001,0.03375960606962809,0.016879803034814046,0.0033759606069628093
81.63787500000002,0.03392655511810401,0.016963277559052005,0.0033926555118104005
81.80325000000002,0.034093476249375164,0.017046738124687582,0.003409347624937516
81.96862500000002,0.034260364022757527,0.017130182011378763,0.003426036402275753
82.13400000000001,0.03442721311248262,0.01721360655624131,0.003442721311248262
82.29937500000001,0.03459401830762619,0.017297009153813096,0.003459401830762619
82.46475000000001,0.03476077451200285,0.017380387256001426,0.0034760774512002856
82.63012500000002,0.0349274767440638,0.0174637383720319,0.00349274767440638
82.79550000000002,0.035094120136762545,0.017547060068381273,0.0035094120136762545
82.96087500000002,0.035260699937419045,0.017630349968709522,0.0035260699937419045
83.12625000000001,0.035427211507559085,0.017713605753779543,0.003542721150755909
83.29162500000001,0.03559365032274111,0.017796825161370555,0.0035593650322741097
83.45700000000002,0.035760011972376,0.017880005986188,0.0035760011972376
83.62237500000002,0.035926292159512915,0.017963146079756458,0.003592629215951292
83.78775000000002,0.03609248670063115,0.018046243350315575,0.003609248670063115
83.95312500000001,0.03625859152540978,0.01812929576270489,0.003625859152540977
84.11850000000001,0.036424602676476625,0.018212301338238313,0.0036424602676476624
84.28387500000002,0.03659051630915569,0.018295258154577845,0.003659051630915569
84.44925000000002,0.03675632869118806,0.01837816434559403,0.0036756328691188063
84.61462500000002,0.03692203620245182,0.01846101810122591,0.003692203620245181
84.78000000000002,0.03708763533465533,0.018543817667327666,0.003708763533465533
84.94537500000001,0.03725312269102997,0.018626561345514984,0.0037253122691029974
85.11075000000001,0.03741849498599738,0.01870924749299869,0.0037418494985997377
85.27612500000002,0.03758374904483653,0.018791874522418265,0.0037583749044836526
85.44150000000002,0.037748881803324516,0.018874440901662258,0.003774888180332451
85.60687500000002,0.037913890307379815,0.018956945153689907,0.0037913890307379816
85.77225000000001,0.0380787717126799,0.01903938585633995,0.00380787717126799
85.93762500000001,0.03824352328427163,0.019121761642135814,0.0038243523284271635
86.10300000000002,0.03840814239617227,0.019204071198086134,0.0038408142396172264
86.26837500000002,0.038572626530948416,0.019286313265474208,0.003857262653094841
86.43375000000002,0.038736973279307516,0.019368486639653758,0.0038736973279307517
86.59912500000002,0.03890118033964183,0.019450590169820915,0.003890118033964183
86.76450000000001,0.03906524551759311,0.019532622758796556,0.003906524551759312
86.92987500000001,0.03922916672558778,0.01961458336279389,0.003922916672558778
87.09525000000002,0.039392941982370824,0.019696470991185412,0.003939294198237082
87.26062500000002,0.03955656941251639,0.019778284706258194,0.0039556569412516375
87.42600000000002,0.03972004724594357,0.019860023622971786,0.003972004724594356
87.59137500000001,0.03988337381741237,0.019941686908706183,0.003988337381741236
87.75675000000001,0.040046547566008395,0.020023273783004197,0.004004654756600839
87.92212500000002,0.040209567034620884,0.020104783517310442,0.004020956703462088
88.08750000000002,0.0403724308694089,0.02018621543470445,0.00403724308694089
88.25287500000002,0.04053513781925885,0.020267568909629424,0.004053513781925885
88.41825000000001,0.04069768673523475,0.020348843367617376,0.0040697686735234745
88.58362500000001,0.04086007657000598,0.02043003828500299,0.004086007657000598
88.74900000000002,0.041022306377288195,0.020511153188644098,0.0041022306377288195
88.91437500000002,0.04118437531125474,0.02059218765562737,0.004118437531125474
89.07975000000002,0.041346282625945065,0.020673141312972532,0.0041346282625945065
89.24512500000002,0.04150802767467147,0.020754013837335734,0.004150802767467147
89.41050000000001,0.041669609909407164,0.020834804954703582,0.004166960990940715
89.57587500000001,0.041831028880170686,0.020915514440085343,0.004183102888017068
89.74125000000002,0.04199228423440476,0.02099614211720238,0.0041992284234404756
89.90662500000002,0.042153375716335324,0.021076687858167662,0.004215337571633532
90.07200000000002,0.04231430316633599,0.021157151583167996,0.004231430316633599
90.23737500000001,0.042475066520279395,0.021237533260139697,0.0042475066520279384
90.40275000000001,0.042635665808874464,0.021317832904437232,0.0042635665808874465
90.56812500000002,0.042796101157011095,0.021398050578505547,0.004279610115701108
90.73350000000002,0.04295637278307553,0.021478186391537764,0.004295637278307552
90.89887500000002,0.043116480998282976,0.021558240499141488,0.004311648099828298
91.06425000000002,0.04327642620597998,0.02163821310298999,0.004327642620597997
91.22962500000001,0.043436208900961594,0.021718104450480797,0.004343620890096159
91.39500000000001,0.043595829668757885,0.021797914834378943,0.004359582966875788
91.56037500000002,0.04375528918493785,0.021877644592468926,0.004375528918493786
91.72575000000002,0.04391458821438889,0.021957294107194446,0.004391458821438888
91.89112500000002,0.04407372761059674,0.02203686380529837,0.004407372761059674
92.05650000000001,0.044232708314918844,0.022116354157459422,0.004423270831491884
92.22187500000001,0.04439153135585362,0.02219576567792681,0.004439153135585362
92.38725000000002,0.04455019784829684,0.02227509892414842,0.004455019784829683
92.55262500000002,0.04470870899279861,0.022354354496399303,0.004470870899279861
92.71800000000002,0.04486706607481642,0.02243353303740821,0.004486706607481643
92.88337500000002,0.045025270463946075,0.022512635231973038,0.004502527046394608
93.04875000000001,0.04518332361317849,0.022591661806589246,0.004518332361317849
93.21412500000002,0.04534122705811418,0.02267061352905709,0.004534122705811417
93.37950000000002,0.04549898241620153,0.022749491208100766,0.004549898241620153
93.54487500000002,0.04565659138595596,0.02282829569297798,0.004565659138595595
93.71025000000002,0.045814055746178424,0.022907027873089212,0.004581405574617842
93.87562500000001,0.0459713773551688,0.0229856886775844,0.0045971377355168794
94.04100000000001,0.04612855814992741,0.023064279074963705,0.0046128558149927425
94.20637500000002,0.04628560014536657,0.023142800072683285,0.004628560014536657
94.37175000000002,0.046442505433503284,0.023221252716751642,0.004644250543350328
94.53712500000002,0.0465992761826658,0.0232996380913329,0.004659927618266579
94.70250000000001,0.04675591463666862,0.02337795731833431,0.004675591463666862
94.86787500000001,0.04691242311400985,0.023456211557004926,0.004691242311400987
95.03325000000002,0.047068804007046834,0.023534402003523417,0.004706880400704684
95.19862500000002,0.047225059781184145,0.023612529890592072,0.004722505978118413
95.36400000000002,0.0473811929740421,0.02369059648702105,0.00473811929740421
95.52937500000002,0.04753720619463174,0.02376860309731587,0.004753720619463174
95.69475000000001,0.047693102122519405,0.023846551061259703,0.0047693102122519405
95.86012500000001,0.04784888350700015,0.023924441753500076,0.004784888350700014
96.02550000000002,0.04800455316625441,0.024002276583127206,0.00480045531662544
96.19087500000002,0.048160113986505285,0.024080056993252642,0.004816011398650528
96.35625000000002,0.04831556892118088,0.02415778446059044,0.004831556892118088
96.52162500000001,0.04847092099006639,0.024235460495033195,0.004847092099006639
96.68700000000001,0.04862617327845226,0.02431308663922613,0.004862617327845226
96.85237500000002,0.048781328936282856,0.024390664468141428,0.004878132893628285
97.01775000000002,0.04893639117730693,0.024468195588653464,0.004893639117730692
97.18312500000002,0.04909136327821879,0.024545681639109394,0.004909136327821878
97.34850000000002,0.049246248577801265,0.024623124288900632,0.004924624857780125
97.51387500000001,0.04940105047606646,0.02470052523803323,0.004940105047606646
97.67925000000002,0.049555772433382946,0.024777886216691473,0.004955577243338294
97.84462500000002,0.04971041796963018,0.02485520898481509,0.004971041796963018
98.01000000000002,0.049864990663318294,0.024932495331659147,0.00498649906633183
98.17537500000002,0.05001949415072442,0.02500974707536221,0.005001949415072441
98.34075000000001,0.05017393212503178,0.02508696606251589,0.005017393212503178
98.50612500000001,0.05032830833544522,0.02516415416772261,0.005032830833544522
98.67150000000002,0.050482626586335386,0.025241313293167693,0.005048262658633539
98.83687500000002,0.050636890736345065,0.025318445368172533,0.005063689073634505
99.00225000000002,0.05079110469754206,0.02539555234877103,0.005079110469754206
99.16762500000002,0.050945272434526484,0.025472636217263242,0.005094527243452648
99.33300000000001,0.051099397963555886,0.025549698981777943,0.005109939796355587
99.49837500000002,0.05125348535168247,0.025626742675841235,0.0051253485351682474
99.66375000000002,0.05140753871585424,0.02570376935792712,0.005140753871585423
99.82912500000002,0.051561562222060243,0.025780781111030122,0.005156156222206023
99.99450000000002,0.05171556008444072,0.02585778004222036,0.005171556008444072
100.15987500000001,0.0518695365644086,0.0259347682822043,0.005186953656440859
100.32525000000003,0.05202349596977493,0.026011747984887465,0.005202349596977492
100.49062500000002,0.052177442653872336,0.026088721326936168,0.005217744265387233
100.65600000000002,0.05233138101466726,0.02616569050733363,0.005233138101466725
100.82137500000002,0.05248531549389106,0.02624265774694553,0.005248531549389105
100.98675000000001,0.052639250576153436,0.026319625288076718,0.005263925057615343
101.15212500000001,0.052793190788079064,0.026396595394039532,0.005279319078807907
101.31750000000002,0.05294714069740685,0.026473570348703426,0.005294714069740684
101.48287500000002,0.05310110491213338,0.02655055245606669,0.005310110491213337
101.64825000000002,0.053255088079624605,0.026627544039812302,0.00532550880796246
101.81362500000002,0.05340909488574379,0.026704547442871894,0.0053409094885743785
101.97900000000001,0.05356313005397504,0.02678156502698752,0.005356313005397503
102.14437500000003,0.05371719834454041,0.026858599172270205,0.005371719834454042
102.30975000000002,0.053871304553552046,0.026935652276776023,0.0053871304553552045
102.47512500000002,0.05402545351209932,0.02701272675604966,0.005402545351209932
102.64050000000002,0.05417965008541841,0.027089825042709206,0.005417965008541841
102.80587500000001,0.05433389917198378,0.02716694958599189,0.005433389917198378
102.97125000000001,0.05448820570266986,0.02724410285133493,0.005448820570266986
103.13662500000002,0.05464257463986256,0.02732128731993128,0.005464257463986254
103.30200000000002,0.05479701097659846,0.02739850548829923,0.0054797010976598455
103.46737500000002,0.05495151973570162,0.02747575986785081,0.005495151973570161
103.63275000000002,0.05510610596891871,0.027553052984459356,0.005510610596891871
103.79812500000001,0.05526077475604836,0.02763038737802418,0.005526077475604837
103.96350000000002,0.055415531204097854,0.027707765602048927,0.005541553120409785
104.12887500000002,0.05557038044640707,0.027785190223203533,0.005557038044640706
104.29425000000002,0.055725327641799334,0.027862663820899667,0.005572532764179933
104.45962500000002,0.055880377973723534,0.027940188986861767,0.005588037797372354
104.62500000000001,0.05603553664941033,0.028017768324705164,0.005603553664941033
104.79037500000003,0.05619080889899686,0.02809540444949843,0.0056190808898996854
104.95575000000002,0.056346199974709195,0.028173099987354597,0.005634619997470919
105.12112500000002,0.05650171514998944,0.02825085757499472,0.0056501715149989435
105.28650000000002,0.056657359718671294,0.028328679859335647,0.005665735971867128
105.45187500000002,0.056813138994117926,0.028406569497058963,0.005681313899411792
105.61725000000001,0.05696905830840255,0.028484529154201275,0.005696905830840255
105.78262500000002,0.057125123011450916,0.028562561505725458,0.00571251230114509
105.94800000000002,0.05728133847022019,0.028640669235110095,0.005728133847022019
106.11337500000002,0.057437710067871545,0.028718855033935772,0.005743771006787155
106.27875000000002,0.05759424320291605,0.028797121601458024,0.005759424320291606
106.44412500000001,0.057750943288419385,0.028875471644209692,0.005775094328841938
106.60950000000003,0.05790781575115007,0.028953907875575034,0.005790781575115007
106.77487500000002,0.05806486603077819,0.029032433015389096,0.005806486603077819
106.94025000000002,0.05822209957904683,0.029111049789523415,0.005822209957904683
107.10562500000002,0.05837952185895872,0.02918976092947936,0.005837952185895871
107.27100000000002,0.05853713834397267,0.029268569171986336,0.005853713834397267
107.43637500000001,0.0586949545171762,0.0293474772585881,0.00586949545171762
107.60175000000002,0.058852975870496094,0.029426487935248047,0.005885297587049609
107.76712500000002,0.05901120790389281,0.029505603951946405,0.005901120790389281
107.93250000000002,0.05916965612455059,0.029584828062275297,0.005916965612455059
108.09787500000002,0.05932832604609214,0.02966416302304607,0.005932832604609212
108.26325000000001,0.05948722318778484,0.02974361159389242,0.0059487223187784845
108.42862500000003,0.05964635307375558,0.02982317653687779,0.005964635307375558
108.59400000000002,0.05980572123218229,0.029902860616091147,0.00598057212321823
108.75937500000002,0.059965333194546666,0.029982666597273333,0.005996533319454667
108.92475000000002,0.06012519449482897,0.030062597247414485,0.006012519449482898
109.09012500000001,0.06028531066874082,0.03014265533437041,0.006028531066874082
109.25550000000003,0.06044568725295145,0.030222843626475725,0.006044568725295145
109.42087500000002,0.060606329784342015,0.030303164892171008,0.006060632978434201
109.58625000000002,0.060767243799197644,0.030383621899598822,0.006076724379919765
109.75162500000002,0.06092843483249488,0.03046421741624744,0.006092843483249488
109.91700000000002,0.06108990841711266,0.03054495420855633,0.006108990841711266
110.08237500000001,0.06125167008310228,0.03062583504155114,0.0061251670083102274
110.24775000000002,0.0614137253569153,0.03070686267845765,0.00614137253569153
110.41312500000002,0.06157607976068697,0.030788039880343485,0.006157607976068696
110.57850000000002,0.061738738811475305,0.030869369405737652,0.006173873881147531
110.74387500000002,0.061901708020538154,0.030950854010269077,0.006190170802053816
110.90925000000001,0.06206499289259516,0.03103249644629758,0.006206499289259515
111.07462500000003,0.06222859892509922,0.03111429946254961,0.006222859892509922
111.24000000000002,0.06239253160751895,0.031196265803759476,0.006239253160751896
111.40537500000002,0.0625567964206122,0.0312783982103061,0.00625567964206122
111.57075000000002,0.06272139883572597,0.031360699417862986,0.006272139883572597
111.73612500000002,0.06288634431406682,0.03144317215703341,0.006288634431406681
111.90150000000001,0.06305163830600903,0.031525819153004515,0.006305163830600902
112.06687500000002,0.06321728625038918,0.03160864312519459,0.006321728625038918
112.23225000000002,0.06338329357380545,0.03169164678690273,0.0063383293573805455
112.39762500000002,0.06354966568994018,0.03177483284497009,0.006354966568994017
112.56300000000002,0.06371640799884154,0.03185820399942077,0.006371640799884152
112.72837500000001,0.06388352588627827,0.031941762943139135,0.006388352588627827
112.89375000000003,0.06405102472303904,0.03202551236151952,0.006405102472303903
113.05912500000002,0.06421890986424135,0.032109454932120675,0.006421890986424135
113.22450000000002,0.06438718664871311,0.032193593324356555,0.0064387186648713094
113.38987500000002,0.06455586039827846,0.03227793019913923,0.006455586039827847
113.55525000000002,0.06472493641712819,0.032362468208564095,0.00647249364171282
113.72062500000003,0.06489441999114076,0.03244720999557038,0.006489441999114075
113.88600000000002,0.06506431638725037,0.032532158193625184,0.006506431638725036
114.05137500000002,0.06523463085280165,0.032617315426400825,0.006523463085280165
114.21675000000002,0.06540536861489887,0.03270268430744944,0.006540536861489886
114.38212500000002,0.0655765348797738,0.0327882674398869,0.006557653487977382
114.54750000000001,0.06574813483214909,0.03287406741607454,0.006574813483214908
114.71287500000003,0.0659201736346396,0.0329600868173198,0.006592017363463958
114.87825000000002,0.06609265642708535,0.033046328213542676,0.006609265642708535
115.04362500000002,0.06626558832597998,0.03313279416298999,0.006626558832597998
115.20900000000002,0.06643897442383362,0.03321948721191681,0.006643897442383362
115.37437500000001,0.06661281978857347,0.03330640989428674,0.006661281978857347
115.53975000000003,0.06678712946294418,0.03339356473147209,0.0066787129462944185
115.70512500000002,0.066961908463914,0.033480954231957,0.006696190846391402
115.87050000000002,0.0671371617820735,0.03356858089103675,0.0067137161782073514
116.03587500000002,0.06731289438106906,0.03365644719053453,0.006731289438106905
116.20125000000002,0.0674891111970096,0.0337445555985048,0.006748911119700958
116.36662500000003,0.06766581713789069,0.033832908568945344,0.006766581713789067
116.53200000000002,0.06784301708301363,0.033921508541506815,0.006784301708301362
116.69737500000002,0.06802071588245508,0.03401035794122754,0.006802071588245506
116.86275000000002,0.06819891835647608,0.03409945917823804,0.0068198918356476065
117.02812500000002,0.0683776292949802,0.0341888146474901,0.00683776292949802
117.19350000000001,0.06855685345695502,0.03427842672847751,0.006855685345695503
117.35887500000003,0.06873659556994237,0.034368297784971184,0.006873659556994237
117.52425000000002,0.06891686032948435,0.034458430164742176,0.006891686032948436
117.68962500000002,0.06909765239860358,0.03454882619930179,0.006909765239860357
117.85500000000002,0.06927897640726498,0.03463948820363249,0.006927897640726498
118.02037500000002,0.06946083695186331,0.034730418475931654,0.006946083695186332
118.18575000000003,0.06964323859468277,0.034821619297341386,0.0069643238594682775
118.35112500000002,0.06982618586342246,0.03491309293171123,0.006982618586342245
118.51650000000002,0.07000968325065768,0.03500484162532884,0.007000968325065768
118.68187500000002,0.07019373521334521,0.035096867606672605,0.007019373521334522
118.84725000000002,0.07037834617233897,0.035189173086169485,0.0070378346172338966
119.01262500000001,0.07056352051188416,0.03528176025594208,0.007056352051188415
119.17800000000003,0.07074926257914595,0.03537463128957297,0.007074926257914595
119.34337500000002,0.07093557668372197,0.035467788341860984,0.0070935576683721965
119.50875000000002,0.07112246709716492,0.03556123354858246,0.007112246709716491
119.67412500000002,0.07130993805251794,0.03565496902625897,0.0071309938052517945
119.83950000000002,0.07149799374385613,0.03574899687192806,0.00714979937438561
120.00487500000003,0.07168663832581858,0.03584331916290929,0.007168663832581857
120.17025000000002,0.07187587591315785,0.03593793795657892,0.007187587591315786
120.33562500000002,0.07206571058030209,0.036032855290151045,0.00720657105803021
120.50100000000002,0.07225614636089556,0.03612807318044778,0.007225614636089555
120.66637500000002,0.07244718724737717,0.036223593623688585,0.007244718724737718
120.83175000000003,0.07263883719055392,0.03631941859527696,0.007263883719055392
120.99712500000003,0.07283110009914763,0.036415550049573815,0.007283110009914764
121.16250000000002,0.07302397983940857,0.03651198991970429,0.007302397983940857
121.32787500000002,0.0732174802346767,0.03660874011733835,0.007321748023467668
121.49325000000002,0.07341160506499018,0.03670580253249509,0.007341160506499017
121.65862500000001,0.07360635806667326,0.03680317903333663,0.0073606358066673275
121.82400000000003,0.07380174293193129,0.03690087146596564,0.007380174293193128
121.98937500000002,0.07399776330846745,0.03699888165423373,0.007399776330846745
122.15475000000002,0.07419442279910436,0.03709721139955218,0.007419442279910435
122.32012500000002,0.07439172496137235,0.037195862480686175,0.007439172496137235
122.48550000000002,0.0745896733071607,0.03729483665358035,0.0074589673307160695
122.65087500000003,0.07478827130235673,0.03739413565117836,0.0074788271302356725
122.81625000000003,0.07498752236643284,0.03749376118321642,0.007498752236643283
122.98162500000002,0.07518742987213695,0.03759371493606847,0.0075187429872136955
123.14700000000002,0.07538799714511364,0.03769399857255682,0.007538799714511363
123.31237500000002,0.07558922746354618,0.03779461373177309,0.007558922746354618
123.47775000000001,0.07579112405784767,0.037895562028923836,0.007579112405784768
123.64312500000003,0.07599369011030174,0.03799684505515087,0.007599369011030175
123.80850000000002,0.076196928754703,0.0380984643773515,0.0076196928754703
123.97387500000002,0.0764008430760921,0.03820042153804605,0.007640084307609207
124.13925000000002,0.07660543611036821,0.03830271805518411,0.00766054361103682
124.30462500000002,0.0768107108440367,0.03840535542201835,0.007681071084403668
124.47000000000003,0.0770166702138417,0.03850833510692085,0.0077016670213841685
124.63537500000002,0.07722331710649352,0.03861165855324676,0.007722331710649351
124.80075000000002,0.07743065435836922,0.03871532717918461,0.007743065435836922
124.96612500000002,0.07763868475519753,0.038819342377598764,0.007763868475519753
125.13150000000002,0.07784741103178949,0.038923705515894746,0.0077847411031789476
125.29687500000003,0.07805683587174743,0.039028417935873715,0.007805683587174741
125.46225000000003,0.07826696190718088,0.03913348095359044,0.007826696190718088
125.62762500000002,0.07847779171846382,0.03923889585923191,0.007847779171846382
125.79300000000002,0.07868932783389904,0.03934466391694952,0.007868932783389904
125.95837500000002,0.07890157272956015,0.039450786364780076,0.007890157272956014
126.12375000000002,0.07911452882892991,0.03955726441446496,0.00791145288289299
126.28912500000003,0.07932819850271287,0.03966409925135644,0.007932819850271288
126.45450000000002,0.07954258406856904,0.03977129203428452,0.007954258406856901
126.61987500000002,0.0797576877908789,0.03987884389543945,0.00797576877908789
126.78525000000002,0.07997351188050274,0.03998675594025137,0.007997351188050273
126.95062500000002,0.0801900584945599,0.04009502924727995,0.00801900584945599
127.11600000000003,0.08040732973619266,0.04020366486809633,0.008040732973619267
127.28137500000003,0.080625327654343,0.0403126638271715,0.008062532765434298
127.44675000000002,0.08084405424357417,0.04042202712178709,0.008084405424357417
127.61212500000002,0.08106351144380539,0.04053175572190269,0.008106351144380538
127.77750000000002,0.08128370114016044,0.04064185057008022,0.008128370114016044
127.94287500000002,0.08150462516273577,0.04075231258136788,0.008150462516273575
128.10825000000003,0.08172628528643386,0.04086314264321693,0.008172628528643386
128.273625,0.08194868323074168,0.04097434161537084,0.008194868323074169
128.43900000000002,0.08217182065956241,0.041085910329781206,0.008217182065956242
128.604375,0.08239569918109253,0.041197849590546266,0.008239569918109252
128.76975000000002,0.08262032034753514,0.04131016017376757,0.008262032034753513
128.93512500000003,0.08284568565503525,0.041422842827517625,0.008284568565503525
129.1005,0.08307179654347259,0.041535898271736295,0.008307179654347258
129.26587500000002,0.08329865439631981,0.041649327198159905,0.00832986543963198
129.43125,0.08352626054046543,0.041763130270232714,0.008352626054046543
129.59662500000002,0.08375461624610278,0.04187730812305139,0.008375461624610277
129.76200000000003,0.0839837227265631,0.04199186136328155,0.00839837227265631
129.927375,0.08421358113818836,0.04210679056909418,0.008421358113818837
130.09275000000002,0.08444419258019913,0.04222209629009956,0.008444419258019913
130.258125,0.08467555809456928,0.04233777904728464,0.008467555809456928
130.42350000000002,0.08490767866589774,0.04245383933294887,0.008490767866589774
130.588875,0.0851405552213049,0.04257027761065245,0.00851405552213049
130.75425,0.08537418863031135,0.042687094315155674,0.008537418863031136
130.91962500000002,0.08560857970472843,0.042804289852364216,0.008560857970472843
131.085,0.08584372919856564,0.04292186459928282,0.008584372919856564
131.25037500000002,0.08607963780793428,0.04303981890396714,0.008607963780793426
131.41575,0.08631630617094985,0.04315815308547492,0.008631630617094984
131.58112500000001,0.08655373486764388,0.04327686743382194,0.008655373486764388
131.74650000000003,0.08679192441989067,0.043395962209945335,0.008679192441989067
131.911875,0.08703087529132816,0.04351543764566408,0.008703087529132817
132.07725000000002,0.0872705878872613,0.04363529394363065,0.008727058788726127
132.242625,0.08751106255464572,0.04375553127732286,0.008751106255464571
132.40800000000002,0.08775229958197829,0.043876149790989145,0.00877522995819783
132.57337500000003,0.08799429919926281,0.043997149599631406,0.008799429919926282
132.73875,0.08823706157794185,0.044118530788970926,0.008823706157794185
132.90412500000002,0.08848058683087379,0.04424029341543689,0.008848058683087379
133.0695,0.08872487501225151,0.04436243750612576,0.00887248750122515
133.23487500000002,0.08896992611759487,0.044484963058797435,0.008896992611759486
133.40025000000003,0.08921574008370257,0.04460787004185129,0.008921574008370257
133.565625,0.08946231678863711,0.04473115839431856,0.008946231678863712
133.73100000000002,0.08970965605166217,0.04485482802583109,0.008970965605166217
133.89637500000003,0.089957757633274,0.044978878816637,0.008995775763327399
134.06175000000002,0.09020662123515374,0.04510331061757687,0.009020662123515375
134.22712500000003,0.09045624650014326,0.04522812325007163,0.009045624650014326
134.3925,0.09070663301228321,0.045353316506141605,0.009070663301228323
134.55787500000002,0.0909577802967568,0.0454788901483784,0.009095778029675679
134.72325000000004,0.09120968781994476,0.04560484390997238,0.009120968781994478
134.88862500000002,0.09146235498938803,0.04573117749469401,0.0091462354989388
135.05400000000003,0.09171578115383264,0.04585789057691632,0.009171578115383263
135.219375,0.09196996560321175,0.04598498280160587,0.009196996560321174
135.38475000000003,0.0922249075686937,0.04611245378434685,0.009222490756869369
135.55012500000004,0.09248060622269778,0.04624030311134889,0.009248060622269778
135.71550000000002,0.09273706067891847,0.04636853033945924,0.009273706067891846
135.88087500000003,0.09299426999235218,0.04649713499617609,0.009299426999235218
136.04625000000001,0.09325223315934938,0.04662611657967469,0.009325223315934938
136.21162500000003,0.09351094911766561,0.046755474558832805,0.00935109491176656
136.377,0.09377041674646566,0.04688520837323283,0.009377041674646565
136.54237500000002,0.0940306348664014,0.0470153174332007,0.009403063486640141
136.70775000000003,0.09429160223968423,0.047145801119842116,0.009429160223968424
136.87312500000002,0.09455331757009262,0.04727665878504631,0.009455331757009262
137.03850000000003,0.09481577950309159,0.04740788975154579,0.00948157795030916
137.203875,0.09507898662585902,0.04753949331292951,0.009507898662585902
137.36925000000002,0.09534293746736482,0.04767146873368241,0.009534293746736483
137.53462500000003,0.09560763049845736,0.04780381524922868,0.009560763049845735
137.70000000000002,0.09587306413194238,0.04793653206597119,0.00958730641319424
137.86537500000003,0.09613923672262725,0.048069618361313626,0.009613923672262725
138.03075,0.09640614656747211,0.048203073283736055,0.009640614656747211
138.19612500000002,0.09667379190562927,0.04833689595281464,0.009667379190562927
138.36150000000004,0.09694217091856464,0.04847108545928232,0.009694217091856465
138.52687500000002,0.09721128173013985,0.048605640865069924,0.009721128173013986
138.69225000000003,0.09748112240672475,0.04874056120336238,0.009748112240672476
138.857625,0.09775169095729865,0.04887584547864932,0.009775169095729863
139.02300000000002,0.09802298533356152,0.04901149266678076,0.009802298533356152
139.18837500000004,0.09829500343006504,0.04914750171503252,0.009829500343006503
139.35375000000002,0.09856774308429493,0.049283871542147466,0.009856774308429492
139.51912500000003,0.09884120207681572,0.04942060103840786,0.009884120207681573
139.6845,0.09911537813140356,0.04955768906570178,0.009911537813140355
139.84987500000003,0.09939026891515057,0.049695134457575285,0.00993902689151506
140.01525000000004,0.09966587203861163,0.049832936019305815,0.009966587203861165
140.18062500000002,0.099942185055951,0.0499710925279755,0.009994218505595101
140.34600000000003,0.10021920546506807,0.050109602732534037,0.010021920546506807
140.51137500000002,0.10049693070774329,0.050248465353871646,0.010049693070774328
140.67675000000003,0.1007753581697687,0.05038767908488435,0.01007753581697687
140.842125,0.10105448518113531,0.05052724259056766,0.010105448518113532
141.00750000000002,0.10133430901616611,0.050667154508083054,0.01013343090161661
141.17287500000003,0.10161482689367779,0.050807413446838895,0.010161482689367781
141.33825000000002,0.10189603597711694,0.05094801798855847,0.010189603597711695
141.50362500000003,0.10217793337477357,0.051088966687386786,0.010217793337477354
141.669,0.10246051613990605,0.05123025806995302,0.010246051613990604
141.83437500000002,0.10274378127093108,0.05137189063546554,0.010274378127093108
141.99975000000003,0.10302772571160201,0.05151386285580101,0.010302772571160202
142.16512500000002,0.1033123463511879,0.05165617317559395,0.01033123463511879
142.33050000000003,0.10359764002461803,0.05179882001230902,0.010359764002461804
142.495875,0.10388360351271651,0.051941801756358257,0.010388360351271652
142.66125000000002,0.10417023354238662,0.05208511677119331,0.010417023354238662
142.82662500000004,0.10445752678674688,0.05222876339337344,0.01044575267867469
142.99200000000002,0.10474547986538212,0.05237273993269106,0.010474547986538211
143.15737500000003,0.10503408934452628,0.05251704467226314,0.01050340893445263
143.32275,0.10532335173725006,0.05266167586862503,0.010532335173725005
143.48812500000003,0.10561326350367636,0.05280663175183818,0.010561326350367635
143.65350000000004,0.10590382105118887,0.052951910525594434,0.010590382105118885
143.81887500000002,0.10619502073461974,0.05309751036730987,0.010619502073461977
143.98425000000003,0.10648685885648948,0.05324342942824474,0.010648685885648948
144.14962500000001,0.10677933166721514,0.05338966583360757,0.010677933166721512
144.31500000000003,0.10707243536532206,0.05353621768266103,0.010707243536532206
144.48037500000004,0.10736616609766014,0.05368308304883007,0.010736616609766013
144.64575000000002,0.1076605199596419,0.05383025997982095,0.010766051995964192
144.81112500000003,0.10795549299547708,0.05397774649773854,0.01079554929954771
144.97650000000002,0.10825108119837307,0.054125540599186533,0.010825108119837307
145.14187500000003,0.10854728051080763,0.054273640255403814,0.010854728051080762
145.30725,0.10884408682471079,0.054422043412355396,0.010884408682471081
145.47262500000002,0.10914149598175857,0.054570747990879284,0.010914149598175856
145.63800000000003,0.10943950377358314,0.05471975188679157,0.010943950377358314
145.80337500000002,0.1097381059420355,0.05486905297101775,0.010973810594203551
145.96875000000003,0.11003729817939688,0.05501864908969844,0.011003729817939687
146.134125,0.11033707612868096,0.05516853806434048,0.011033707612868099
146.29950000000002,0.11063743538384851,0.05531871769192426,0.011063743538384851
146.46487500000003,0.1109383714900476,0.0554691857450238,0.011093837149004762
146.63025000000002,0.11123987994391962,0.05561993997195981,0.01112398799439196
146.79562500000003,0.11154195619383546,0.05577097809691773,0.011154195619383547
146.961,0.1118445956401411,0.05592229782007055,0.011184459564014109
147.12637500000002,0.11214779363543285,0.05607389681771643,0.011214779363543283
147.29175000000004,0.11245154548482829,0.056225772742414144,0.011245154548482827
147.45712500000002,0.11275584644627612,0.05637792322313806,0.01127558464462761
147.62250000000003,0.11306069173073299,0.056530345865366496,0.0113060691730733
147.787875,0.11336607650250614,0.05668303825125307,0.011336607650250612
147.95325000000003,0.11367199587954878,0.05683599793977439,0.011367199587954877
148.11862500000004,0.11397844493366607,0.05698922246683304,0.011397844493366609
148.28400000000002,0.11428541869083887,0.057142709345419436,0.011428541869083887
148.44937500000003,0.11459291213155423,0.057296456065777115,0.011459291213155424
148.61475000000002,0.11490092019097069,0.057450460095485344,0.011490092019097068
148.78012500000003,0.11520943775933037,0.05760471887966519,0.011520943775933037
148.94550000000004,0.11551845968216613,0.057759229841083067,0.011551845968216613
149.11087500000002,0.11582798076064582,0.05791399038032291,0.011582798076064582
149.27625000000003,0.116137995751841,0.0580689978759205,0.011613799575184101
149.44162500000002,0.11644849936900498,0.05822424968450249,0.011644849936900497
149.60700000000003,0.11675948628190813,0.058379743140954066,0.011675948628190814
149.772375,0.11707095111712662,0.05853547555856331,0.01170709511171266
149.93775000000002,0.11738288845834663,0.058691444229173315,0.011738288845834662
150.10312500000003,0.11769529284663699,0.058847646423318495,0.0117695292846637
150.26850000000002,0.11800815878081855,0.059004079390409275,0.011800815878081853
150.43387500000003,0.11832148071771845,0.05916074035885922,0.011832148071771843
150.59925,0.11863525307247666,0.05931762653623833,0.011863525307247666
150.76462500000002,0.11894947021892358,0.05947473510946179,0.011894947021892355
150.93000000000004,0.11926412648981362,0.05963206324490681,0.01192641264898136
151.09537500000002,0.11957921617719766,0.05978960808859883,0.011957921617719764
151.26075000000003,0.11989473353271754,0.05994736676635877,0.011989473353271753
151.426125,0.12021067276792677,0.060105336383963384,0.012021067276792675
151.59150000000002,0.12052702805460509,0.060263514027302546,0.01205270280546051
151.75687500000004,0.12084379352510452,0.06042189676255226,0.012084379352510452
151.92225000000002,0.12116096327264392,0.06058048163632196,0.01211609632726439
152.08762500000003,0.12147853135165534,0.06073926567582767,0.012147853135165535
152.25300000000001,0.12179649177811094,0.06089824588905547,0.012179649177811096
152.41837500000003,0.12211483852984117,0.06105741926492059,0.012211483852984118
152.58375000000004,0.12243356554686918,0.06121678277343459,0.012243356554686917
152.74912500000002,0.12275266673175328,0.06137633336587664,0.012275266673175326
152.91450000000003,0.1230721359499195,0.06153606797495975,0.01230721359499195
153.07987500000002,0.12339196702997324,0.06169598351498662,0.012339196702997324
153.24525000000003,0.12371215376406493,0.061856076882032464,0.012371215376406494
153.41062500000004,0.124032689908217,0.0620163449541085,0.0124032689908217
153.57600000000002,0.1243535691826503,0.06217678459132515,0.01243535691826503
153.74137500000003,0.1246747852721594,0.0623373926360797,0.012467478527215942
153.90675000000002,0.12499633182642864,0.06249816591321432,0.012499633182642862
154.07212500000003,0.12531820246037945,0.06265910123018972,0.012531820246037946
154.2375,0.12564039075450448,0.06282019537725224,0.012564039075450449
154.40287500000002,0.1259628902552504,0.0629814451276252,0.012596289025525037
154.56825000000003,0.12628569447530516,0.06314284723765258,0.012628569447530515
154.73362500000002,0.12660879689404556,0.06330439844702278,0.012660879689404552
154.89900000000003,0.1269321909577515,0.06346609547887574,0.01269321909577515
155.064375,0.1272558700800944,0.0636279350400472,0.012725587008009439
155.22975000000002,0.12757982764240322,0.06378991382120161,0.012757982764240325
155.39512500000004,0.12790405699400811,0.06395202849700406,0.012790405699400811
155.56050000000002,0.1282285514526932,0.0641142757263466,0.01282285514526932
155.72587500000003,0.12855330430492803,0.06427665215246402,0.012855330430492803
155.89125,0.12887830880630913,0.06443915440315456,0.01288783088063091
156.05662500000003,0.1292035581818865,0.06460177909094325,0.01292035581818865
156.22200000000004,0.1295290456265396,0.0647645228132698,0.012952904562653963
156.38737500000002,0.12985476430529314,0.06492738215264657,0.012985476430529311
156.55275000000003,0.13018070735376253,0.06509035367688126,0.013018070735376254
156.71812500000001,0.13050686787839635,0.06525343393919818,0.013050686787839633
156.88350000000003,0.13083323895696708,0.06541661947848354,0.013083323895696705
157.04887500000004,0.13115981363881318,0.06557990681940659,0.01311598136388132
157.21425000000002,0.13148658494532356,0.06574329247266178,0.013148658494532353
157.37962500000003,0.13181354587016825,0.06590677293508412,0.013181354587016825
157.54500000000002,0.13214068937982318,0.06607034468991159,0.013214068937982316
157.71037500000003,0.13246800841376505,0.06623400420688252,0.013246800841376503
157.87575000000004,0.13279549588498138,0.06639774794249069,0.013279549588498137
158.04112500000002,0.13312314468026146,0.06656157234013073,0.013312314468026146
158.20650000000003,0.13345094766057375,0.06672547383028687,0.013345094766057372
158.37187500000002,0.13377889766147016,0.06688944883073508,0.013377889766147016
158.53725000000003,0.13410698749341507,0.06705349374670753,0.013410698749341508
158.70262500000004,0.1344352099421705,0.06721760497108525,0.013443520994217053
158.86800000000002,0.13476355776917964,0.06738177888458982,0.013476355776917963
159.03337500000004,0.1350920237119061,0.06754601185595305,0.013509202371190607
159.19875000000002,0.1354206004842533,0.06771030024212665,0.01354206004842533
159.36412500000003,0.13574928077692527,0.06787464038846264,0.013574928077692528
159.5295,0.13607805725774974,0.06803902862887487,0.013607805725774975
159.69487500000002,0.13640692257209075,0.06820346128604537,0.013640692257209076
159.86025000000004,0.13673586934326645,0.06836793467163323,0.013673586934326645
160.02562500000002,0.13706489017282475,0.06853244508641237,0.013706489017282475
160.19100000000003,0.1373939776410147,0.06869698882050734,0.013739397764101467
160.356375,0.13772312430709233,0.06886156215354616,0.01377231243070923
160.52175000000003,0.1380523227097367,0.06902616135486835,0.013805232270973668
160.68712500000004,0.13838156536741986,0.06919078268370993,0.013838156536741985
160.85250000000002,0.13871084477875079,0.06935542238937539,0.013871084477875079
161.01787500000003,0.1390401534229374,0.0695200767114687,0.013904015342293739
161.18325000000002,0.13936948376003402,0.06968474188001701,0.013936948376003403
161.34862500000003,0.13969882823141536,0.06984941411570768,0.013969882823141537
161.51400000000004,0.1400281792601496,0.0700140896300748,0.014002817926014962
161.67937500000002,0.14035752925135375,0.07017876462567688,0.014035752925135373
161.84475000000003,0.14068687059254945,0.07034343529627472,0.014068687059254945
162.01012500000002,0.14101619565407972,0.07050809782703986,0.014101619565407973
162.17550000000003,0.1413454967894641,0.07067274839473205,0.01413454967894641
162.34087500000004,0.14167476633580803,0.07083738316790401,0.014167476633580804
162.50625000000002,0.1420039966141356,0.0710019983070678,0.014200399661413558
162.67162500000003,0.1423331799298046,0.0711665899649023,0.014233317992980462
162.83700000000002,0.14266230857285117,0.07133115428642559,0.014266230857285116
163.00237500000003,0.14299137481844107,0.07149568740922053,0.014299137481844106
163.16775000000004,0.1433203709271486,0.0716601854635743,0.014332037092714862
163.33312500000002,0.14364928914540093,0.07182464457270046,0.014364928914540092
163.49850000000004,0.14397812170582658,0.07198906085291329,0.014397812170582659
163.66387500000002,0.14430686082766842,0.07215343041383421,0.014430686082766842
163.82925000000003,0.14463549871717318,0.07231774935858659,0.014463549871717319
163.994625,0.14496402756786608,0.07248201378393304,0.014496402756786608
164.16000000000003,0.14529243956105337,0.07264621978052668,0.014529243956105335
164.32537500000004,0.14562072686611896,0.07281036343305948,0.014562072686611896
164.49075000000002,0.1459488816409445,0.07297444082047225,0.01459488816409445
164.65612500000003,0.14627689603229443,0.07313844801614722,0.014627689603229445
164.82150000000001,0.14660476217615911,0.07330238108807956,0.014660476217615912
164.98687500000003,0.14693247219815414,0.07346623609907707,0.014693247219815414
165.15225000000004,0.1472600182138773,0.07363000910693865,0.01472600182138773
165.31762500000002,0.14758739232931767,0.07379369616465883,0.014758739232931768
165.48300000000003,0.1479145866412128,0.0739572933206064,0.01479145866412128
165.64837500000002,0.14824159323744232,0.07412079661872116,0.014824159323744233
165.81375000000003,0.14856840419734035,0.07428420209867018,0.014856840419734035
165.97912500000004,0.14889501159218527,0.07444750579609263,0.014889501159218527
166.14450000000002,0.14922140748548568,0.07461070374274284,0.014922140748548566
166.30987500000003,0.1495475839333745,0.07477379196668725,0.014954758393337448
166.47525000000002,0.14987353298498085,0.07493676649249043,0.014987353298498082
166.64062500000003,0.15019924668284934,0.07509962334142467,0.015019924668284931
166.80600000000004,0.15052471706325526,0.07526235853162763,0.015052471706325527
166.97137500000002,0.15084993615661285,0.07542496807830643,0.015084993615661286
167.13675000000003,0.1511748959878261,0.07558744799391305,0.015117489598782612
167.30212500000002,0.15149958857669155,0.07574979428834577,0.015149958857669158
167.46750000000003,0.15182400593824558,0.07591200296912279,0.015182400593824558
167.63287500000004,0.1521481400831453,0.07607407004157266,0.01521481400831453
167.79825000000002,0.15247198301803722,0.07623599150901861,0.015247198301803724
167.96362500000004,0.15279552674592792,0.07639776337296396,0.015279552674592791
168.12900000000002,0.15311876326655516,0.07655938163327758,0.015311876326655515
168.29437500000003,0.15344168457676016,0.07672084228838008,0.015344168457676017
168.45975,0.15376428267085668,0.07688214133542834,0.01537642826708567
168.62512500000003,0.15408654954099915,0.07704327477049958,0.015408654954099911
168.79050000000004,0.15440847717753875,0.07720423858876937,0.015440847717753874
168.95587500000002,0.15473005756939673,0.07736502878469836,0.015473005756939672
169.12125000000003,0.15505128270446922,0.07752564135223461,0.015505128270446918
169.28662500000002,0.15537214456990542,0.07768607228495271,0.015537214456990543
169.45200000000003,0.155692635152563,0.0778463175762815,0.015569263515256303
169.61737500000004,0.1560127464393255,0.07800637321966275,0.01560127464393255
169.78275000000002,0.1563324704174777,0.07816623520873885,0.01563324704174777
169.94812500000003,0.15665179907506802,0.07832589953753401,0.0156651799075068
170.11350000000002,0.15697072440125395,0.07848536220062698,0.015697072440125394
170.27887500000003,0.1572892383866994,0.0786446191933497,0.015728923838669938
170.44425000000004,0.157607333023895,0.0788036665119475,0.0157607333023895
170.60962500000002,0.15792500030754833,0.07896250015377416,0.015792500030754834
170.77500000000003,0.15824223223494954,0.07912111611747477,0.015824223223494954
170.94037500000002,0.15855902080627418,0.07927951040313709,0.01585590208062742
171.10575000000003,0.15887535802500563,0.07943767901250282,0.015887535802500564
171.27112500000004,0.15919123589824863,0.07959561794912431,0.015919123589824863
171.43650000000002,0.1595066464371399,0.07975332321856995,0.01595066464371399
171.60187500000004,0.1598215816571036,0.0799107908285518,0.015982158165710362
171.76725000000002,0.16013603357830244,0.08006801678915122,0.016013603357830246
171.93262500000003,0.1604499942259518,0.0802249971129759,0.016044999422595182
172.09800000000004,0.16076345563066033,0.08038172781533016,0.016076345563066034
172.26337500000002,0.16107640982879945,0.08053820491439972,0.016107640982879944
172.42875000000004,0.16138884886284363,0.08069442443142182,0.016138884886284365
172.59412500000002,0.16170076478174047,0.08085038239087024,0.016170076478174044
172.75950000000003,0.1620121496412217,0.08100607482061085,0.01620121496412217
172.92487500000001,0.16232299550416363,0.08116149775208181,0.016232299550416364
173.09025000000003,0.16263329444098248,0.08131664722049124,0.016263329444098248
173.25562500000004,0.16294303852989123,0.08147151926494561,0.016294303852989123
173.42100000000002,0.16325221985728816,0.08162610992864408,0.016325221985728815
173.58637500000003,0.16356083051811995,0.08178041525905998,0.016356083051811996
173.75175000000002,0.16386886261620923,0.08193443130810461,0.016386886261620923
173.91712500000003,0.16417630826459303,0.08208815413229652,0.016417630826459306
174.08250000000004,0.1644831595858043,0.08224157979290216,0.01644831595858043
174.24787500000002,0.16478940871233994,0.08239470435616997,0.016478940871233992
174.41325000000003,0.16509504778686465,0.08254752389343233,0.016509504778686464
174.57862500000002,0.16540006896267062,0.08270003448133531,0.016540006896267063
174.74400000000003,0.1657044644038464,0.0828522322019232,0.01657044644038464
174.90937500000004,0.16600822628582174,0.08300411314291087,0.016600822628582174
175.07475000000002,0.16631134679550522,0.08315567339775261,0.016631134679550526
175.24012500000003,0.16661381813174375,0.08330690906587188,0.016661381813174374
175.40550000000002,0.16691563250560143,0.08345781625280072,0.01669156325056014
175.57087500000003,0.1672167821407208,0.0836083910703604,0.016721678214072083
175.73625000000004,0.16751725927355782,0.08375862963677891,0.01675172592735578
175.90162500000002,0.16781705615384185,0.08390852807692092,0.016781705615384182
176.06700000000004,0.1681161650448258,0.0840580825224129,0.016811616504482582
176.23237500000002,0.16841457822360578,0.08420728911180289,0.01684145782236058
176.39775000000003,0.16871228798146976,0.08435614399073488,0.016871228798146974
176.56312500000004,0.1690092866241846,0.0845046433120923,0.01690092866241846
176.72850000000003,0.16930556647236417,0.08465278323618208,0.016930556647236417
176.89387500000004,0.16960111986176896,0.08480055993088448,0.016960111986176894
177.05925000000002,0.16989593914359102,0.08494796957179551,0.0169895939143591
177.22462500000003,0.17019001668483713,0.08509500834241857,0.017019001668483715
177.39000000000001,0.17048334486856564,0.08524167243428282,0.017048334486856567
177.55537500000003,0.1707759160942721,0.08538795804713604,0.01707759160942721
177.72075000000004,0.1710677227781205,0.08553386138906025,0.017106772277812047
177.88612500000002,0.17135875735338313,0.08567937867669156,0.017135875735338313
178.05150000000003,0.17164901227055984,0.08582450613527992,0.017164901227055985
178.21687500000002,0.17193847999789985,0.08596923999894993,0.017193847999789985
178.38225000000003,0.17222715302154207,0.08611357651077103,0.017222715302154204
178.54762500000004,0.17251502384589992,0.08625751192294996,0.017251502384589994
178.71300000000002,0.17280208499393118,0.08640104249696559,0.01728020849939312
178.87837500000003,0.17308832900751048,0.08654416450375524,0.01730883290075105
179.04375000000002,0.1733737484475853,0.08668687422379265,0.01733737484475853
179.20912500000003,0.17365833589466484,0.08682916794733242,0.01736583358946648
179.37450000000004,0.17394208394894595,0.08697104197447297,0.017394208394894597
179.53987500000002,0.17422498523069896,0.08711249261534948,0.017422498523069894
179.70525000000004,0.17450703238059362,0.08725351619029681,0.017450703238059362
179.87062500000002,0.1747882180598921,0.08739410902994604,0.017478821805989208
180.03600000000003,0.17506853495081692,0.08753426747540846,0.01750685349508169
180.20137500000004,0.175347975756812,0.087673987878406,0.0175347975756812
180.36675000000002,0.1756265332028505,0.08781326660142524,0.017562653320285053
180.53212500000004,0.17590420003572027,0.08795210001786014,0.017590420003572027
180.69750000000002,0.17618096902428387,0.08809048451214194,0.01761809690242839
180.86287500000003,0.17645683295977216,0.08822841647988608,0.017645683295977217
181.02825000000004,0.1767317846561083,0.08836589232805415,0.01767317846561083
181.19362500000003,0.17700581695014472,0.08850290847507236,0.01770058169501447
181.35900000000004,0.1772789227019202,0.0886394613509601,0.017727892270192024
181.52437500000002,0.1775510947950345,0.08877554739751725,0.017755109479503452
181.68975000000003,0.17782232613682697,0.08891116306841348,0.017782232613682697
181.85512500000002,0.17809260965867504,0.08904630482933752,0.017809260965867504
182.02050000000003,0.17836193831631647,0.08918096915815824,0.017836193831631646
182.18587500000004,0.17863030509010475,0.08931515254505237,0.017863030509010475
182.35125000000002,0.1788977029851543,0.08944885149257716,0.017889770298515434
182.51662500000003,0.17916412503185664,0.08958206251592832,0.017916412503185666
182.68200000000002,0.1794295642859212,0.0897147821429606,0.017942956428592116
182.84737500000003,0.179694013828738,0.089847006914369,0.0179694013828738
183.01275000000004,0.17995746676766278,0.08997873338383139,0.01799574667676628
183.17812500000002,0.18021991623618722,0.09010995811809361,0.01802199162361872
183.34350000000003,0.1804813553943379,0.09024067769716895,0.018048135539433793
183.50887500000002,0.1807417774287965,0.09037088871439825,0.018074177742879647
183.67425000000003,0.18100117555321674,0.09050058777660837,0.018100117555321673
183.83962500000004,0.18125954300853908,0.09062977150426954,0.018125954300853907
184.00500000000002,0.18151687306314584,0.09075843653157292,0.018151687306314584
184.17037500000004,0.1817731590131225,0.09088657950656125,0.01817731590131225
184.33575000000002,0.18202839418262162,0.09101419709131081,0.018202839418262166
184.50112500000003,0.18228257192395414,0.09114128596197707,0.018228257192395417
184.66650000000004,0.18253568561795358,0.09126784280897679,0.018253568561795358
184.83187500000003,0.18278772867416876,0.09139386433708438,0.018278772867416873
184.99725000000004,0.18303869453112812,0.09151934726556406,0.01830386945311281
185.16262500000002,0.18328857665654513,0.09164428832827257,0.018328857665654515
185.32800000000003,0.18353736854767455,0.09176868427383728,0.018353736854767457
185.49337500000004,0.18378506373133438,0.09189253186566719,0.018378506373133437
185.65875000000003,0.184031655764348,0.092015827882174,0.0184031655764348
185.82412500000004,0.18427713823374225,0.09213856911687113,0.018427713823374228
185.98950000000002,0.18452150475685075,0.09226075237842538,0.018452150475685075
186.15487500000003,0.18476474898170753,0.09238237449085376,0.018476474898170753
186.32025000000002,0.1850068645871935,0.09250343229359675,0.01850068645871935
186.48562500000003,0.18524784528324195,0.09262392264162098,0.018524784528324196
186.65100000000004,0.18548768481117023,0.09274384240558511,0.018548768481117025
186.81637500000002,0.18572637694375788,0.09286318847187894,0.018572637694375786
186.98175000000003,0.18596391548561753,0.09298195774280876,0.018596391548561752
187.14712500000002,0.186200294273292,0.093100147136646,0.018620029427329196
187.31250000000003,0.18643550717561352,0.09321775358780676,0.018643550717561352
187.47787500000004,0.18666954809372843,0.09333477404686422,0.018666954809372843
187.64325000000002,0.18690241096147667,0.09345120548073833,0.01869024109614767
187.80862500000003,0.18713408974557538,0.09356704487278769,0.01871340897455754
187.97400000000002,0.18736457844577017,0.09368228922288509,0.018736457844577017
188.13937500000003,0.18759387109512932,0.09379693554756466,0.018759387109512932
188.30475000000004,0.18782196176009575,0.09391098088004787,0.018782196176009576
188.47012500000002,0.18804884454097404,0.09402442227048702,0.018804884454097403
188.63550000000004,0.1882745135718223,0.09413725678591114,0.018827451357182223
188.80087500000002,0.18849896302085012,0.09424948151042506,0.018849896302085015
188.96625000000003,0.18872218709064198,0.09436109354532099,0.0188722187090642
189.13162500000004,0.18894418001813001,0.09447209000906501,0.018894418001812997
189.29700000000003,0.18916493607510404,0.09458246803755202,0.018916493607510403
189.46237500000004,0.18938444956816136,0.09469222478408068,0.018938444956816135
189.62775000000002,0.1896027148390157,0.09480135741950785,0.01896027148390157
189.79312500000003,0.18981972626468563,0.09490986313234281,0.018981972626468564
189.95850000000004,0.19003547825764533,0.09501773912882266,0.019003547825764532
190.12387500000003,0.19024996526602186,0.09512498263301093,0.019024996526602184
190.28925000000004,0.1904631817738435,0.09523159088692175,0.01904631817738435
190.45462500000002,0.19067512230110756,0.09533756115055378,0.01906751223011075
190.62000000000003,0.19088578140409296,0.09544289070204648,0.019088578140409297
190.78537500000002,0.1910951536754783,0.09554757683773915,0.019109515367547826
190.95075000000003,0.19130323374446817,0.09565161687223409,0.01913032337444682
191.11612500000004,0.1915100162771028,0.0957550081385514,0.019151001627710277
191.28150000000002,0.1917154959763238,0.0958577479881619,0.019171549597632384
191.44687500000003,0.19191966758217555,0.09595983379108777,0.019191966758217553
191.61225000000002,0.19212252587202167,0.09606126293601083,0.019212252587202168
191.77762500000003,0.19232406566065063,0.09616203283032532,0.019232406566065063
191.94300000000004,0.192524281800523,0.0962621409002615,0.0192524281800523
192.10837500000002,0.1927231691818143,0.09636158459090716,0.01927231691818143
192.27375000000004,0.19292072273273808,0.09646036136636904,0.019292072273273807
192.43912500000002,0.1931169374195762,0.0965584687097881,0.019311693741957615
192.60450000000003,0.1933118082469309,0.09665590412346545,0.019331180824693095
192.76987500000004,0.19350533025782468,0.09675266512891234,0.01935053302578247
192.93525000000002,0.19369749853386725,0.09684874926693363,0.019369749853386728
193.10062500000004,0.1938883081954595,0.09694415409772975,0.019388830819545948
193.26600000000002,0.19407775440190717,0.09703887720095358,0.01940777544019072
193.43137500000003,0.19426583235157163,0.09713291617578582,0.01942658323515717
193.59675000000004,0.19445253728203538,0.09722626864101769,0.01944525372820354
193.76212500000003,0.19463786447024145,0.09731893223512073,0.019463786447024144
193.92750000000004,0.19482180923260428,0.09741090461630214,0.019482180923260428
194.09287500000002,0.1950043669252835,0.09750218346264175,0.01950043669252835
194.25825000000003,0.1951855329441273,0.09759276647206365,0.019518553294412728
194.42362500000004,0.1953653027250521,0.09768265136252605,0.01953653027250521
194.58900000000003,0.19554367174395548,0.09777183587197774,0.01955436717439555
194.75437500000004,0.19572063551697993,0.09786031775848997,0.019572063551697993
194.91975000000002,0.19589618960059674,0.09794809480029837,0.019589618960059674
195.08512500000003,0.19607032959184706,0.09803516479592353,0.019607032959184704
195.25050000000005,0.1962430511283099,0.09812152556415495,0.01962430511283099
195.41587500000003,0.196414349888335,0.0982071749441675,0.0196414349888335
195.58125000000004,0.1965842215911789,0.09829211079558944,0.019658422159117887
195.74662500000002,0.1967526619970561,0.09837633099852805,0.01967526619970561
195.91200000000003,0.19691966690738025,0.09845983345369012,0.019691966690738024
196.07737500000002,0.1970852321647087,0.09854261608235435,0.019708523216470868
196.24275000000003,0.19724935365309612,0.09862467682654806,0.019724935365309615
196.40812500000004,0.19741202729799315,0.09870601364899657,0.019741202729799314
196.57350000000002,0.1975732490665587,0.09878662453327935,0.019757324906655868
196.73887500000004,0.19773301496757945,0.09886650748378972,0.019773301496757947
196.90425000000002,0.19789132105176263,0.09894566052588132,0.019789132105176264
197.06962500000003,0.1980481634117063,0.09902408170585315,0.01980481634117063
197.23500000000004,0.1982035381820951,0.09910176909104755,0.01982035381820951
197.40037500000003,0.19835744153977708,0.09917872076988854,0.019835744153977708
197.56575000000004,0.19850986970392914,0.09925493485196457,0.019850986970392913
197.73112500000002,0.19866081893603005,0.09933040946801502,0.019866081893603005
197.89650000000003,0.19881028554012214,0.09940514277006107,0.019881028554012213
198.06187500000004,0.19895826586277504,0.09947913293138752,0.019895826586277504
198.22725000000003,0.19910475629323532,0.09955237814661766,0.01991047562932353
198.39262500000004,0.199249753263627,0.0996248766318135,0.019924975326362705
198.55800000000002,0.1993932532488108,0.0996966266244054,0.019939325324881078
198.72337500000003,0.19953525276677406,0.09976762638338703,0.019953525276677403
198.88875000000004,0.19967574837845653,0.09983787418922827,0.019967574837845656
199.05412500000003,0.19981473668795624,0.09990736834397812,0.019981473668795623
199.21950000000004,0.19995221434267138,0.09997610717133569,0.019995221434267137
199.38487500000002,0.20008817803330425,0.10004408901665213,0.02000881780333042
199.55025000000003,0.20022262449397804,0.10011131224698902,0.020022262449397803
199.71562500000005,0.2003555505022871,0.10017777525114355,0.020035555050228707
199.88100000000003,0.2004869528793951,0.10024347643969755,0.02004869528793951
200.04637500000004,0.20061682849020596,0.10030841424510298,0.0200616828490206
200.21175000000002,0.20074517424324603,0.10037258712162302,0.020074517424324603
200.37712500000004,0.20087198709092957,0.10043599354546479,0.02008719870909296
200.54250000000002,0.20099726402952195,0.10049863201476097,0.020099726402952198
200.70787500000003,0.20112100209927297,0.10056050104963649,0.0201121002099273
200.87325000000004,0.2012431983844227,0.10062159919221135,0.02012431983844227
201.03862500000002,0.20136385001331156,0.10068192500665578,0.020136385001331157
201.20400000000004,0.2014829541584768,0.1007414770792384,0.02014829541584768
201.36937500000002,0.20160050803665325,0.10080025401832662,0.020160050803665328
201.53475000000003,0.20171650890887438,0.10085825445443719,0.02017165089088744
201.70012500000004,0.20183095408053617,0.10091547704026808,0.020183095408053617
201.86550000000003,0.2019438409013924,0.1009719204506962,0.02019438409013924
202.03087500000004,0.20205516676576873,0.10102758338288437,0.02020551667657687
202.19625000000002,0.2021649291124321,0.10108246455621606,0.02021649291124321
202.36162500000003,0.20227312542472609,0.10113656271236304,0.02022731254247261
202.52700000000004,0.20237975323067778,0.10118987661533889,0.020237975323067776
202.69237500000003,0.20248481010298094,0.10124240505149047,0.020248481010298094
202.85775000000004,0.20258829365903774,0.10129414682951887,0.02025882936590377
203.02312500000002,0.2026902015610894,0.1013451007805447,0.020269020156108937
203.18850000000003,0.20279053151613347,0.10139526575806673,0.020279053151613345
203.35387500000004,0.20288928127606867,0.10144464063803434,0.020288928127606867
203.51925000000003,0.20298644863770998,0.10149322431885499,0.020298644863771
203.68462500000004,0.2030820314427911,0.10154101572139555,0.020308203144279113
203.85000000000002,0.20317602757811595,0.10158801378905798,0.020317602757811595
204.01537500000003,0.20326843497544803,0.10163421748772401,0.0203268434975448
204.18075000000005,0.20335925161164398,0.10167962580582199,0.0203359251611644
204.34612500000003,0.20344847550862735,0.10172423775431368,0.020344847550862737
204.51150000000004,0.2035361047334802,0.1017680523667401,0.02035361047334802
204.67687500000002,0.20362213739843843,0.10181106869921921,0.020362213739843843
204.84225000000004,0.20370657166093958,0.10185328583046979,0.020370657166093962
205.00762500000002,0.20378940572361978,0.10189470286180989,0.02037894057236198
205.17300000000003,0.20387063783433268,0.10193531891716634,0.020387063783433267
205.33837500000004,0.20395026628626467,0.10197513314313233,0.020395026628626467
205.50375000000003,0.20402828941780576,0.10201414470890288,0.020402828941780575
205.66912500000004,0.20410470561270294,0.10205235280635147,0.020410470561270294
205.83450000000002,0.20417951330002193,0.10208975665001097,0.020417951330002196
205.99987500000003,0.20425271095414266,0.10212635547707133,0.020425271095414265
206.16525000000004,0.20432429709485078,0.10216214854742539,0.020432429709485077
206.33062500000003,0.2043942702872596,0.1021971351436298,0.02043942702872596
206.49600000000004,0.2044626291418693,0.10223131457093465,0.02044626291418693
206.66137500000002,0.2045293723145991,0.10226468615729956,0.020452937231459915
206.82675000000003,0.2045944985067169,0.10229724925335845,0.02045944985067169
206.99212500000004,0.20465800646493176,0.10232900323246588,0.020465800646493174
207.15750000000003,0.20471989498139503,0.10235994749069752,0.0204719894981395
207.32287500000004,0.20478016289360584,0.10239008144680292,0.020478016289360582
207.48825000000002,0.20483880908452845,0.10241940454226423,0.020483880908452847
207.65362500000003,0.20489583248254878,0.10244791624127439,0.02048958324825488
207.81900000000005,0.20495123206144394,0.10247561603072197,0.02049512320614439
207.98437500000003,0.2050050068403647,0.10250250342018236,0.02050050068403647
208.14975000000004,0.2050571558839893,0.10252857794199464,0.020505715588398928
208.31512500000002,0.205107678302281,0.1025538391511405,0.0205107678302281
208.48050000000003,0.20515657325068182,0.10257828662534091,0.02051565732506818
208.64587500000005,0.20520383992995356,0.10260191996497678,0.020520383992995356
208.81125000000003,0.20524947758629053,0.10262473879314526,0.020524947758629057
208.97662500000004,0.2052934855112429,0.10264674275562145,0.020529348551124288
209.14200000000002,0.2053358630416543,0.10266793152082715,0.02053358630416543
209.30737500000004,0.20537660955975373,0.10268830477987687,0.020537660955975374
209.47275000000002,0.20541572449306786,0.10270786224653393,0.020541572449306787
209.63812500000003,0.20545320731443714,0.10272660365721857,0.020545320731443717
209.80350000000004,0.2054890575419877,0.10274452877099385,0.020548905754198772
209.96887500000003,0.20552327473905002,0.10276163736952501,0.020552327473905
210.13425000000004,0.20555585851422054,0.10277792925711027,0.020555585851422056
210.29962500000002,0.2055868085213441,0.10279340426067204,0.02055868085213441
210.46500000000003,0.20561612445932254,0.10280806222966127,0.020561612445932256
210.63037500000004,0.20564380607236243,0.10282190303618122,0.02056438060723624
210.79575000000003,0.20566985314971037,0.10283492657485518,0.02056698531497104
210.96112500000004,0.20569426552572426,0.10284713276286213,0.020569426552572427
211.12650000000002,0.205717043079795,0.1028585215398975,0.020571704307979496
211.29187500000003,0.2057381857363894,0.1028690928681947,0.020573818573638943
211.45725000000004,0.20575769346495615,0.10287884673247807,0.020575769346495614
211.62262500000003,0.2057755662798165,0.10288778313990825,0.02057755662798165
211.78800000000004,0.2057918042403254,0.1028959021201627,0.02057918042403254
211.95337500000002,0.20580640745066497,0.10290320372533249,0.020580640745066502
212.11875000000003,0.20581937605981987,0.10290968802990993,0.02058193760598199
212.28412500000005,0.20583071026160604,0.10291535513080302,0.020583071026160606
212.44950000000003,0.20584041029457628,0.10292020514728814,0.020584041029457628
212.61487500000004,0.20584847644196358,0.10292423822098179,0.02058484764419636
212.78025000000002,0.20585490903172712,0.10292745451586356,0.020585490903172715
212.94562500000004,0.20585970843634024,0.10292985421817012,0.020585970843634026
213.11100000000005,0.20586287507288548,0.10293143753644274,0.020586287507288546
213.27637500000003,0.20586440940293865,0.10293220470146933,0.020586440940293868
213.44175000000004,0.205864311932534,0.102932155966267,0.020586431193253398
213.60712500000002,0.205862583212077,0.1029312916060385,0.0205862583212077
213.77250000000004,0.20585922383632477,0.10292961191816238,0.020585922383632473
213.93787500000002,0.20585423444436446,0.10292711722218223,0.020585423444436445
214.10325000000003,0.20584761571946836,0.10292380785973418,0.020584761571946837
214.26862500000004,0.2058393683890423,0.10291968419452115,0.020583936838904228
214.43400000000003,0.20582949322464505,0.10291474661232253,0.02058294932246451
214.59937500000004,0.20581799104190407,0.10290899552095203,0.020581799104190408
214.76475000000002,0.20580486270031653,0.10290243135015827,0.020580486270031652
214.93012500000003,0.20579010910344148,0.10289505455172074,0.02057901091034415
215.09550000000004,0.20577373119856276,0.10288686559928138,0.02057737311985628
215.26087500000003,0.20575572997678487,0.10287786498839244,0.02057557299767849
215.42625000000004,0.20573610647293386,0.10286805323646693,0.020573610647293385
215.59162500000002,0.2057148617654646,0.1028574308827323,0.020571486176546465
215.75700000000003,0.20569199697634755,0.10284599848817377,0.020569199697634755
215.92237500000005,0.2056675132711555,0.10283375663557776,0.020566751327115555
216.08775000000003,0.2056414118587943,0.10282070592939715,0.02056414118587943
216.25312500000004,0.2056136939915096,0.1028068469957548,0.02056136939915096
216.41850000000002,0.2055843609648761,0.10279218048243804,0.02055843609648761
216.58387500000003,0.2055534141175503,0.10277670705877515,0.02055534141175503
216.74925000000005,0.20552085483140897,0.10276042741570449,0.0205520854831409
216.91462500000003,0.20548668453127733,0.10274334226563867,0.020548668453127736
217.08000000000004,0.20545090468491162,0.10272545234245581,0.020545090468491164
217.24537500000002,0.20541351680307007,0.10270675840153504,0.020541351680307008
217.41075000000004,0.20537452243909604,0.10268726121954802,0.020537452243909605
217.57612500000005,0.20533392318908578,0.10266696159454289,0.020533392318908578
217.74150000000003,0.20529172069176058,0.10264586034588029,0.02052917206917606
217.90687500000004,0.2052479166283665,0.10262395831418325,0.020524791662836654
218.07225000000003,0.20520251272254314,0.10260125636127157,0.020520251272254313
218.23762500000004,0.20515551074017285,0.10257775537008643,0.020515551074017285
218.40300000000002,0.20510691248958113,0.10255345624479056,0.020510691248958116
218.56837500000003,0.20505671982104368,0.10252835991052184,0.020505671982104366
218.73375000000004,0.2050049346269875,0.10250246731349374,0.02050049346269875
218.89912500000003,0.20495155884176697,0.10247577942088348,0.020495155884176698
219.06450000000004,0.20489659444153857,0.10244829722076929,0.02048965944415386
219.22987500000002,0.204840043444318,0.102420021722159,0.0204840043444318
219.39525000000003,0.20478190790972156,0.10239095395486078,0.020478190790972156
219.56062500000004,0.20472218993886307,0.10236109496943153,0.020472218993886307
219.72600000000003,0.20466089167445697,0.10233044583722849,0.0204660891674457
219.89137500000004,0.20459801530042854,0.10229900765021427,0.02045980153004285
220.05675000000002,0.2045335630420277,0.10226678152101384,0.020453356304202766
220.22212500000003,0.20446753716561847,0.10223376858280923,0.020446753716561846
220.38750000000005,0.2043999399786111,0.10219996998930556,0.02043999399786111
220.55287500000003,0.20433077382930315,0.10216538691465157,0.020433077382930313
220.71825000000004,0.20426004110688367,0.10213002055344184,0.020426004110688366
220.88362500000002,0.20418774424121605,0.10209387212060803,0.020418774424121607
221.04900000000004,0.20411388570276062,0.10205694285138031,0.020411388570276065
221.21437500000005,0.2040384680024202,0.1020192340012101,0.02040384680024202
221.37975000000003,0.2039614936915473,0.10198074684577366,0.02039614936915473
221.54512500000004,0.2038829653616743,0.10194148268083715,0.02038829653616743
221.71050000000002,0.20380288564454357,0.10190144282227179,0.020380288564454358
221.87587500000004,0.20372125721191908,0.10186062860595954,0.02037212572119191
222.04125000000005,0.20363808277540474,0.10181904138770237,0.020363808277540474
222.20662500000003,0.20355336508645663,0.10177668254322832,0.020355336508645665
222.37200000000004,0.20346710693622272,0.10173355346811136,0.020346710693622275
222.53737500000003,0.2033793111553508,0.1016896555776754,0.020337931115535078
222.70275000000004,0.2032899806138736,0.1016449903069368,0.02032899806138736
222.86812500000002,0.20319911822124437,0.10159955911062218,0.02031991182212444
223.03350000000003,0.20310672692606022,0.10155336346303011,0.02031067269260602
223.19887500000004,0.2030128097158828,0.1015064048579414,0.020301280971588283
223.36425000000003,0.20291736961734352,0.10145868480867176,0.020291736961734353
223.52962500000004,0.2028204096957822,0.1014102048478911,0.02028204096957822
223.69500000000002,0.20272193305526423,0.10136096652763212,0.020272193305526424
223.86037500000003,0.20262194283837334,0.10131097141918667,0.020262194283837336
224.02575000000004,0.2025204422261141,0.10126022111305705,0.02025204422261141
224.19112500000003,0.20241743443780547,0.10120871721890273,0.020241743443780547
224.35650000000004,0.20231292273090343,0.10115646136545171,0.020231292273090347
224.52187500000002,0.20220691040088862,0.10110345520044431,0.020220691040088862
224.68725000000003,0.20209940078112287,0.10104970039056144,0.02020994007811229
224.85262500000005,0.2019903972427875,0.10099519862139375,0.02019903972427875
225.01800000000003,0.20187990319455879,0.10093995159727939,0.02018799031945588
225.18337500000004,0.20176792208270702,0.10088396104135351,0.0201767922082707
225.34875000000002,0.20165445739080815,0.10082722869540407,0.020165445739080815
225.51412500000004,0.20153951263965603,0.10076975631982801,0.0201539512639656
225.67950000000005,0.20142309138707098,0.10071154569353549,0.0201423091387071
225.84487500000003,0.20130519722790358,0.10065259861395179,0.020130519722790355
226.01025000000004,0.20118583379369295,0.10059291689684648,0.020118583379369295
226.17562500000003,0.20106500475265401,0.10053250237632701,0.020106500475265403
226.34100000000004,0.2009427138095398,0.1004713569047699,0.02009427138095398
226.50637500000005,0.20081896470543703,0.10040948235271852,0.020081896470543703
226.67175000000003,0.200693761217631,0.1003468806088155,0.0200693761217631
226.83712500000004,0.20056710715951068,0.10028355357975534,0.020056710715951068
227.00250000000003,0.2004390063803933,0.10021950319019665,0.020043900638039333
227.16787500000004,0.20030946276534362,0.10015473138267181,0.02003094627653436
227.33325000000005,0.20017848023508153,0.10008924011754076,0.02001784802350815
227.49862500000003,0.20004606274584535,0.10002303137292268,0.02000460627458454
227.66400000000004,0.19991221428909717,0.09995610714454858,0.019991221428909717
227.82937500000003,0.1997769388915724,0.0998884694457862,0.019977693889157242
227.99475000000004,0.19964024061502683,0.09982012030751342,0.019964024061502685
228.16012500000002,0.19950212355607583,0.09975106177803791,0.019950212355607587
228.32550000000003,0.19936259184613386,0.09968129592306693,0.019936259184613385
228.49087500000005,0.1992216496510118,0.0996108248255059,0.019922164965101182
228.65625000000003,0.19907930117118885,0.09953965058559443,0.019907930117118885
228.82162500000004,0.19893555064120505,0.09946777532060253,0.019893555064120508
228.98700000000002,0.19879040232983286,0.09939520116491643,0.019879040232983286
229.15237500000003,0.1986438605397104,0.0993219302698552,0.01986438605397104
229.31775000000005,0.19849592960735213,0.09924796480367606,0.019849592960735213
229.48312500000003,0.19834661390287278,0.09917330695143639,0.019834661390287278
229.64850000000004,0.198195917829876,0.099097958914938,0.019819591782987603
229.81387500000002,0.19804384582526138,0.09902192291263069,0.01980438458252614
229.97925000000004,0.19789040235914473,0.09894520117957237,0.019789040235914476
230.14462500000005,0.19773559193462276,0.09886779596731138,0.019773559193462274
230.31000000000003,0.19757941908763949,0.09878970954381974,0.019757941908763947
230.47537500000004,0.19742188838671923,0.09871094419335961,0.01974218883867192
230.64075000000003,0.19726300443307124,0.09863150221653562,0.019726300443307126
230.80612500000004,0.19710277186012692,0.09855138593006346,0.019710277186012693
230.97150000000005,0.1969411953335572,0.0984705976667786,0.01969411953335572
231.13687500000003,0.19677827955111232,0.09838913977555616,0.01967782795511123
231.30225000000004,0.19661402924223892,0.09830701462111946,0.019661402924223893
231.46762500000003,0.19644844916823434,0.09822422458411717,0.019644844916823438
231.63300000000004,0.19628154412183996,0.09814077206091998,0.019628154412183994
231.79837500000005,0.19611331892721337,0.09805665946360669,0.019611331892721334
231.96375000000003,0.19594377843965838,0.09797188921982919,0.019594377843965834
232.12912500000004,0.19577292754550554,0.09788646377275277,0.019577292754550554
232.29450000000003,0.19560077116193514,0.09780038558096757,0.019560077116193515
232.45987500000004,0.19542731423683507,0.09771365711841754,0.019542731423683506
232.62525000000002,0.1952525617486054,0.0976262808743027,0.01952525617486054
232.79062500000003,0.1950765187059681,0.09753825935298405,0.01950765187059681
232.95600000000005,0.19489919014779883,0.09744959507389941,0.01948991901477988
233.12137500000003,0.19472058114308174,0.09736029057154087,0.019472058114308174
233.28675000000004,0.1945406967904437,0.09727034839522185,0.019454069679044367
233.45212500000002,0.19435954221837667,0.09717977110918834,0.019435954221837668
233.61750000000004,0.19417712258463737,0.09708856129231869,0.01941771225846374
233.78287500000005,0.1939934430764652,0.0969967215382326,0.019399344307646522
233.94825000000003,0.19380850891016288,0.09690425445508144,0.019380850891016294
234.11362500000004,0.19362232533092816,0.09681116266546408,0.01936223253309282
234.27900000000002,0.19343489761283955,0.09671744880641978,0.019343489761283958
234.44437500000004,0.19324623105858546,0.09662311552929273,0.019324623105858547
234.60975000000005,0.19305633099913821,0.09652816549956911,0.019305633099913826
234.77512500000003,0.19286520279390312,0.09643260139695156,0.01928652027939031
234.94050000000004,0.19267285183018568,0.09633642591509284,0.019267285183018568
235.10587500000003,0.19247928352340674,0.09623964176170337,0.019247928352340675
235.27125000000004,0.19228450331641522,0.09614225165820761,0.01922845033164152
235.43662500000005,0.1920885166798213,0.09604425833991065,0.019208851667982134
235.60200000000003,0.19189132911151247,0.09594566455575623,0.01918913291115125
235.76737500000004,0.19169294613654767,0.09584647306827383,0.019169294613654766
235.93275000000003,0.19149337330701133,0.09574668665350566,0.019149337330701136
236.09812500000004,0.19129261620179522,0.09564630810089761,0.01912926162017952
236.26350000000005,0.1910906804263816,0.0955453402131908,0.019109068042638164
236.42887500000003,0.19088757161268427,0.09544378580634214,0.01908875716126843
236.59425000000005,0.19068329541904983,0.09534164770952491,0.01906832954190498
236.75962500000003,0.19047785752972718,0.09523892876486359,0.019047785752972717
236.92500000000004,0.1902712636549661,0.09513563182748305,0.01902712636549661
237.09037500000002,0.19006351953066886,0.09503175976533443,0.01900635195306689
237.25575000000003,0.18985463091832422,0.09492731545916211,0.018985463091832418
237.42112500000005,0.18964460360483737,0.09482230180241868,0.018964460360483736
237.58650000000003,0.18943344340208504,0.09471672170104252,0.018943344340208505
237.75187500000004,0.18922115614717483,0.09461057807358741,0.01892211561471748
237.91725000000002,0.189007747701786,0.094503873850893,0.018900774770178597
238.08262500000004,0.18879322395232492,0.09439661197616246,0.018879322395232493
238.24800000000005,0.18857759080961647,0.09428879540480824,0.01885775908096165
238.41337500000003,0.18836085420868132,0.09418042710434066,0.018836085420868127
238.57875000000004,0.18814302010866607,0.09407151005433304,0.01881430201086661
238.74412500000003,0.18792409449249964,0.09396204724624982,0.018792409449249963
238.90950000000004,0.18770408336684496,0.09385204168342248,0.0187704083366845
239.07487500000005,0.18748299276181293,0.09374149638090647,0.018748299276181293
239.24025000000003,0.18726082873084965,0.09363041436542482,0.018726082873084963
239.40562500000004,0.18703759735051073,0.09351879867525537,0.018703759735051076
239.57100000000003,0.18681330472019686,0.09340665236009843,0.01868133047201969
239.73637500000004,0.1865879569621869,0.09329397848109346,0.018658795696218693
239.90175000000005,0.18636156022120243,0.09318078011060121,0.01863615602212024
240.06712500000003,0.18613412066433954,0.09306706033216977,0.01861341206643396
240.23250000000004,0.18590564448087427,0.09295282224043713,0.018590564448087425
240.39787500000003,0.18567613788206566,0.09283806894103283,0.01856761378820657
240.56325000000004,0.18544560710090288,0.09272280355045144,0.018544560710090287
240.72862500000005,0.18521405839211283,0.09260702919605641,0.018521405839211285
240.89400000000003,0.18498149803162034,0.09249074901581017,0.01849814980316204
241.05937500000005,0.1847479323167045,0.09237396615835225,0.01847479323167045
241.22475000000003,0.18451336756566117,0.09225668378283058,0.01845133675656612
241.39012500000004,0.18427781011758623,0.09213890505879312,0.018427781011758623
241.55550000000002,0.18404126633221699,0.09202063316610849,0.018404126633221697
241.72087500000004,0.18380374258971272,0.09190187129485636,0.018380374258971276
241.88625000000005,0.1835652452905165,0.09178262264525824,0.01835652452905165
242.05162500000003,0.18332578085518525,0.09166289042759262,0.01833257808551852
242.21700000000004,0.18308535572402837,0.09154267786201419,0.01830853557240284
242.38237500000002,0.18284397635714925,0.09142198817857462,0.018284397635714926
242.54775000000004,0.18260164923406694,0.09130082461703347,0.018260164923406694
242.71312500000005,0.18235838085362388,0.09117919042681194,0.01823583808536239
242.87850000000003,0.18211417773370434,0.09105708886685217,0.018211417773370434
243.04387500000004,0.1818690464111543,0.09093452320557716,0.018186904641115435
243.20925000000003,0.18162299344160443,0.09081149672080222,0.018162299344160443
243.37462500000004,0.18137602539897765,0.09068801269948883,0.018137602539897765
243.54000000000005,0.18112814887576165,0.09056407443788082,0.018112814887576167
243.70537500000003,0.18087937048245095,0.09043968524122548,0.018087937048245097
243.87075000000004,0.1806296968474878,0.0903148484237439,0.018062969684748784
244.03612500000003,0.1803791346170796,0.0901895673085398,0.01803791346170796
244.20150000000004,0.18012769045492039,0.09006384522746019,0.01801276904549204
244.36687500000005,0.179875371042192,0.089937685521096,0.0179875371042192
244.53225000000003,0.17962218307709452,0.08981109153854726,0.01796221830770945
244.69762500000004,0.17936813327484344,0.08968406663742172,0.017936813327484345
244.86300000000003,0.17911322836746085,0.08955661418373043,0.017911322836746082
245.02837500000004,0.17885747510350378,0.08942873755175189,0.01788574751035038
245.19375000000005,0.1786008802479126,0.0893004401239563,0.017860088024791262
245.35912500000003,0.17834345058177525,0.08917172529088763,0.017834345058177527
245.52450000000005,0.1780851929022497,0.08904259645112485,0.01780851929022497
245.68987500000003,0.17782611402228013,0.08891305701114006,0.01778261140222801
245.85525000000004,0.17756622077031683,0.08878311038515842,0.017756622077031683
246.02062500000002,0.17730551999035588,0.08865275999517794,0.017730551999035588
246.18600000000004,0.17704401854143986,0.08852200927071993,0.017704401854143986
246.35137500000005,0.1767817232977642,0.0883908616488821,0.017678172329776424
246.51675000000003,0.17651864114825866,0.08825932057412933,0.017651864114825867
246.68212500000004,0.1762547789965833,0.08812738949829164,0.01762547789965833
246.84750000000003,0.1759901437606377,0.08799507188031885,0.01759901437606377
247.01287500000004,0.17572474237279784,0.08786237118639892,0.017572474237279784
247.17825000000005,0.17545858177925405,0.08772929088962703,0.017545858177925405
247.34362500000003,0.17519166894018334,0.08759583447009167,0.017519166894018334
247.50900000000004,0.17492401082932013,0.08746200541466007,0.017492401082932013
247.67437500000003,0.17465561443396374,0.08732780721698187,0.017465561443396373
247.83975000000004,0.1743864867545086,0.0871932433772543,0.01743864867545086
248.00512500000005,0.17411663480458422,0.08705831740229211,0.017411663480458424
248.17050000000003,0.17384606561054955,0.08692303280527477,0.017384606561054953
248.33587500000004,0.17357478621155403,0.08678739310577702,0.017357478621155404
248.50125000000003,0.1733028036591001,0.08665140182955006,0.017330280365910014
248.66662500000004,0.1730301250169976,0.0865150625084988,0.01730301250169976
248.83200000000005,0.17275675736127546,0.08637837868063773,0.017275675736127545
248.99737500000003,0.1724827077796916,0.0862413538898458,0.01724827077796916
249.16275000000005,0.17220798337178161,0.08610399168589081,0.01722079833717816
249.32812500000003,0.17193259124854635,0.08596629562427317,0.017193259124854633
249.49350000000004,0.171656538532311,0.0858282692661555,0.0171656538532311
249.65887500000005,0.17137983235654938,0.08568991617827469,0.01713798323565494
249.82425000000003,0.17110247986556773,0.08555123993278387,0.017110247986556776
249.98962500000005,0.17082448821443877,0.08541224410721938,0.01708244882144388
250.15500000000003,0.1705458645688263,0.08527293228441316,0.017054586456882632
250.32037500000004,0.17026661610463867,0.08513330805231933,0.01702666161046387
250.48575000000002,0.1699867500079014,0.0849933750039507,0.016998675000790144
250.65112500000004,0.16970627347471728,0.08485313673735864,0.01697062734747173
250.81650000000005,0.16942519371084774,0.08471259685542387,0.016942519371084774
250.98187500000003,0.16914351793158844,0.08457175896579422,0.016914351793158845
251.14725000000004,0.16886125336168034,0.08443062668084017,0.016886125336168033
251.31262500000003,0.16857840723493017,0.08428920361746509,0.016857840723493018
251.47800000000004,0.16829498679429863,0.08414749339714932,0.016829498679429865
251.64337500000005,0.1680109992913212,0.0840054996456606,0.016801099929132122
251.80875000000003,0.1677264519862402,0.0838632259931201,0.016772645198624023
251.97412500000004,0.16744135214766698,0.08372067607383349,0.0167441352147667
252.13950000000003,0.16715570705246066,0.08357785352623033,0.01671557070524607
252.30487500000004,0.1668695239854667,0.08343476199273335,0.016686952398546673
252.47025000000005,0.16658281023931457,0.08329140511965728,0.016658281023931458
252.63562500000003,0.16629557311428989,0.08314778655714494,0.016629557311428993
252.80100000000004,0.16600781991809926,0.08300390995904963,0.016600781991809924
252.96637500000003,0.16571955796571644,0.08285977898285822,0.01657195579657164
253.13175000000004,0.16543079457922877,0.08271539728961438,0.016543079457922875
253.29712500000005,0.16514153708739387,0.08257076854369694,0.01651415370873939
253.46250000000003,0.16485179282586193,0.08242589641293097,0.0164851792825862
253.62787500000005,0.16456156913658038,0.08228078456829019,0.016456156913658038
253.79325000000003,0.16427087336789808,0.08213543668394904,0.01642708733678981
253.95862500000004,0.16397971287423088,0.08198985643711544,0.01639797128742309
254.12400000000005,0.1636880950158569,0.08184404750792845,0.016368809501585688
254.28937500000004,0.16339602715883628,0.08169801357941814,0.01633960271588363
254.45475000000005,0.163103516674671,0.0815517583373355,0.016310351667467103
254.62012500000003,0.16281057094033774,0.08140528547016887,0.016281057094033775
254.78550000000004,0.16251719733778286,0.08125859866889143,0.016251719733778286
254.95087500000002,0.16222340325402557,0.08111170162701278,0.016222340325402554
255.11625000000004,0.16192919608084339,0.08096459804042169,0.01619291960808434
255.28162500000005,0.16163458321457547,0.08081729160728773,0.016163458321457547
255.44700000000003,0.1613395720559573,0.08066978602797865,0.016133957205595732
255.61237500000004,0.16104417000989446,0.08052208500494723,0.016104417000989447
255.77775000000003,0.16074838448533374,0.08037419224266687,0.016074838448533375
255.94312500000004,0.16045222289504543,0.08022611144752272,0.016045222289504543
256.10850000000005,0.16015569265543997,0.08007784632771998,0.016015569265543997
256.27387500000003,0.1598588011863928,0.0799294005931964,0.01598588011863928
256.43925,0.15956155591097704,0.07978077795548852,0.015956155591097705
256.604625,0.1592639642554443,0.07963198212772216,0.015926396425544432
256.77000000000004,0.15896603364892636,0.07948301682446318,0.01589660336489264
256.935375,0.15866777152313594,0.07933388576156797,0.015866777152313594
257.10075,0.15836918531247346,0.07918459265623673,0.015836918531247347
257.26612500000005,0.1580702824535268,0.0790351412267634,0.015807028245352683
257.4315,0.1577710703850895,0.07888553519254475,0.01577710703850895
257.596875,0.15747155654802836,0.07873577827401418,0.015747155654802836
257.76225000000005,0.1571717483848102,0.0785858741924051,0.01571717483848102
257.92762500000003,0.15687165333961467,0.07843582666980733,0.015687165333961466
258.093,0.15657127885801891,0.07828563942900946,0.01565712788580189
258.258375,0.15627063238674085,0.07813531619337043,0.015627063238674088
258.42375000000004,0.15596972137366077,0.07798486068683039,0.015596972137366077
258.589125,0.15566855326751233,0.07783427663375617,0.015566855326751235
258.7545,0.15536713551756653,0.07768356775878327,0.015536713551756651
258.91987500000005,0.15506547557378775,0.07753273778689387,0.015506547557378774
259.08525000000003,0.15476358088641134,0.07738179044320567,0.015476358088641132
259.250625,0.15446145890564608,0.07723072945282304,0.015446145890564606
259.416,0.15415911708181884,0.07707955854090942,0.015415911708181882
259.58137500000004,0.15385656286501825,0.07692828143250913,0.015385656286501827
259.74675,0.153553803704844,0.076776901852422,0.015355380370484402
259.912125,0.1532508470504238,0.0766254235252119,0.01532508470504238
260.07750000000004,0.15294770035002464,0.07647385017501232,0.015294770035002464
260.242875,0.15264437105098602,0.07632218552549301,0.015264437105098602
260.40825,0.152340866599523,0.0761704332997615,0.015234086659952302
260.57362500000005,0.1520371944406302,0.0760185972203151,0.01520371944406302
260.73900000000003,0.15173336201773088,0.07586668100886544,0.01517333620177309
260.904375,0.15142937677254423,0.07571468838627211,0.015142937677254421
261.06975,0.15112524614516706,0.07556262307258353,0.015112524614516705
261.23512500000004,0.15082097757339202,0.07541048878669601,0.015082097757339203
261.4005,0.15051657849309003,0.07525828924654501,0.015051657849309005
261.565875,0.1502120563376039,0.07510602816880195,0.015021205633760394
261.73125,0.14990741853785605,0.07495370926892803,0.014990741853785607
261.89662500000003,0.14960267252192733,0.07480133626096366,0.014960267252192735
262.062,0.14929782571512912,0.07464891285756456,0.014929782571512912
262.227375,0.14899288553958923,0.07449644276979461,0.01489928855395892
262.39275000000004,0.14868785941428275,0.07434392970714138,0.014868785941428275
262.558125,0.14838275475477028,0.07419137737738514,0.01483827547547703
262.7235,0.1480775789730445,0.07403878948652225,0.01480775789730445
262.888875,0.14777233947723178,0.07388616973861589,0.01477723394772318
263.05425,0.14746704367171198,0.07373352183585599,0.014746704367171199
263.219625,0.14716169895662315,0.07358084947831157,0.014716169895662315
263.385,0.1468563127278726,0.0734281563639363,0.014685631272787263
263.55037500000003,0.14655089237693594,0.07327544618846797,0.014655089237693594
263.71575,0.1462454452907578,0.0731227226453789,0.01462454452907578
263.881125,0.14593997885131288,0.07296998942565644,0.014593997885131285
264.04650000000004,0.1456345004357816,0.0728172502178908,0.01456345004357816
264.211875,0.1453290174162105,0.07266450870810524,0.01453290174162105
264.37725,0.145023537159303,0.0725117685796515,0.0145023537159303
264.542625,0.14471806702633705,0.07235903351316852,0.014471806702633705
264.708,0.14441261437293612,0.07220630718646806,0.014441261437293611
264.873375,0.1441071865490753,0.07205359327453766,0.01441071865490753
265.03875,0.14380179089857575,0.07190089544928788,0.014380179089857574
265.20412500000003,0.14349643475925536,0.07174821737962768,0.014349643475925534
265.3695,0.14319112546258628,0.07159556273129314,0.014319112546258627
265.534875,0.14288587033373562,0.07144293516686781,0.014288587033373563
265.70025000000004,0.14258067669106583,0.07129033834553292,0.014258067669106584
265.865625,0.1422755518462061,0.07113777592310305,0.01422755518462061
266.031,0.14197050310399875,0.07098525155199938,0.014197050310399875
266.196375,0.14166553776192795,0.07083276888096397,0.014166553776192794
266.36175000000003,0.14136066311043657,0.07068033155521829,0.014136066311043655
266.527125,0.14105588643243705,0.07052794321621852,0.014105588643243707
266.6925,0.14075121500319623,0.07037560750159812,0.014075121500319622
266.85787500000004,0.1404466560903641,0.07022332804518205,0.014044665609036411
267.02325,0.1401422169536093,0.07007110847680464,0.014014221695360927
267.188625,0.13983790484444525,0.06991895242222262,0.013983790484444529
267.354,0.1395337270063623,0.06976686350318115,0.013953372700636232
267.519375,0.1392296906742525,0.06961484533712625,0.013922969067425251
267.68475,0.13892580307461921,0.06946290153730961,0.013892580307461922
267.850125,0.1386220714250685,0.06931103571253425,0.013862207142506848
268.01550000000003,0.13831850293457937,0.06915925146728968,0.013831850293457938
268.180875,0.1380151048029375,0.06900755240146875,0.013801510480293749
268.34625,0.13771188422087632,0.06885594211043816,0.013771188422087634
268.51162500000004,0.13740884836966655,0.06870442418483327,0.013740884836966656
268.677,0.1371060044212644,0.0685530022106322,0.01371060044212644
268.842375,0.1368033595377965,0.06840167976889824,0.013680335953779647
269.00775,0.13650092087174495,0.06825046043587248,0.013650092087174494
269.173125,0.13619869556556363,0.06809934778278182,0.013619869556556363
269.3385,0.13589669075170896,0.06794834537585448,0.013589669075170898
269.503875,0.1355949135521999,0.06779745677609995,0.013559491355219992
269.66925000000003,0.1352933710788379,0.06764668553941895,0.013529337107883793
269.834625,0.13499207043279737,0.06749603521639869,0.013499207043279737
270.0,0.1346910187045794,0.0673455093522897,0.013469101870457939
