{"stars":[{"id":"proxima","ids":{"hip":70890,"gaiaDr":"Gaia DR3 5853498713190525696","name":"Proxima Centauri"},"hrCategory":"ms-m","astrometry":{"raDeg":217.4292,"decDeg":-62.6795,"parallaxMas":768.5,"pmRaMasYr":3775.8,"pmDecMasYr":765.5,"radialVelocityKmS":-22.3,"refEpochJyr":2016},"photometry":{"absMag":15.5,"band":"G","metallicityFeH":-0.01},"vectors":{"heliocentric":{"x":-14634115974123278,"y":-11200448792195356,"z":-35673126010627784,"unit":"m"},"lsrVelocity":{"vx":-5.740535733228495,"vy":21.9634180393246,"vz":-8.485157920670353,"unit":"km/s"},"helioVelocity":{"vx":18.951945679613615,"vy":-14.82459872422292,"vz":21.97973167891151,"unit":"km/s"}},"epochMs":1763696773601,"distancePc":1.3012361743656475,"nav":{"frame":"heliocentric-icrs"}},{"id":"alpha-cen-a","ids":{"hip":71683,"gaiaDr":"Gaia DR3 5853498713190525696","name":"Alpha Centauri A"},"hrCategory":"ms-g","astrometry":{"raDeg":219.9021,"decDeg":-60.8339,"parallaxMas":747.17,"pmRaMasYr":-3619.4,"pmDecMasYr":686.1,"radialVelocityKmS":-22.4,"refEpochJyr":2016},"photometry":{"absMag":4.38,"band":"G","metallicityFeH":0.24},"vectors":{"heliocentric":{"x":-15439793707943564,"y":-12910632909794424,"z":-36062024631361144,"unit":"m"},"lsrVelocity":{"vx":-36.36906187566655,"vy":-8.667125492203178,"vz":8.537937541833372,"unit":"km/s"},"helioVelocity":{"vx":-9.272075949219273,"vy":22.18064288762588,"vz":21.68132492561301,"unit":"km/s"}},"epochMs":1763696773601,"distancePc":1.338383500408207,"nav":{"frame":"heliocentric-icrs"}},{"id":"barnard","ids":{"hip":87937,"gaiaDr":"Gaia DR3 4503815905680703360","name":"Barnard's Star"},"hrCategory":"ms-m","astrometry":{"raDeg":269.4521,"decDeg":4.6934,"parallaxMas":548.3,"pmRaMasYr":-802.9,"pmDecMasYr":10362.4,"radialVelocityKmS":-110.6,"refEpochJyr":2016},"photometry":{"absMag":13.2,"band":"G","metallicityFeH":-0.4},"vectors":{"heliocentric":{"x":-536346725190452.1,"y":-56085904353185990,"z":4604807006120671,"unit":"m"},"lsrVelocity":{"vx":-148.22446105478886,"vy":-5.680365303473457,"vz":13.337942407682036,"unit":"km/s"},"helioVelocity":{"vx":-5.817195957580341,"vy":117.62079568934705,"vz":80.24070361597691,"unit":"km/s"}},"epochMs":1763696773601,"distancePc":1.8238190771475469,"nav":{"frame":"heliocentric-icrs"}}],"page":1,"pageSize":20000,"total":3,"radiusPc":200,"epochMs":1763696773601,"boundsAu":{"min":{"x":-103208.64619060092,"y":-374911.1139800868,"z":-241059.7454537242},"max":{"x":-3585.256412278949,"y":-74870.37575993624,"z":30781.233613645752}},"agg":{"meanLsrVelocityKmS":{"vx":-63.444686221227975,"vy":2.538642414549322,"vz":4.4635740096150185},"numberDensityPerCubicPc":8.952465548919114e-8}}